2026-07-11 23:36:16 |INF| app > Seanime 3.8.7-Kanata
2026-07-11 23:36:16 |INF| app > OS: linux
2026-07-11 23:36:16 |INF| app > Arch: amd64
2026-07-11 23:36:16 |INF| app > Processor count: 8
2026-07-11 23:36:16 |DBG| app > Initializing config
2026-07-11 23:36:16 |INF| app > Data directory: /home/csy20/.config/Seanime
2026-07-11 23:36:16 |INF| app > Working directory: /tmp/.mount_seanimID7AkY/resources/binaries
2026-07-11 23:36:16 |INF| app > Desktop sidecar mode enabled
2026-07-11 23:36:16 |INF| app > Deleted 1 log files older than 14 days
2026-07-11 23:36:16 |INF| db > Database instantiated name=seanime.db
2026-07-11 23:36:16 |DBG| db > Local files retrieved
2026-07-11 23:36:16 |DBG| database > Starting cleanup operations
2026-07-11 23:36:16 |DBG| database > Cleanup operations completed
2026-07-11 23:36:16 |INF| ws > Monitoring connection as desktop sidecar
2026-07-11 23:36:16 |DBG| custom source > Manager created, loading extensions id=602feab7-2b20-4702-beb4-7049bec2b6a1
2026-07-11 23:36:16 |DBG| custom source > Manager created, loading extensions id=bee0a3ef-91e7-44d4-8757-246d57831955
2026-07-11 23:36:16 |INF| local platform > Database instantiated name=local.db
2026-07-11 23:36:16 |DBG| custom source > Manager created, loading extensions id=14a6b4aa-337b-423a-bf2e-a403f0bcb272
2026-07-11 23:36:16 |DBG| app > Checking for version migrations
2026-07-11 23:36:16 |INF| continuity > Initialized manager
2026-07-11 23:36:16 |DBG| manga downloader > Reading download directory
2026-07-11 23:36:16 |TRC| ws > Sending message type=refreshed-manga-download-data
2026-07-11 23:36:16 |DBG| app > Refreshing modules
2026-07-11 23:36:16 |TRC| torrent repo > Setting settings
2026-07-11 23:36:16 |TRC| videocore > Setting settings
2026-07-11 23:36:16 |INF| app > Refreshed modules
2026-07-11 23:36:16 |TRC| extensions > Loading external extensions
2026-07-11 23:36:16 |TRC| extensions > Interrupting Goja VMs
2026-07-11 23:36:16 |INF| nakama > Stopping host services
2026-07-11 23:36:16 |INF| watcher > Watching directories: [/home/csy20/Videos/titles]
2026-07-11 23:36:16 |DBG| extensions > Killed Goja VMs count=0
2026-07-11 23:36:16 |TRC| extensions > Unloading external extensions
2026-07-11 23:36:16 |DBG| extensions > Unloaded external extensions count=0
2026-07-11 23:36:16 |DBG| extensions > Loaded external extensions
2026-07-11 23:36:16 |TRC| ws > Sending message type=extensions-reloaded
2026-07-11 23:36:16 |DBG| nakama > Settings updated isHost=false remoteURL= username=Peer_7t19jzcw
2026-07-11 23:36:16 |DBG| app > Fetching Anilist data
2026-07-11 23:36:16 |ERR| app > Failed to login to qBittorrent error="Post \"http://127.0.0.1:8081/api/v2/auth/login\": dial tcp 127.0.0.1:8081: connect: connection refused"
2026-07-11 23:36:16 |INF| watcher > Library size: 0 B
2026-07-11 23:36:16 |INF| app > Authenticated to AniList
2026-07-11 23:36:16 |INF| app > Fetched Anilist data
2026-07-11 23:36:16 |DBG| anilist > Fetching anime collection
2026-07-11 23:36:16 |INF| mediastream > Module initialized
2026-07-11 23:36:16 |TRC| extensions > Checking for updates
2026-07-11 23:36:16 |DBG| extensions > Retrieved update info haveUpdates=0
2026-07-11 23:36:16 |DBG| extensions > Loaded built-in manga provider extension id=local-manga
2026-07-11 23:36:16 |DBG| extensions > Loaded built-in extension id=local-manga
2026-07-11 23:36:16 |TRC| ws > Sending message type=extensions-reloaded
2026-07-11 23:36:16 |TRC| extensions > Loading external extensions
2026-07-11 23:36:16 |TRC| extensions > Interrupting Goja VMs
2026-07-11 23:36:16 |DBG| extensions > Killed Goja VMs count=0
2026-07-11 23:36:16 |TRC| extensions > Unloading external extensions
2026-07-11 23:36:16 |DBG| extensions > Unloaded external extensions count=0
2026-07-11 23:36:16 |INF| torrentstream > Initialized torrent client on port 43213
2026-07-11 23:36:16 |TRC| torrentstream > Dropping all torrents
2026-07-11 23:36:16 |DBG| torrentstream > Dropped all torrents
2026-07-11 23:36:16 |TRC| torrentstream > Subscribing to video core events
2026-07-11 23:36:16 |INF| torrentstream > Module initialized
2026-07-11 23:36:16 |INF| app > Serving embedded web interface
2026-07-11 23:36:16 |INF| app > Web assets path: /home/csy20/.config/Seanime/assets
2026-07-11 23:36:16 |INF| app > Manga downloads path: /home/csy20/.config/Seanime/manga
2026-07-11 23:36:16 |INF| app > Offline assets path: /home/csy20/.config/Seanime/offline/assets
2026-07-11 23:36:16 |INF| app > Server Address: 127.0.0.1:43211
2026-07-11 23:36:16 |TRC| goja runtime > Pre-warming pool size=5
2026-07-11 23:36:16 |DBG| extensions > Loaded external extension id=Acgnx
2026-07-11 23:36:16 |TRC| goja runtime > Pre-warming pool size=5
2026-07-11 23:36:16 |DBG| extensions > Loaded external extension id=AniLiberty
2026-07-11 23:36:16 |TRC| goja runtime > Pre-warming pool size=5
2026-07-11 23:36:16 |DBG| extensions > Loaded external extension id=acg-rip-provider
2026-07-11 23:36:16 |DBG| extensions > Loaded external extensions
2026-07-11 23:36:16 |TRC| ws > Sending message type=extensions-reloaded
2026-07-11 23:36:16 |TRC| method=GET status=200 uri=/api/v1/status latency_human=4.298926ms
2026-07-11 23:36:16 |INF| app > Seanime started at http://127.0.0.1:43211
2026-07-11 23:36:16 |TRC| ws > Sending message type=check-for-announcements
2026-07-11 23:36:17 |TRC| method=GET status=200 uri=/api/v1/status latency_human="257.322µs"
2026-07-11 23:36:17 |DBG| ws > Client connected id=7e167c40-eb31-40be-ab72-4baba32051a3 platform=denshi
2026-07-11 23:36:18 |TRC| method=GET status=200 uri=/api/v1/status latency_human="374.03µs"
2026-07-11 23:36:18 |TRC| method=GET status=200 uri=/api/v1/status latency_human="306.353µs"
2026-07-11 23:36:18 |WRN| anilist > Successful Request (slow) rlr=29 rtt=1.976s
2026-07-11 23:36:18 |TRC| ws > Sending message type=refreshed-anilist-anime-collection
2026-07-11 23:36:18 |TRC| ws > Sending message type=server-ready
2026-07-11 23:36:18 |DBG| anilist > Fetching manga collection
2026-07-11 23:36:18 |TRC| method=GET status=200 uri=/api/v1/status latency_human="183.574µs"
2026-07-11 23:36:18 |TRC| method=GET status=200 uri=/api/v1/anilist/collection latency_human="179.405µs"
2026-07-11 23:36:18 |TRC| method=GET status=200 uri=/api/v1/library/collection latency_human=4.001389ms
2026-07-11 23:36:18 |DBG| anilist > Fetching manga collection
2026-07-11 23:36:18 |TRC| method=GET status=200 uri=/api/v1/auto-downloader/items latency_human=1.393819ms
2026-07-11 23:36:18 |TRC| method=GET status=200 uri=/api/v1/library/missing-episodes latency_human=1.592751ms
2026-07-11 23:36:18 |TRC| method=GET status=200 uri=/api/v1/extensions/list latency_human="515.796µs"
2026-07-11 23:36:18 |TRC| method=GET status=200 uri=/api/v1/nakama/room/available latency_human="151.914µs"
2026-07-11 23:36:18 |TRC| method=GET status=200 uri=/api/v1/extensions/list/development latency_human="134.612µs"
2026-07-11 23:36:18 |TRC| method=GET status=200 uri=/api/v1/extensions/plugin-settings latency_human="765.031µs"
2026-07-11 23:36:18 |TRC| method=GET status=200 uri=/api/v1/extensions/updates latency_human="154.629µs"
2026-07-11 23:36:18 |TRC| method=GET status=200 uri=/api/v1/status/home-items latency_human="242.133µs"
2026-07-11 23:36:18 |TRC| method=GET status=200 uri=/api/v1/continuity/history latency_human="995.923µs"
2026-07-11 23:36:18 |TRC| method=GET status=200 uri=/api/v1/manga/latest-chapter-numbers latency_human=1.435437ms
2026-07-11 23:36:18 |TRC| method=GET status=200 uri=/api/v1/extensions/list/manga-provider latency_human="853.467µs"
2026-07-11 23:36:18 |TRC| method=POST status=200 uri=/api/v1/announcements latency_human="287.598µs"
2026-07-11 23:36:18 |TRC| method=GET status=200 uri=/api/v1/status/home-items latency_human="73.037µs"
2026-07-11 23:36:18 |TRC| method=POST status=200 uri=/api/v1/extensions/all latency_human=1.513803ms
2026-07-11 23:36:18 |TRC| method=GET status=200 uri=/api/v1/extensions/list/custom-source latency_human="159.569µs"
2026-07-11 23:36:18 |TRC| method=GET status=200 uri=/api/v1/continuity/history latency_human="500.897µs"
2026-07-11 23:36:19 |WRN| anilist > Successful Request (slow) rlr=28 rtt=917ms
2026-07-11 23:36:19 |TRC| ws > Sending message type=refreshed-anilist-manga-collection
2026-07-11 23:36:19 |WRN| anilist > Successful Request (slow) rlr=27 rtt=926ms
2026-07-11 23:36:19 |TRC| method=GET status=200 uri=/api/v1/manga/collection latency_human=928.421988ms
2026-07-11 23:36:19 |TRC| method=GET status=200 uri=/api/v1/latest-update latency_human=1.255107851s
2026-07-11 23:36:20 |WRN| anilist > Long Request rlr=26 rtt=1.454s
2026-07-11 23:36:20 |TRC| method=GET status=200 uri=/api/v1/changelog?before=3.9.1&after=3.8.7 latency_human=324.86231ms
2026-07-11 23:36:20 |TRC| method=POST status=200 uri=/api/v1/anilist/list-anime latency_human=1.460054839s
2026-07-11 23:36:20 |TRC| method=GET status=200 uri=/api/v1/status latency_human="562.773µs"
2026-07-11 23:36:22 |TRC| method=GET status=200 uri=/api/v1/status latency_human="219.742µs"
2026-07-11 23:36:24 |TRC| method=GET status=200 uri=/api/v1/status latency_human="180.968µs"
2026-07-11 23:36:26 |TRC| method=GET status=200 uri=/api/v1/status latency_human="144.26µs"
2026-07-11 23:36:28 |TRC| method=GET status=200 uri=/api/v1/status latency_human="218.914µs"
2026-07-11 23:36:30 |TRC| method=GET status=200 uri=/api/v1/status latency_human="209.477µs"
2026-07-11 23:36:32 |TRC| method=GET status=200 uri=/api/v1/status latency_human="292.842µs"
2026-07-11 23:36:34 |TRC| method=GET status=200 uri=/api/v1/status latency_human="162.821µs"
2026-07-11 23:36:36 |TRC| method=GET status=200 uri=/api/v1/status latency_human="127.837µs"
2026-07-11 23:36:38 |TRC| method=GET status=200 uri=/api/v1/status latency_human="138.557µs"
2026-07-11 23:36:40 |TRC| method=GET status=200 uri=/api/v1/status latency_human="125.343µs"
2026-07-11 23:36:42 |TRC| method=GET status=200 uri=/api/v1/status latency_human="139.169µs"
2026-07-11 23:36:44 |TRC| method=GET status=200 uri=/api/v1/status latency_human="152.344µs"
2026-07-11 23:36:46 |TRC| method=GET status=200 uri=/api/v1/status latency_human="147.205µs"
2026-07-11 23:36:48 |TRC| method=GET status=200 uri=/api/v1/status latency_human="241.55µs"
2026-07-11 23:36:50 |TRC| method=GET status=200 uri=/api/v1/status latency_human="185.305µs"
2026-07-11 23:36:52 |TRC| method=GET status=200 uri=/api/v1/status latency_human="259.374µs"
2026-07-11 23:36:54 |TRC| method=GET status=200 uri=/api/v1/status latency_human="183.944µs"
2026-07-11 23:36:56 |TRC| method=GET status=200 uri=/api/v1/status latency_human="161.411µs"
2026-07-11 23:36:58 |TRC| method=GET status=200 uri=/api/v1/status latency_human="156.954µs"
2026-07-11 23:37:00 |TRC| method=GET status=200 uri=/api/v1/status latency_human="222.857µs"
2026-07-11 23:37:02 |TRC| method=GET status=200 uri=/api/v1/status latency_human="224.389µs"
2026-07-11 23:37:04 |TRC| method=GET status=200 uri=/api/v1/status latency_human="347.7µs"
2026-07-11 23:37:06 |TRC| method=GET status=200 uri=/api/v1/status latency_human="138.709µs"
2026-07-11 23:37:08 |TRC| method=GET status=200 uri=/api/v1/status latency_human="155.832µs"
2026-07-11 23:37:10 |TRC| method=GET status=200 uri=/api/v1/status latency_human="173.645µs"
2026-07-11 23:37:12 |TRC| method=GET status=200 uri=/api/v1/status latency_human="163.186µs"
2026-07-11 23:37:14 |TRC| method=GET status=200 uri=/api/v1/status latency_human="277.269µs"
2026-07-11 23:37:16 |TRC| method=GET status=200 uri=/api/v1/status latency_human="293.92µs"
2026-07-11 23:37:18 |TRC| method=GET status=200 uri=/api/v1/status latency_human="217.998µs"
2026-07-11 23:37:20 |TRC| method=GET status=200 uri=/api/v1/status latency_human="238.506µs"
2026-07-11 23:37:22 |TRC| method=GET status=200 uri=/api/v1/status latency_human="300.362µs"
2026-07-11 23:37:24 |TRC| method=GET status=200 uri=/api/v1/status latency_human="217.547µs"
2026-07-11 23:37:26 |TRC| method=GET status=200 uri=/api/v1/status latency_human="151.113µs"
2026-07-11 23:37:28 |TRC| method=GET status=200 uri=/api/v1/status latency_human="195.876µs"
2026-07-11 23:37:30 |TRC| method=GET status=200 uri=/api/v1/status latency_human="222.156µs"
2026-07-11 23:37:32 |TRC| method=GET status=200 uri=/api/v1/status latency_human="160.926µs"
2026-07-11 23:37:34 |TRC| method=GET status=200 uri=/api/v1/status latency_human="213.682µs"
2026-07-11 23:37:36 |TRC| method=GET status=200 uri=/api/v1/status latency_human="164.592µs"
2026-07-11 23:37:38 |TRC| method=GET status=200 uri=/api/v1/status latency_human="375.824µs"
2026-07-11 23:37:40 |TRC| method=GET status=200 uri=/api/v1/status latency_human="208.818µs"
2026-07-11 23:37:42 |TRC| method=GET status=200 uri=/api/v1/status latency_human=2.06443ms
2026-07-11 23:37:44 |TRC| method=GET status=200 uri=/api/v1/status latency_human="712.675µs"
2026-07-11 23:37:46 |TRC| method=GET status=200 uri=/api/v1/status latency_human="174.325µs"
2026-07-11 23:37:48 |TRC| method=GET status=200 uri=/api/v1/status latency_human="154.404µs"
2026-07-11 23:37:50 |TRC| method=GET status=200 uri=/api/v1/status latency_human="198.24µs"
2026-07-11 23:37:52 |TRC| method=GET status=200 uri=/api/v1/status latency_human="127.982µs"
2026-07-11 23:37:54 |TRC| method=GET status=200 uri=/api/v1/status latency_human="220.492µs"
2026-07-11 23:37:56 |TRC| method=GET status=200 uri=/api/v1/status latency_human="343.913µs"
2026-07-11 23:37:58 |TRC| method=GET status=200 uri=/api/v1/status latency_human="329.973µs"
2026-07-11 23:38:00 |TRC| method=GET status=200 uri=/api/v1/status latency_human="291.518µs"
2026-07-11 23:38:02 |TRC| method=GET status=200 uri=/api/v1/status latency_human="517.355µs"
2026-07-11 23:38:04 |TRC| method=GET status=200 uri=/api/v1/status latency_human="195.99µs"
2026-07-11 23:38:06 |TRC| method=GET status=200 uri=/api/v1/status latency_human="162.204µs"
2026-07-11 23:38:08 |TRC| method=GET status=200 uri=/api/v1/status latency_human="162.675µs"
2026-07-11 23:38:10 |TRC| method=GET status=200 uri=/api/v1/status latency_human="210.727µs"
2026-07-11 23:38:12 |TRC| method=GET status=200 uri=/api/v1/status latency_human="172.483µs"
2026-07-11 23:38:14 |TRC| method=GET status=200 uri=/api/v1/status latency_human="157.233µs"
2026-07-11 23:38:16 |TRC| method=GET status=200 uri=/api/v1/status latency_human="159.396µs"
2026-07-11 23:38:18 |TRC| method=GET status=200 uri=/api/v1/status latency_human="315.316µs"
2026-07-11 23:38:20 |TRC| method=GET status=200 uri=/api/v1/status latency_human="195.235µs"
2026-07-11 23:38:22 |TRC| method=GET status=200 uri=/api/v1/status latency_human="223.609µs"
2026-07-11 23:38:24 |TRC| method=GET status=200 uri=/api/v1/status latency_human="121.683µs"
2026-07-11 23:38:26 |TRC| method=GET status=200 uri=/api/v1/status latency_human="203.811µs"
2026-07-11 23:38:28 |TRC| method=GET status=200 uri=/api/v1/status latency_human="184.503µs"
2026-07-11 23:38:30 |TRC| method=GET status=200 uri=/api/v1/status latency_human="475.118µs"
2026-07-11 23:38:32 |TRC| method=GET status=200 uri=/api/v1/status latency_human="205.353µs"
2026-07-11 23:38:34 |TRC| method=GET status=200 uri=/api/v1/status latency_human="149.435µs"
2026-07-11 23:38:36 |TRC| method=GET status=200 uri=/api/v1/status latency_human="239.407µs"
2026-07-11 23:38:38 |TRC| method=GET status=200 uri=/api/v1/status latency_human="195.102µs"
2026-07-11 23:38:40 |TRC| method=GET status=200 uri=/api/v1/status latency_human="173.661µs"
2026-07-11 23:38:42 |TRC| method=GET status=200 uri=/api/v1/status latency_human="141.79µs"
2026-07-11 23:38:44 |TRC| method=GET status=200 uri=/api/v1/status latency_human="177.858µs"
2026-07-11 23:38:46 |TRC| method=GET status=200 uri=/api/v1/status latency_human="233.614µs"
2026-07-11 23:38:48 |TRC| method=GET status=200 uri=/api/v1/status latency_human="176.826µs"
2026-07-11 23:38:50 |TRC| method=GET status=200 uri=/api/v1/status latency_human="175.624µs"
2026-07-11 23:38:52 |TRC| method=GET status=200 uri=/api/v1/status latency_human="162.79µs"
2026-07-11 23:38:54 |TRC| method=GET status=200 uri=/api/v1/status latency_human="190.051µs"
2026-07-11 23:38:56 |TRC| method=GET status=200 uri=/api/v1/status latency_human="173.6µs"
2026-07-11 23:38:58 |TRC| method=GET status=200 uri=/api/v1/status latency_human="222.262µs"
2026-07-11 23:39:00 |TRC| method=GET status=200 uri=/api/v1/status latency_human="169.862µs"
2026-07-11 23:39:02 |TRC| method=GET status=200 uri=/api/v1/status latency_human="242.781µs"
2026-07-11 23:39:04 |TRC| method=GET status=200 uri=/api/v1/status latency_human="153.922µs"
2026-07-11 23:39:06 |TRC| method=GET status=200 uri=/api/v1/status latency_human="178.609µs"
2026-07-11 23:39:08 |TRC| method=GET status=200 uri=/api/v1/status latency_human="275.272µs"
2026-07-11 23:39:10 |TRC| method=GET status=200 uri=/api/v1/status latency_human="160.053µs"
2026-07-11 23:39:12 |TRC| method=GET status=200 uri=/api/v1/status latency_human="219.536µs"
2026-07-11 23:39:14 |TRC| method=GET status=200 uri=/api/v1/status latency_human="158.631µs"
2026-07-11 23:39:16 |TRC| method=GET status=200 uri=/api/v1/status latency_human="156.928µs"
2026-07-11 23:39:18 |TRC| method=GET status=200 uri=/api/v1/status latency_human="128.203µs"
2026-07-11 23:39:20 |TRC| method=GET status=200 uri=/api/v1/status latency_human="194.328µs"
2026-07-11 23:39:22 |TRC| method=GET status=200 uri=/api/v1/status latency_human="150.415µs"
2026-07-11 23:39:24 |TRC| method=GET status=200 uri=/api/v1/status latency_human="153.661µs"
2026-07-11 23:39:26 |TRC| method=GET status=200 uri=/api/v1/status latency_human="137.229µs"
2026-07-11 23:39:28 |TRC| method=GET status=200 uri=/api/v1/status latency_human="279.179µs"
2026-07-11 23:39:30 |TRC| method=GET status=200 uri=/api/v1/status latency_human="219.536µs"
2026-07-11 23:39:32 |TRC| method=GET status=200 uri=/api/v1/status latency_human="246.958µs"
2026-07-11 23:39:34 |TRC| method=GET status=200 uri=/api/v1/status latency_human="230.306µs"
2026-07-11 23:39:36 |TRC| method=GET status=200 uri=/api/v1/status latency_human="142.52µs"
2026-07-11 23:39:38 |TRC| method=GET status=200 uri=/api/v1/status latency_human="213.244µs"
2026-07-11 23:39:40 |TRC| method=GET status=200 uri=/api/v1/status latency_human="233.082µs"
2026-07-11 23:39:42 |TRC| method=GET status=200 uri=/api/v1/status latency_human="236.519µs"
2026-07-11 23:39:44 |TRC| method=GET status=200 uri=/api/v1/status latency_human="657.264µs"
2026-07-11 23:39:46 |TRC| method=GET status=200 uri=/api/v1/status latency_human="174.999µs"
2026-07-11 23:39:48 |TRC| method=GET status=200 uri=/api/v1/status latency_human="411.707µs"
2026-07-11 23:39:50 |TRC| method=GET status=200 uri=/api/v1/status latency_human="191.941µs"
2026-07-11 23:39:52 |TRC| method=GET status=200 uri=/api/v1/status latency_human="164.388µs"
2026-07-11 23:39:54 |TRC| method=GET status=200 uri=/api/v1/status latency_human="175.079µs"
2026-07-11 23:39:56 |TRC| method=GET status=200 uri=/api/v1/status latency_human="297.555µs"
2026-07-11 23:39:58 |TRC| method=GET status=200 uri=/api/v1/status latency_human="128.898µs"
2026-07-11 23:40:00 |TRC| method=GET status=200 uri=/api/v1/status latency_human="173.565µs"
2026-07-11 23:40:02 |TRC| method=GET status=200 uri=/api/v1/status latency_human="169.697µs"
2026-07-11 23:40:04 |TRC| method=GET status=200 uri=/api/v1/status latency_human="202.239µs"
2026-07-11 23:40:06 |TRC| method=GET status=200 uri=/api/v1/status latency_human="164.387µs"
2026-07-11 23:40:08 |TRC| method=GET status=200 uri=/api/v1/status latency_human="184.856µs"
2026-07-11 23:40:10 |TRC| method=GET status=200 uri=/api/v1/status latency_human="191.378µs"
2026-07-11 23:40:12 |TRC| method=GET status=200 uri=/api/v1/status latency_human="142.424µs"
2026-07-11 23:40:14 |TRC| method=GET status=200 uri=/api/v1/status latency_human="152.914µs"
2026-07-11 23:40:16 |TRC| method=GET status=200 uri=/api/v1/status latency_human="151.792µs"
2026-07-11 23:40:18 |TRC| method=GET status=200 uri=/api/v1/status latency_human="165.528µs"
2026-07-11 23:40:20 |TRC| method=GET status=200 uri=/api/v1/status latency_human="235.302µs"
2026-07-11 23:40:22 |TRC| method=GET status=200 uri=/api/v1/status latency_human="233.418µs"
2026-07-11 23:40:24 |TRC| method=GET status=200 uri=/api/v1/status latency_human="224.671µs"
2026-07-11 23:40:26 |TRC| method=GET status=200 uri=/api/v1/status latency_human="151.32µs"
2026-07-11 23:40:28 |TRC| method=GET status=200 uri=/api/v1/status latency_human="178.101µs"
2026-07-11 23:40:30 |TRC| method=GET status=200 uri=/api/v1/status latency_human="152.713µs"
2026-07-11 23:40:32 |TRC| method=GET status=200 uri=/api/v1/status latency_human="167.531µs"
2026-07-11 23:40:34 |TRC| method=GET status=200 uri=/api/v1/status latency_human="142.212µs"
2026-07-11 23:40:36 |TRC| method=GET status=200 uri=/api/v1/status latency_human="159.245µs"
2026-07-11 23:40:38 |TRC| method=GET status=200 uri=/api/v1/status latency_human="154.045µs"
2026-07-11 23:40:40 |TRC| method=GET status=200 uri=/api/v1/status latency_human="229.139µs"
2026-07-11 23:40:42 |TRC| method=GET status=200 uri=/api/v1/status latency_human="164.856µs"
2026-07-11 23:40:44 |TRC| method=GET status=200 uri=/api/v1/status latency_human="150.508µs"
2026-07-11 23:40:46 |TRC| method=GET status=200 uri=/api/v1/status latency_human="157.621µs"
2026-07-11 23:40:48 |TRC| method=GET status=200 uri=/api/v1/status latency_human="164.574µs"
2026-07-11 23:40:50 |TRC| method=GET status=200 uri=/api/v1/status latency_human="176.197µs"
2026-07-11 23:40:52 |TRC| method=GET status=200 uri=/api/v1/status latency_human="191.196µs"
2026-07-11 23:40:54 |TRC| method=GET status=200 uri=/api/v1/status latency_human="287.158µs"
2026-07-11 23:40:56 |TRC| method=GET status=200 uri=/api/v1/status latency_human="177.729µs"
2026-07-11 23:40:58 |TRC| method=GET status=200 uri=/api/v1/status latency_human="167.731µs"
2026-07-11 23:41:00 |TRC| method=GET status=200 uri=/api/v1/status latency_human="176.437µs"
2026-07-11 23:41:02 |TRC| method=GET status=200 uri=/api/v1/status latency_human="156.589µs"
2026-07-11 23:41:04 |TRC| method=GET status=200 uri=/api/v1/status latency_human="179.933µs"
2026-07-11 23:41:06 |TRC| method=GET status=200 uri=/api/v1/status latency_human="240.438µs"
2026-07-11 23:41:08 |TRC| method=GET status=200 uri=/api/v1/status latency_human="171.937µs"
2026-07-11 23:41:10 |TRC| method=GET status=200 uri=/api/v1/status latency_human="211.915µs"
2026-07-11 23:41:12 |TRC| method=GET status=200 uri=/api/v1/status latency_human="198.669µs"
2026-07-11 23:41:14 |TRC| method=GET status=200 uri=/api/v1/status latency_human="181.707µs"
2026-07-11 23:41:16 |TRC| method=GET status=200 uri=/api/v1/status latency_human="213.517µs"
2026-07-11 23:41:18 |TRC| method=GET status=200 uri=/api/v1/status latency_human="147.952µs"
2026-07-11 23:41:20 |TRC| method=GET status=200 uri=/api/v1/status latency_human="255.076µs"
2026-07-11 23:41:22 |TRC| method=GET status=200 uri=/api/v1/status latency_human="136.671µs"
2026-07-11 23:41:24 |TRC| method=GET status=200 uri=/api/v1/status latency_human="215.55µs"
2026-07-11 23:41:26 |TRC| method=GET status=200 uri=/api/v1/status latency_human="164.403µs"
2026-07-11 23:41:28 |TRC| method=GET status=200 uri=/api/v1/status latency_human="195.933µs"
2026-07-11 23:41:30 |TRC| method=GET status=200 uri=/api/v1/status latency_human="124.918µs"
2026-07-11 23:41:32 |TRC| method=GET status=200 uri=/api/v1/status latency_human="240.868µs"
2026-07-11 23:41:34 |TRC| method=GET status=200 uri=/api/v1/status latency_human="245.357µs"
2026-07-11 23:41:36 |TRC| method=GET status=200 uri=/api/v1/status latency_human="213.867µs"
2026-07-11 23:41:38 |TRC| method=GET status=200 uri=/api/v1/status latency_human="197.797µs"
2026-07-11 23:41:40 |TRC| method=GET status=200 uri=/api/v1/status latency_human="157.159µs"
2026-07-11 23:41:42 |TRC| method=GET status=200 uri=/api/v1/status latency_human="190.392µs"
2026-07-11 23:41:44 |TRC| method=GET status=200 uri=/api/v1/status latency_human="186.164µs"
2026-07-11 23:41:46 |TRC| method=GET status=200 uri=/api/v1/status latency_human="160.145µs"
2026-07-11 23:41:48 |TRC| method=GET status=200 uri=/api/v1/status latency_human="166.416µs"
2026-07-11 23:41:50 |TRC| method=GET status=200 uri=/api/v1/status latency_human="232.282µs"
2026-07-11 23:41:52 |TRC| method=GET status=200 uri=/api/v1/status latency_human="223.766µs"
2026-07-11 23:41:54 |TRC| method=GET status=200 uri=/api/v1/status latency_human="194.189µs"
2026-07-11 23:41:56 |TRC| method=GET status=200 uri=/api/v1/status latency_human="358.942µs"
2026-07-11 23:41:58 |TRC| method=GET status=200 uri=/api/v1/status latency_human="197.075µs"
2026-07-11 23:42:00 |TRC| method=GET status=200 uri=/api/v1/status latency_human="225.288µs"
2026-07-11 23:42:02 |TRC| method=GET status=200 uri=/api/v1/status latency_human="304.228µs"
2026-07-11 23:42:04 |TRC| method=GET status=200 uri=/api/v1/status latency_human="231.45µs"
2026-07-11 23:42:06 |TRC| method=GET status=200 uri=/api/v1/status latency_human="202.475µs"
2026-07-11 23:42:08 |TRC| method=GET status=200 uri=/api/v1/status latency_human="212.293µs"
2026-07-11 23:42:10 |TRC| method=GET status=200 uri=/api/v1/status latency_human="173.78µs"
2026-07-11 23:42:12 |TRC| method=GET status=200 uri=/api/v1/status latency_human="280.613µs"
2026-07-11 23:42:14 |TRC| method=GET status=200 uri=/api/v1/status latency_human="164.813µs"
2026-07-11 23:42:16 |TRC| method=GET status=200 uri=/api/v1/status latency_human="169.272µs"
2026-07-11 23:42:18 |TRC| method=GET status=200 uri=/api/v1/status latency_human="162.819µs"
2026-07-11 23:42:20 |TRC| method=GET status=200 uri=/api/v1/status latency_human="184.561µs"
2026-07-11 23:42:22 |TRC| method=GET status=200 uri=/api/v1/status latency_human="221.48µs"
2026-07-11 23:42:24 |TRC| method=GET status=200 uri=/api/v1/status latency_human="177.237µs"
2026-07-11 23:42:26 |TRC| method=GET status=200 uri=/api/v1/status latency_human="266.406µs"
2026-07-11 23:42:28 |TRC| method=GET status=200 uri=/api/v1/status latency_human="240.306µs"
2026-07-11 23:42:30 |TRC| method=GET status=200 uri=/api/v1/status latency_human="152.059µs"
2026-07-11 23:42:32 |TRC| method=GET status=200 uri=/api/v1/status latency_human="155.746µs"
2026-07-11 23:42:34 |TRC| method=GET status=200 uri=/api/v1/status latency_human="175.994µs"
2026-07-11 23:42:36 |TRC| method=GET status=200 uri=/api/v1/status latency_human="191.704µs"
2026-07-11 23:42:38 |TRC| method=GET status=200 uri=/api/v1/status latency_human="175.353µs"
2026-07-11 23:42:40 |TRC| method=GET status=200 uri=/api/v1/status latency_human="198.026µs"
2026-07-11 23:42:42 |TRC| method=GET status=200 uri=/api/v1/status latency_human="245.687µs"
2026-07-11 23:42:44 |TRC| method=GET status=200 uri=/api/v1/status latency_human="155.966µs"
2026-07-11 23:42:46 |TRC| method=GET status=200 uri=/api/v1/status latency_human="237.641µs"
2026-07-11 23:42:48 |TRC| method=GET status=200 uri=/api/v1/status latency_human="172.207µs"
2026-07-11 23:42:50 |TRC| method=GET status=200 uri=/api/v1/status latency_human="172.297µs"
2026-07-11 23:42:52 |TRC| method=GET status=200 uri=/api/v1/status latency_human="168.459µs"
2026-07-11 23:42:54 |TRC| method=GET status=200 uri=/api/v1/status latency_human="217.562µs"
2026-07-11 23:42:56 |TRC| method=GET status=200 uri=/api/v1/status latency_human="190.321µs"
2026-07-11 23:42:58 |TRC| method=GET status=200 uri=/api/v1/status latency_human="152.84µs"
2026-07-11 23:43:00 |TRC| method=GET status=200 uri=/api/v1/status latency_human="202.705µs"
2026-07-11 23:43:02 |TRC| method=GET status=200 uri=/api/v1/status latency_human="154.282µs"
2026-07-11 23:43:04 |TRC| method=GET status=200 uri=/api/v1/status latency_human="159.773µs"
2026-07-11 23:43:06 |TRC| method=GET status=200 uri=/api/v1/status latency_human="168.019µs"
2026-07-11 23:43:08 |TRC| method=GET status=200 uri=/api/v1/status latency_human="215.859µs"
2026-07-11 23:43:10 |TRC| method=GET status=200 uri=/api/v1/status latency_human="151.547µs"
2026-07-11 23:43:12 |TRC| method=GET status=200 uri=/api/v1/status latency_human="283.548µs"
2026-07-11 23:43:14 |TRC| method=GET status=200 uri=/api/v1/status latency_human="269.892µs"
2026-07-11 23:43:16 |TRC| method=GET status=200 uri=/api/v1/status latency_human="227.201µs"
2026-07-11 23:43:18 |TRC| method=GET status=200 uri=/api/v1/status latency_human="165.494µs"
2026-07-11 23:43:20 |TRC| method=GET status=200 uri=/api/v1/status latency_human="173.098µs"
2026-07-11 23:43:22 |TRC| method=GET status=200 uri=/api/v1/status latency_human="167.708µs"
2026-07-11 23:43:24 |TRC| method=GET status=200 uri=/api/v1/status latency_human="155.865µs"
2026-07-11 23:43:26 |TRC| method=GET status=200 uri=/api/v1/status latency_human="186.353µs"
2026-07-11 23:43:28 |TRC| method=GET status=200 uri=/api/v1/status latency_human="163.901µs"
2026-07-11 23:43:30 |TRC| method=GET status=200 uri=/api/v1/status latency_human="161.587µs"
2026-07-11 23:43:32 |TRC| method=GET status=200 uri=/api/v1/status latency_human="208.375µs"
2026-07-11 23:43:34 |TRC| method=GET status=200 uri=/api/v1/status latency_human="158.721µs"
2026-07-11 23:43:36 |TRC| method=GET status=200 uri=/api/v1/status latency_human="227.641µs"
2026-07-11 23:43:38 |TRC| method=GET status=200 uri=/api/v1/status latency_human="166.777µs"
2026-07-11 23:43:40 |TRC| method=GET status=200 uri=/api/v1/status latency_human="177.196µs"
2026-07-11 23:43:42 |TRC| method=GET status=200 uri=/api/v1/status latency_human="219.877µs"
2026-07-11 23:43:44 |TRC| method=GET status=200 uri=/api/v1/status latency_human="219.476µs"
2026-07-11 23:43:46 |TRC| method=GET status=200 uri=/api/v1/status latency_human="160.485µs"
2026-07-11 23:43:48 |TRC| method=GET status=200 uri=/api/v1/status latency_human="157.168µs"
2026-07-11 23:43:50 |TRC| method=GET status=200 uri=/api/v1/status latency_human="187.956µs"
2026-07-11 23:43:52 |TRC| method=GET status=200 uri=/api/v1/status latency_human="212.813µs"
2026-07-11 23:43:54 |TRC| method=GET status=200 uri=/api/v1/status latency_human="155.905µs"
2026-07-11 23:43:56 |TRC| method=GET status=200 uri=/api/v1/status latency_human="222.685µs"
2026-07-11 23:43:58 |TRC| method=GET status=200 uri=/api/v1/status latency_human="266.657µs"
2026-07-11 23:44:00 |TRC| method=GET status=200 uri=/api/v1/status latency_human="199.903µs"
2026-07-11 23:44:02 |TRC| method=GET status=200 uri=/api/v1/status latency_human="749.347µs"
2026-07-11 23:44:04 |TRC| method=GET status=200 uri=/api/v1/status latency_human="292.726µs"
2026-07-11 23:44:06 |TRC| method=GET status=200 uri=/api/v1/status latency_human="175.037µs"
2026-07-11 23:44:08 |TRC| method=GET status=200 uri=/api/v1/status latency_human="225.29µs"
2026-07-11 23:44:10 |TRC| method=GET status=200 uri=/api/v1/status latency_human="170.248µs"
2026-07-11 23:44:12 |TRC| method=GET status=200 uri=/api/v1/status latency_human="170.098µs"
2026-07-11 23:44:14 |TRC| method=GET status=200 uri=/api/v1/status latency_human="159.408µs"
2026-07-11 23:44:16 |TRC| method=GET status=200 uri=/api/v1/status latency_human="165.839µs"
2026-07-11 23:44:18 |TRC| method=GET status=200 uri=/api/v1/status latency_human="217.096µs"
2026-07-11 23:44:20 |TRC| method=GET status=200 uri=/api/v1/status latency_human="237.484µs"
2026-07-11 23:44:22 |TRC| method=GET status=200 uri=/api/v1/status latency_human="230.901µs"
2026-07-11 23:44:24 |TRC| method=GET status=200 uri=/api/v1/status latency_human="225.421µs"
2026-07-11 23:44:26 |TRC| method=GET status=200 uri=/api/v1/status latency_human="197.739µs"
2026-07-11 23:44:28 |TRC| method=GET status=200 uri=/api/v1/status latency_human="155.13µs"
2026-07-11 23:44:30 |TRC| method=GET status=200 uri=/api/v1/status latency_human=2.188631ms
2026-07-11 23:44:32 |TRC| method=GET status=200 uri=/api/v1/status latency_human="139.341µs"
2026-07-11 23:44:34 |TRC| method=GET status=200 uri=/api/v1/status latency_human="175.097µs"
2026-07-11 23:44:36 |TRC| method=GET status=200 uri=/api/v1/status latency_human="228.638µs"
2026-07-11 23:44:38 |TRC| method=GET status=200 uri=/api/v1/status latency_human="158.076µs"
2026-07-11 23:44:40 |TRC| method=GET status=200 uri=/api/v1/status latency_human="196.278µs"
2026-07-11 23:44:42 |TRC| method=GET status=200 uri=/api/v1/status latency_human="160.37µs"
2026-07-11 23:44:44 |TRC| method=GET status=200 uri=/api/v1/status latency_human="173.605µs"
2026-07-11 23:44:46 |TRC| method=GET status=200 uri=/api/v1/status latency_human="258.844µs"
2026-07-11 23:44:48 |TRC| method=GET status=200 uri=/api/v1/status latency_human="158.567µs"
2026-07-11 23:44:50 |TRC| method=GET status=200 uri=/api/v1/status latency_human="164.709µs"
2026-07-11 23:44:52 |TRC| method=GET status=200 uri=/api/v1/status latency_human="194.885µs"
2026-07-11 23:44:54 |TRC| method=GET status=200 uri=/api/v1/status latency_human="164.218µs"
2026-07-11 23:44:56 |TRC| method=GET status=200 uri=/api/v1/status latency_human="177.343µs"
2026-07-11 23:44:58 |TRC| method=GET status=200 uri=/api/v1/status latency_human="159.108µs"
2026-07-11 23:45:00 |TRC| method=GET status=200 uri=/api/v1/status latency_human="160.261µs"
2026-07-11 23:45:02 |TRC| method=GET status=200 uri=/api/v1/status latency_human="156.473µs"
2026-07-11 23:45:04 |TRC| method=GET status=200 uri=/api/v1/status latency_human="151.324µs"
2026-07-11 23:45:06 |TRC| method=GET status=200 uri=/api/v1/status latency_human="141.997µs"
2026-07-11 23:45:08 |TRC| method=GET status=200 uri=/api/v1/status latency_human="216.797µs"
2026-07-11 23:45:10 |TRC| method=GET status=200 uri=/api/v1/status latency_human="160.12µs"
2026-07-11 23:45:12 |TRC| method=GET status=200 uri=/api/v1/status latency_human="277.351µs"
2026-07-11 23:45:14 |TRC| method=GET status=200 uri=/api/v1/status latency_human="319.99µs"
2026-07-11 23:45:16 |TRC| method=GET status=200 uri=/api/v1/status latency_human="293.1µs"
2026-07-11 23:45:18 |TRC| method=GET status=200 uri=/api/v1/status latency_human="153.208µs"
2026-07-11 23:45:20 |TRC| method=GET status=200 uri=/api/v1/status latency_human="169.989µs"
2026-07-11 23:45:22 |TRC| method=GET status=200 uri=/api/v1/status latency_human="165µs"
2026-07-11 23:45:24 |TRC| method=GET status=200 uri=/api/v1/status latency_human="175.93µs"
2026-07-11 23:45:26 |TRC| method=GET status=200 uri=/api/v1/status latency_human="161.453µs"
2026-07-11 23:45:28 |TRC| method=GET status=200 uri=/api/v1/status latency_human="161.042µs"
2026-07-11 23:45:30 |TRC| method=GET status=200 uri=/api/v1/status latency_human="158.898µs"
2026-07-11 23:45:32 |TRC| method=GET status=200 uri=/api/v1/status latency_human="205.235µs"
2026-07-11 23:45:34 |TRC| method=GET status=200 uri=/api/v1/status latency_human="189.946µs"
2026-07-11 23:45:36 |TRC| method=GET status=200 uri=/api/v1/status latency_human="173.155µs"
2026-07-11 23:45:38 |TRC| method=GET status=200 uri=/api/v1/status latency_human="148.95µs"
2026-07-11 23:45:40 |TRC| method=GET status=200 uri=/api/v1/status latency_human="158.659µs"
2026-07-11 23:45:42 |TRC| method=GET status=200 uri=/api/v1/status latency_human="179.217µs"
2026-07-11 23:45:44 |TRC| method=GET status=200 uri=/api/v1/status latency_human="183.205µs"
2026-07-11 23:45:46 |TRC| method=GET status=200 uri=/api/v1/status latency_human="184.346µs"
2026-07-11 23:45:48 |TRC| method=GET status=200 uri=/api/v1/status latency_human="158.007µs"
2026-07-11 23:45:50 |TRC| method=GET status=200 uri=/api/v1/status latency_human="168.978µs"
2026-07-11 23:45:52 |TRC| method=GET status=200 uri=/api/v1/status latency_human="229.521µs"
2026-07-11 23:45:54 |TRC| method=GET status=200 uri=/api/v1/status latency_human="234.791µs"
2026-07-11 23:45:56 |TRC| method=GET status=200 uri=/api/v1/status latency_human="346.101µs"
2026-07-11 23:45:58 |TRC| method=GET status=200 uri=/api/v1/status latency_human="169.188µs"
2026-07-11 23:46:00 |TRC| method=GET status=200 uri=/api/v1/status latency_human="163.898µs"
2026-07-11 23:46:02 |TRC| method=GET status=200 uri=/api/v1/status latency_human="166.403µs"
2026-07-11 23:46:04 |TRC| method=GET status=200 uri=/api/v1/status latency_human="198.714µs"
2026-07-11 23:46:06 |TRC| method=GET status=200 uri=/api/v1/status latency_human="158.789µs"
2026-07-11 23:46:08 |TRC| method=GET status=200 uri=/api/v1/status latency_human="231.706µs"
2026-07-11 23:46:10 |TRC| method=GET status=200 uri=/api/v1/status latency_human="241.204µs"
2026-07-11 23:46:12 |TRC| method=GET status=200 uri=/api/v1/status latency_human="228.8µs"
2026-07-11 23:46:14 |TRC| method=GET status=200 uri=/api/v1/status latency_human="177.114µs"
2026-07-11 23:46:16 |TRC| method=GET status=200 uri=/api/v1/status latency_human="175.11µs"
2026-07-11 23:46:16 |DBG| anilist > Fetching anime collection
2026-07-11 23:46:16 |TRC| ws > Sending message type=check-for-announcements
2026-07-11 23:46:16 |TRC| method=POST status=200 uri=/api/v1/announcements latency_human="210.225µs"
2026-07-11 23:46:18 |TRC| method=GET status=200 uri=/api/v1/status latency_human="178.496µs"
2026-07-11 23:46:18 |WRN| anilist > Successful Request (slow) rlr=29 rtt=1.684s
2026-07-11 23:46:18 |TRC| ws > Sending message type=refreshed-anilist-anime-collection
2026-07-11 23:46:18 |DBG| anilist > Fetching manga collection
2026-07-11 23:46:18 |TRC| method=GET status=200 uri=/api/v1/library/collection latency_human="104.737µs"
2026-07-11 23:46:18 |TRC| method=GET status=200 uri=/api/v1/library/collection latency_human="80.632µs"
2026-07-11 23:46:18 |TRC| method=GET status=200 uri=/api/v1/anilist/collection latency_human="81.343µs"
2026-07-11 23:46:18 |TRC| method=GET status=200 uri=/api/v1/anilist/collection latency_human="109.225µs"
2026-07-11 23:46:18 |TRC| method=GET status=200 uri=/api/v1/library/missing-episodes latency_human="263.216µs"
2026-07-11 23:46:18 |TRC| method=GET status=200 uri=/api/v1/library/missing-episodes latency_human="77.045µs"
2026-07-11 23:46:19 |INF| anilist > Successful Request rlr=28 rtt=818ms
2026-07-11 23:46:19 |TRC| ws > Sending message type=refreshed-anilist-manga-collection
2026-07-11 23:46:19 |TRC| method=GET status=200 uri=/api/v1/manga/collection latency_human="100.118µs"
2026-07-11 23:46:19 |TRC| method=GET status=200 uri=/api/v1/manga/collection latency_human="227.909µs"
2026-07-11 23:46:20 |TRC| method=GET status=200 uri=/api/v1/status latency_human="273.796µs"
2026-07-11 23:46:22 |TRC| method=GET status=200 uri=/api/v1/status latency_human="170.772µs"
2026-07-11 23:46:24 |TRC| method=GET status=200 uri=/api/v1/status latency_human="165.161µs"
2026-07-11 23:46:26 |TRC| method=GET status=200 uri=/api/v1/status latency_human="171.974µs"
2026-07-11 23:46:28 |TRC| method=GET status=200 uri=/api/v1/status latency_human="160.833µs"
2026-07-11 23:46:30 |TRC| method=GET status=200 uri=/api/v1/status latency_human="183.376µs"
2026-07-11 23:46:32 |TRC| method=GET status=200 uri=/api/v1/status latency_human="252.806µs"
2026-07-11 23:46:34 |TRC| method=GET status=200 uri=/api/v1/status latency_human="208.703µs"
2026-07-11 23:46:36 |TRC| method=GET status=200 uri=/api/v1/status latency_human="217.951µs"
2026-07-11 23:46:38 |TRC| method=GET status=200 uri=/api/v1/status latency_human="191.491µs"
2026-07-11 23:46:40 |TRC| method=GET status=200 uri=/api/v1/status latency_human="210.266µs"
2026-07-11 23:46:42 |TRC| method=GET status=200 uri=/api/v1/status latency_human="255.04µs"
2026-07-11 23:46:44 |TRC| method=GET status=200 uri=/api/v1/status latency_human="232.959µs"
2026-07-11 23:46:46 |TRC| method=GET status=200 uri=/api/v1/status latency_human="246.093µs"
2026-07-11 23:46:48 |TRC| method=GET status=200 uri=/api/v1/status latency_human="193.585µs"
2026-07-11 23:46:50 |TRC| method=GET status=200 uri=/api/v1/status latency_human="170.722µs"
2026-07-11 23:46:52 |TRC| method=GET status=200 uri=/api/v1/status latency_human="153.269µs"
2026-07-11 23:46:54 |TRC| method=GET status=200 uri=/api/v1/status latency_human="239.06µs"
2026-07-11 23:46:56 |TRC| method=GET status=200 uri=/api/v1/status latency_human="304.825µs"
2026-07-11 23:46:58 |TRC| method=GET status=200 uri=/api/v1/status latency_human="358.816µs"
2026-07-11 23:47:00 |TRC| method=GET status=200 uri=/api/v1/status latency_human="233.771µs"
2026-07-11 23:47:02 |TRC| method=GET status=200 uri=/api/v1/status latency_human="269.157µs"
2026-07-11 23:47:04 |TRC| method=GET status=200 uri=/api/v1/status latency_human="153.931µs"
2026-07-11 23:47:06 |TRC| method=GET status=200 uri=/api/v1/status latency_human="168.838µs"
2026-07-11 23:47:08 |TRC| method=GET status=200 uri=/api/v1/status latency_human="202.933µs"
2026-07-11 23:47:10 |TRC| method=GET status=200 uri=/api/v1/status latency_human="186.051µs"
2026-07-11 23:47:12 |TRC| method=GET status=200 uri=/api/v1/status latency_human="158.359µs"
2026-07-11 23:47:14 |TRC| method=GET status=200 uri=/api/v1/status latency_human="161.254µs"
2026-07-11 23:47:16 |TRC| method=GET status=200 uri=/api/v1/status latency_human="226.678µs"
2026-07-11 23:47:18 |TRC| method=GET status=200 uri=/api/v1/status latency_human="189.176µs"
2026-07-11 23:47:20 |TRC| method=GET status=200 uri=/api/v1/status latency_human="158.028µs"
2026-07-11 23:47:22 |TRC| method=GET status=200 uri=/api/v1/status latency_human="264.93µs"
2026-07-11 23:47:24 |TRC| method=GET status=200 uri=/api/v1/status latency_human="162.146µs"
2026-07-11 23:47:26 |TRC| method=GET status=200 uri=/api/v1/status latency_human="216.668µs"
2026-07-11 23:47:28 |TRC| method=GET status=200 uri=/api/v1/status latency_human="194.998µs"
2026-07-11 23:47:30 |TRC| method=GET status=200 uri=/api/v1/status latency_human="220.927µs"
2026-07-11 23:47:32 |TRC| method=GET status=200 uri=/api/v1/status latency_human="197.042µs"
2026-07-11 23:47:34 |TRC| method=GET status=200 uri=/api/v1/status latency_human="141.787µs"
2026-07-11 23:47:36 |TRC| method=GET status=200 uri=/api/v1/status latency_human="235.104µs"
2026-07-11 23:47:38 |TRC| method=GET status=200 uri=/api/v1/status latency_human="189.768µs"
2026-07-11 23:47:40 |TRC| method=GET status=200 uri=/api/v1/status latency_human="159.24µs"
2026-07-11 23:47:42 |TRC| method=GET status=200 uri=/api/v1/status latency_human="157.798µs"
2026-07-11 23:47:44 |TRC| method=GET status=200 uri=/api/v1/status latency_human="179.468µs"
2026-07-11 23:47:46 |TRC| method=GET status=200 uri=/api/v1/status latency_human="188.836µs"
2026-07-11 23:47:48 |TRC| method=GET status=200 uri=/api/v1/status latency_human="217.581µs"
2026-07-11 23:47:50 |TRC| method=GET status=200 uri=/api/v1/status latency_human="203.684µs"
2026-07-11 23:47:52 |TRC| method=GET status=200 uri=/api/v1/status latency_human="166.193µs"
2026-07-11 23:47:54 |TRC| method=GET status=200 uri=/api/v1/status latency_human="146.787µs"
2026-07-11 23:47:56 |TRC| method=GET status=200 uri=/api/v1/status latency_human="226.528µs"
2026-07-11 23:47:58 |TRC| method=GET status=200 uri=/api/v1/status latency_human="193.024µs"
2026-07-11 23:48:00 |TRC| method=GET status=200 uri=/api/v1/status latency_human="156.796µs"
2026-07-11 23:48:02 |TRC| method=GET status=200 uri=/api/v1/status latency_human="181.573µs"
2026-07-11 23:48:04 |TRC| method=GET status=200 uri=/api/v1/status latency_human="174.75µs"
2026-07-11 23:48:06 |TRC| method=GET status=200 uri=/api/v1/status latency_human="163.418µs"
2026-07-11 23:48:08 |TRC| method=GET status=200 uri=/api/v1/status latency_human="218.142µs"
2026-07-11 23:48:10 |TRC| method=GET status=200 uri=/api/v1/status latency_human="174.73µs"
2026-07-11 23:48:12 |TRC| method=GET status=200 uri=/api/v1/status latency_human="184.348µs"
2026-07-11 23:48:14 |TRC| method=GET status=200 uri=/api/v1/status latency_human="159.862µs"
2026-07-11 23:48:16 |TRC| method=GET status=200 uri=/api/v1/status latency_human="160.584µs"
2026-07-11 23:48:18 |TRC| method=GET status=200 uri=/api/v1/status latency_human="302.822µs"
2026-07-11 23:48:20 |TRC| method=GET status=200 uri=/api/v1/status latency_human="151.326µs"
2026-07-11 23:48:22 |TRC| method=GET status=200 uri=/api/v1/status latency_human="209.816µs"
2026-07-11 23:48:24 |TRC| method=GET status=200 uri=/api/v1/status latency_human="215.406µs"
2026-07-11 23:48:26 |TRC| method=GET status=200 uri=/api/v1/status latency_human="182.114µs"
2026-07-11 23:48:28 |TRC| method=GET status=200 uri=/api/v1/status latency_human="157.518µs"
2026-07-11 23:48:30 |TRC| method=GET status=200 uri=/api/v1/status latency_human="167.747µs"
2026-07-11 23:48:32 |TRC| method=GET status=200 uri=/api/v1/status latency_human="158.088µs"
2026-07-11 23:48:34 |TRC| method=GET status=200 uri=/api/v1/status latency_human="186.212µs"
2026-07-11 23:48:36 |TRC| method=GET status=200 uri=/api/v1/status latency_human="164.1µs"
2026-07-11 23:48:38 |TRC| method=GET status=200 uri=/api/v1/status latency_human="157.057µs"
2026-07-11 23:48:40 |TRC| method=GET status=200 uri=/api/v1/status latency_human="236.627µs"
2026-07-11 23:48:42 |TRC| method=GET status=200 uri=/api/v1/status latency_human="145.826µs"
2026-07-11 23:48:44 |TRC| method=GET status=200 uri=/api/v1/status latency_human="236.226µs"
2026-07-11 23:48:46 |TRC| method=GET status=200 uri=/api/v1/status latency_human="176.804µs"
2026-07-11 23:48:48 |TRC| method=GET status=200 uri=/api/v1/status latency_human="153.249µs"
2026-07-11 23:48:50 |TRC| method=GET status=200 uri=/api/v1/status latency_human="192.063µs"
2026-07-11 23:48:52 |TRC| method=GET status=200 uri=/api/v1/status latency_human="265.872µs"
2026-07-11 23:48:54 |TRC| method=GET status=200 uri=/api/v1/status latency_human="167.546µs"
2026-07-11 23:48:56 |TRC| method=GET status=200 uri=/api/v1/status latency_human="157.598µs"
2026-07-11 23:48:58 |TRC| method=GET status=200 uri=/api/v1/status latency_human="138.522µs"
2026-07-11 23:49:00 |TRC| method=GET status=200 uri=/api/v1/status latency_human="204.767µs"
2026-07-11 23:49:02 |TRC| method=GET status=200 uri=/api/v1/status latency_human="151.036µs"
2026-07-11 23:49:04 |TRC| method=GET status=200 uri=/api/v1/status latency_human="225.806µs"
2026-07-11 23:49:06 |TRC| method=GET status=200 uri=/api/v1/status latency_human="248.73µs"
2026-07-11 23:49:08 |TRC| method=GET status=200 uri=/api/v1/status latency_human="167.837µs"
2026-07-11 23:49:10 |TRC| method=GET status=200 uri=/api/v1/status latency_human="271.152µs"
2026-07-11 23:49:12 |TRC| method=GET status=200 uri=/api/v1/status latency_human="126.67µs"
2026-07-11 23:49:14 |TRC| method=GET status=200 uri=/api/v1/status latency_human="148.771µs"
2026-07-11 23:49:16 |TRC| method=GET status=200 uri=/api/v1/status latency_human="180.641µs"
2026-07-11 23:49:18 |TRC| method=GET status=200 uri=/api/v1/status latency_human="165.112µs"
2026-07-11 23:49:20 |TRC| method=GET status=200 uri=/api/v1/status latency_human="238.27µs"
2026-07-11 23:49:22 |TRC| method=GET status=200 uri=/api/v1/status latency_human="212.472µs"
2026-07-11 23:49:24 |TRC| method=GET status=200 uri=/api/v1/status latency_human="213.703µs"
2026-07-11 23:49:26 |TRC| method=GET status=200 uri=/api/v1/status latency_human="195.369µs"
2026-07-11 23:49:28 |TRC| method=GET status=200 uri=/api/v1/status latency_human="228.191µs"
2026-07-11 23:49:30 |TRC| method=GET status=200 uri=/api/v1/status latency_human="170.181µs"
2026-07-11 23:49:32 |TRC| method=GET status=200 uri=/api/v1/status latency_human="165.002µs"
2026-07-11 23:49:34 |TRC| method=GET status=200 uri=/api/v1/status latency_human="149.973µs"
2026-07-11 23:49:36 |TRC| method=GET status=200 uri=/api/v1/status latency_human="183.136µs"
2026-07-11 23:49:38 |TRC| method=GET status=200 uri=/api/v1/status latency_human="229.023µs"
2026-07-11 23:49:40 |TRC| method=GET status=200 uri=/api/v1/status latency_human="343.269µs"
2026-07-11 23:49:42 |TRC| method=GET status=200 uri=/api/v1/status latency_human="168.479µs"
2026-07-11 23:49:44 |TRC| method=GET status=200 uri=/api/v1/status latency_human="174.83µs"
2026-07-11 23:49:46 |TRC| method=GET status=200 uri=/api/v1/status latency_human="179.259µs"
2026-07-11 23:49:48 |TRC| method=GET status=200 uri=/api/v1/status latency_human="152.308µs"
2026-07-11 23:49:50 |TRC| method=GET status=200 uri=/api/v1/status latency_human="160.133µs"
2026-07-11 23:49:52 |TRC| method=GET status=200 uri=/api/v1/status latency_human="152.798µs"
2026-07-11 23:49:54 |TRC| method=GET status=200 uri=/api/v1/status latency_human="177.776µs"
2026-07-11 23:49:56 |TRC| method=GET status=200 uri=/api/v1/status latency_human="218.313µs"
2026-07-11 23:49:58 |TRC| method=GET status=200 uri=/api/v1/status latency_human="230.816µs"
2026-07-11 23:50:00 |TRC| method=GET status=200 uri=/api/v1/status latency_human="264.389µs"
2026-07-11 23:50:02 |TRC| method=GET status=200 uri=/api/v1/status latency_human="150.745µs"
2026-07-11 23:50:04 |TRC| method=GET status=200 uri=/api/v1/status latency_human="208.875µs"
2026-07-11 23:50:06 |TRC| method=GET status=200 uri=/api/v1/status latency_human="173.338µs"
2026-07-11 23:50:08 |TRC| method=GET status=200 uri=/api/v1/status latency_human="194.558µs"
2026-07-11 23:50:10 |TRC| method=GET status=200 uri=/api/v1/status latency_human="168.339µs"
2026-07-11 23:50:12 |TRC| method=GET status=200 uri=/api/v1/status latency_human="173.598µs"
2026-07-11 23:50:14 |TRC| method=GET status=200 uri=/api/v1/status latency_human="220.166µs"
2026-07-11 23:50:16 |TRC| method=GET status=200 uri=/api/v1/status latency_human="152.438µs"
2026-07-11 23:50:18 |TRC| method=GET status=200 uri=/api/v1/status latency_human="171.244µs"
2026-07-11 23:50:20 |TRC| method=GET status=200 uri=/api/v1/status latency_human="176.594µs"
2026-07-11 23:50:22 |TRC| method=GET status=200 uri=/api/v1/status latency_human="163.058µs"
2026-07-11 23:50:24 |TRC| method=GET status=200 uri=/api/v1/status latency_human="191.822µs"
2026-07-11 23:50:26 |TRC| method=GET status=200 uri=/api/v1/status latency_human="168.819µs"
2026-07-11 23:50:28 |TRC| method=GET status=200 uri=/api/v1/status latency_human="217.591µs"
2026-07-11 23:50:30 |TRC| method=GET status=200 uri=/api/v1/status latency_human="226.228µs"
2026-07-11 23:50:32 |TRC| method=GET status=200 uri=/api/v1/status latency_human="237.639µs"
2026-07-11 23:50:34 |TRC| method=GET status=200 uri=/api/v1/status latency_human="146.707µs"
2026-07-11 23:50:36 |TRC| method=GET status=200 uri=/api/v1/status latency_human="172.626µs"
2026-07-11 23:50:38 |TRC| method=GET status=200 uri=/api/v1/status latency_human="171.084µs"
2026-07-11 23:50:40 |TRC| method=GET status=200 uri=/api/v1/status latency_human="182.635µs"
2026-07-11 23:50:42 |TRC| method=GET status=200 uri=/api/v1/status latency_human="260.523µs"
2026-07-11 23:50:44 |TRC| method=GET status=200 uri=/api/v1/status latency_human="270.331µs"
2026-07-11 23:50:46 |TRC| method=GET status=200 uri=/api/v1/status latency_human="138.292µs"
2026-07-11 23:50:48 |TRC| method=GET status=200 uri=/api/v1/status latency_human="121.991µs"
2026-07-11 23:50:50 |TRC| method=GET status=200 uri=/api/v1/status latency_human="297.783µs"
2026-07-11 23:50:52 |TRC| method=GET status=200 uri=/api/v1/status latency_human="144.994µs"
2026-07-11 23:50:54 |TRC| method=GET status=200 uri=/api/v1/status latency_human="165.192µs"
2026-07-11 23:50:56 |TRC| method=GET status=200 uri=/api/v1/status latency_human="159.11µs"
2026-07-11 23:50:58 |TRC| method=GET status=200 uri=/api/v1/status latency_human="125.427µs"
2026-07-11 23:51:00 |TRC| method=GET status=200 uri=/api/v1/status latency_human="164.401µs"
2026-07-11 23:51:02 |TRC| method=GET status=200 uri=/api/v1/status latency_human="167.777µs"
2026-07-11 23:51:04 |TRC| method=GET status=200 uri=/api/v1/status latency_human="177.465µs"
2026-07-11 23:51:06 |TRC| method=GET status=200 uri=/api/v1/status latency_human="167.698µs"
2026-07-11 23:51:08 |TRC| method=GET status=200 uri=/api/v1/status latency_human="977.028µs"
2026-07-11 23:51:10 |TRC| method=GET status=200 uri=/api/v1/status latency_human="183.888µs"
2026-07-11 23:51:12 |TRC| method=GET status=200 uri=/api/v1/status latency_human="162.477µs"
2026-07-11 23:51:14 |TRC| method=GET status=200 uri=/api/v1/status latency_human="129.686µs"
2026-07-11 23:51:16 |TRC| method=GET status=200 uri=/api/v1/status latency_human="153.721µs"
2026-07-11 23:51:18 |TRC| method=GET status=200 uri=/api/v1/status latency_human="233.312µs"
2026-07-11 23:51:20 |TRC| method=GET status=200 uri=/api/v1/status latency_human="167.266µs"
2026-07-11 23:51:22 |TRC| method=GET status=200 uri=/api/v1/status latency_human="150.845µs"
2026-07-11 23:51:24 |TRC| method=GET status=200 uri=/api/v1/status latency_human="165.092µs"
2026-07-11 23:51:26 |TRC| method=GET status=200 uri=/api/v1/status latency_human="126.309µs"
2026-07-11 23:51:28 |TRC| method=GET status=200 uri=/api/v1/status latency_human="288.405µs"
2026-07-11 23:51:30 |TRC| method=GET status=200 uri=/api/v1/status latency_human="160.483µs"
2026-07-11 23:51:32 |TRC| method=GET status=200 uri=/api/v1/status latency_human="242.639µs"
2026-07-11 23:51:34 |TRC| method=GET status=200 uri=/api/v1/status latency_human="203.986µs"
2026-07-11 23:51:36 |TRC| method=GET status=200 uri=/api/v1/status latency_human="161.806µs"
2026-07-11 23:51:38 |TRC| method=GET status=200 uri=/api/v1/status latency_human="139.665µs"
2026-07-11 23:51:40 |TRC| method=GET status=200 uri=/api/v1/status latency_human="209.055µs"
2026-07-11 23:51:42 |TRC| method=GET status=200 uri=/api/v1/status latency_human="157.198µs"
2026-07-11 23:51:44 |TRC| method=GET status=200 uri=/api/v1/status latency_human="134.524µs"
2026-07-11 23:51:46 |TRC| method=GET status=200 uri=/api/v1/status latency_human="259.881µs"
2026-07-11 23:51:48 |TRC| method=GET status=200 uri=/api/v1/status latency_human="267.305µs"
2026-07-11 23:51:50 |TRC| method=GET status=200 uri=/api/v1/status latency_human="278.116µs"
2026-07-11 23:51:52 |TRC| method=GET status=200 uri=/api/v1/status latency_human="233.882µs"
2026-07-11 23:51:54 |TRC| method=GET status=200 uri=/api/v1/status latency_human="222.19µs"
2026-07-11 23:51:56 |TRC| method=GET status=200 uri=/api/v1/status latency_human="241.226µs"
2026-07-11 23:51:58 |TRC| method=GET status=200 uri=/api/v1/status latency_human="176.413µs"
2026-07-11 23:52:00 |TRC| method=GET status=200 uri=/api/v1/status latency_human="165.784µs"
2026-07-11 23:52:02 |TRC| method=GET status=200 uri=/api/v1/status latency_human="179.68µs"
2026-07-11 23:52:04 |TRC| method=GET status=200 uri=/api/v1/status latency_human="236.267µs"
2026-07-11 23:52:06 |TRC| method=GET status=200 uri=/api/v1/status latency_human="153.08µs"
2026-07-11 23:52:08 |TRC| method=GET status=200 uri=/api/v1/status latency_human="158.46µs"
2026-07-11 23:52:10 |TRC| method=GET status=200 uri=/api/v1/status latency_human="172.286µs"
2026-07-11 23:52:12 |TRC| method=GET status=200 uri=/api/v1/status latency_human="175.572µs"
2026-07-11 23:52:14 |TRC| method=GET status=200 uri=/api/v1/status latency_human="212.783µs"
2026-07-11 23:52:16 |TRC| method=GET status=200 uri=/api/v1/status latency_human="187.314µs"
2026-07-11 23:52:18 |TRC| method=GET status=200 uri=/api/v1/status latency_human="163.599µs"
2026-07-11 23:52:20 |TRC| method=GET status=200 uri=/api/v1/status latency_human="153.741µs"
2026-07-11 23:52:22 |TRC| method=GET status=200 uri=/api/v1/status latency_human="155.814µs"
2026-07-11 23:52:24 |TRC| method=GET status=200 uri=/api/v1/status latency_human="174.189µs"
2026-07-11 23:52:26 |TRC| method=GET status=200 uri=/api/v1/status latency_human="158.36µs"
2026-07-11 23:52:28 |TRC| method=GET status=200 uri=/api/v1/status latency_human="184.108µs"
2026-07-11 23:52:30 |TRC| method=GET status=200 uri=/api/v1/status latency_human="159.191µs"
2026-07-11 23:52:32 |TRC| method=GET status=200 uri=/api/v1/status latency_human="161.455µs"
2026-07-11 23:52:34 |TRC| method=GET status=200 uri=/api/v1/status latency_human="171.534µs"
2026-07-11 23:52:36 |TRC| method=GET status=200 uri=/api/v1/status latency_human="159.372µs"
2026-07-11 23:52:38 |TRC| method=GET status=200 uri=/api/v1/status latency_human="200.759µs"
2026-07-11 23:52:40 |TRC| method=GET status=200 uri=/api/v1/status latency_human="224.204µs"
2026-07-11 23:52:42 |TRC| method=GET status=200 uri=/api/v1/status latency_human="185.931µs"
2026-07-11 23:52:44 |TRC| method=GET status=200 uri=/api/v1/status latency_human="183.687µs"
2026-07-11 23:52:46 |TRC| method=GET status=200 uri=/api/v1/status latency_human="153.681µs"
2026-07-11 23:52:48 |TRC| method=GET status=200 uri=/api/v1/status latency_human="264.22µs"
2026-07-11 23:52:50 |TRC| method=GET status=200 uri=/api/v1/status latency_human="144.924µs"
2026-07-11 23:52:52 |TRC| method=GET status=200 uri=/api/v1/status latency_human="197.213µs"
2026-07-11 23:52:54 |TRC| method=GET status=200 uri=/api/v1/status latency_human="161.726µs"
2026-07-11 23:52:56 |TRC| method=GET status=200 uri=/api/v1/status latency_human="170.031µs"
2026-07-11 23:52:58 |TRC| method=GET status=200 uri=/api/v1/status latency_human="158.27µs"
2026-07-11 23:53:00 |TRC| method=GET status=200 uri=/api/v1/status latency_human="155.924µs"
2026-07-11 23:53:02 |TRC| method=GET status=200 uri=/api/v1/status latency_human="363.798µs"
2026-07-11 23:53:04 |TRC| method=GET status=200 uri=/api/v1/status latency_human="178.137µs"
2026-07-11 23:53:06 |TRC| method=GET status=200 uri=/api/v1/status latency_human="338.801µs"
2026-07-11 23:53:08 |TRC| method=GET status=200 uri=/api/v1/status latency_human="187.094µs"
2026-07-11 23:53:10 |TRC| method=GET status=200 uri=/api/v1/status latency_human="176.173µs"
2026-07-11 23:53:12 |TRC| method=GET status=200 uri=/api/v1/status latency_human="157.919µs"
2026-07-11 23:53:14 |TRC| method=GET status=200 uri=/api/v1/status latency_human="321.849µs"
2026-07-11 23:53:16 |TRC| method=GET status=200 uri=/api/v1/status latency_human="203.625µs"
2026-07-11 23:53:18 |TRC| method=GET status=200 uri=/api/v1/status latency_human="141.758µs"
2026-07-11 23:53:20 |TRC| method=GET status=200 uri=/api/v1/status latency_human="178.127µs"
2026-07-11 23:53:22 |TRC| method=GET status=200 uri=/api/v1/status latency_human="171.164µs"
2026-07-11 23:53:24 |TRC| method=GET status=200 uri=/api/v1/status latency_human="172.827µs"
2026-07-11 23:53:26 |TRC| method=GET status=200 uri=/api/v1/status latency_human="133.292µs"
2026-07-11 23:53:28 |TRC| method=GET status=200 uri=/api/v1/status latency_human="183.567µs"
2026-07-11 23:53:30 |TRC| method=GET status=200 uri=/api/v1/status latency_human="169.49µs"
2026-07-11 23:53:32 |TRC| method=GET status=200 uri=/api/v1/status latency_human="203.946µs"
2026-07-11 23:53:34 |TRC| method=GET status=200 uri=/api/v1/status latency_human="167.497µs"
2026-07-11 23:53:36 |TRC| method=GET status=200 uri=/api/v1/status latency_human="183.567µs"
2026-07-11 23:53:38 |TRC| method=GET status=200 uri=/api/v1/status latency_human="255.754µs"
2026-07-11 23:53:40 |TRC| method=GET status=200 uri=/api/v1/status latency_human="171.885µs"
2026-07-11 23:53:42 |TRC| method=GET status=200 uri=/api/v1/status latency_human="171.344µs"
2026-07-11 23:53:44 |TRC| method=GET status=200 uri=/api/v1/status latency_human="215.818µs"
2026-07-11 23:53:46 |TRC| method=GET status=200 uri=/api/v1/status latency_human="159.642µs"
2026-07-11 23:53:48 |TRC| method=GET status=200 uri=/api/v1/status latency_human="203.204µs"
2026-07-11 23:53:50 |TRC| method=GET status=200 uri=/api/v1/status latency_human="170.272µs"
2026-07-11 23:53:52 |TRC| method=GET status=200 uri=/api/v1/status latency_human="157.188µs"
2026-07-11 23:53:54 |TRC| method=GET status=200 uri=/api/v1/status latency_human="224.123µs"
2026-07-11 23:53:56 |TRC| method=GET status=200 uri=/api/v1/status latency_human="251.707µs"
2026-07-11 23:53:58 |TRC| method=GET status=200 uri=/api/v1/status latency_human="159.923µs"
2026-07-11 23:54:00 |TRC| method=GET status=200 uri=/api/v1/status latency_human="153.179µs"
2026-07-11 23:54:02 |TRC| method=GET status=200 uri=/api/v1/status latency_human="145.695µs"
2026-07-11 23:54:04 |TRC| method=GET status=200 uri=/api/v1/status latency_human="149.102µs"
2026-07-11 23:54:06 |TRC| method=GET status=200 uri=/api/v1/status latency_human="272.946µs"
2026-07-11 23:54:08 |TRC| method=GET status=200 uri=/api/v1/status latency_human="245.474µs"
2026-07-11 23:54:10 |TRC| method=GET status=200 uri=/api/v1/status latency_human="162.487µs"
2026-07-11 23:54:12 |TRC| method=GET status=200 uri=/api/v1/status latency_human="161.576µs"
2026-07-11 23:54:14 |TRC| method=GET status=200 uri=/api/v1/status latency_human="163.579µs"
2026-07-11 23:54:16 |TRC| method=GET status=200 uri=/api/v1/status latency_human="193.456µs"
2026-07-11 23:54:18 |TRC| method=GET status=200 uri=/api/v1/status latency_human="390.669µs"
2026-07-11 23:54:20 |TRC| method=GET status=200 uri=/api/v1/status latency_human="175.312µs"
2026-07-11 23:54:22 |TRC| method=GET status=200 uri=/api/v1/status latency_human="129.495µs"
2026-07-11 23:54:24 |TRC| method=GET status=200 uri=/api/v1/status latency_human="204.416µs"
2026-07-11 23:54:26 |TRC| method=GET status=200 uri=/api/v1/status latency_human="185.992µs"
2026-07-11 23:54:28 |TRC| method=GET status=200 uri=/api/v1/status latency_human="163.94µs"
2026-07-11 23:54:30 |TRC| method=GET status=200 uri=/api/v1/status latency_human="182.485µs"
2026-07-11 23:54:32 |TRC| method=GET status=200 uri=/api/v1/status latency_human="237.75µs"
2026-07-11 23:54:34 |TRC| method=GET status=200 uri=/api/v1/status latency_human="229.314µs"
2026-07-11 23:54:36 |TRC| method=GET status=200 uri=/api/v1/status latency_human="157.417µs"
2026-07-11 23:54:38 |TRC| method=GET status=200 uri=/api/v1/status latency_human="131.569µs"
2026-07-11 23:54:40 |TRC| method=GET status=200 uri=/api/v1/status latency_human="146.047µs"
2026-07-11 23:54:42 |TRC| method=GET status=200 uri=/api/v1/status latency_human="199.367µs"
2026-07-11 23:54:44 |TRC| method=GET status=200 uri=/api/v1/status latency_human="158.65µs"
2026-07-11 23:54:46 |TRC| method=GET status=200 uri=/api/v1/status latency_human="159.602µs"
2026-07-11 23:54:48 |TRC| method=GET status=200 uri=/api/v1/status latency_human="167.277µs"
2026-07-11 23:54:50 |TRC| method=GET status=200 uri=/api/v1/status latency_human="153.33µs"
2026-07-11 23:54:52 |TRC| method=GET status=200 uri=/api/v1/status latency_human="171.845µs"
2026-07-11 23:54:54 |TRC| method=GET status=200 uri=/api/v1/status latency_human="158.6µs"
2026-07-11 23:54:56 |TRC| method=GET status=200 uri=/api/v1/status latency_human="171.825µs"
2026-07-11 23:54:58 |TRC| method=GET status=200 uri=/api/v1/status latency_human="164.141µs"
2026-07-11 23:55:00 |TRC| method=GET status=200 uri=/api/v1/status latency_human="167.537µs"
2026-07-11 23:55:02 |TRC| method=GET status=200 uri=/api/v1/status latency_human="160.914µs"
2026-07-11 23:55:04 |TRC| method=GET status=200 uri=/api/v1/status latency_human="283.116µs"
2026-07-11 23:55:06 |TRC| method=GET status=200 uri=/api/v1/status latency_human="174.069µs"
2026-07-11 23:55:08 |TRC| method=GET status=200 uri=/api/v1/status latency_human="214.165µs"
2026-07-11 23:55:10 |TRC| method=GET status=200 uri=/api/v1/status latency_human="188.557µs"
2026-07-11 23:55:12 |TRC| method=GET status=200 uri=/api/v1/status latency_human="135.006µs"
2026-07-11 23:55:14 |TRC| method=GET status=200 uri=/api/v1/status latency_human="184.469µs"
2026-07-11 23:55:16 |TRC| method=GET status=200 uri=/api/v1/status latency_human="163.249µs"
2026-07-11 23:55:18 |TRC| method=GET status=200 uri=/api/v1/status latency_human="164.701µs"
2026-07-11 23:55:20 |TRC| method=GET status=200 uri=/api/v1/status latency_human="207.021µs"
2026-07-11 23:55:22 |TRC| method=GET status=200 uri=/api/v1/status latency_human="151.216µs"
2026-07-11 23:55:24 |TRC| method=GET status=200 uri=/api/v1/status latency_human="181.954µs"
2026-07-11 23:55:26 |TRC| method=GET status=200 uri=/api/v1/status latency_human="262.176µs"
2026-07-11 23:55:28 |TRC| method=GET status=200 uri=/api/v1/status latency_human="153.27µs"
2026-07-11 23:55:30 |TRC| method=GET status=200 uri=/api/v1/status latency_human="168.428µs"
2026-07-11 23:55:32 |TRC| method=GET status=200 uri=/api/v1/status latency_human="215.077µs"
2026-07-11 23:55:34 |TRC| method=GET status=200 uri=/api/v1/status latency_human="160.574µs"
2026-07-11 23:55:36 |TRC| method=GET status=200 uri=/api/v1/status latency_human="158.36µs"
2026-07-11 23:55:38 |TRC| method=GET status=200 uri=/api/v1/status latency_human="152.508µs"
2026-07-11 23:55:40 |TRC| method=GET status=200 uri=/api/v1/status latency_human="160.594µs"
2026-07-11 23:55:42 |TRC| method=GET status=200 uri=/api/v1/status latency_human="150.975µs"
2026-07-11 23:55:44 |TRC| method=GET status=200 uri=/api/v1/status latency_human="152.588µs"
2026-07-11 23:55:46 |TRC| method=GET status=200 uri=/api/v1/status latency_human="151.928µs"
2026-07-11 23:55:48 |TRC| method=GET status=200 uri=/api/v1/status latency_human="154.803µs"
2026-07-11 23:55:50 |TRC| method=GET status=200 uri=/api/v1/status latency_human="163.94µs"
2026-07-11 23:55:52 |TRC| method=GET status=200 uri=/api/v1/status latency_human="223.863µs"
2026-07-11 23:55:54 |TRC| method=GET status=200 uri=/api/v1/status latency_human="154.612µs"
2026-07-11 23:55:56 |TRC| method=GET status=200 uri=/api/v1/status latency_human="243.43µs"
2026-07-11 23:55:58 |TRC| method=GET status=200 uri=/api/v1/status latency_human="148.661µs"
2026-07-11 23:56:00 |TRC| method=GET status=200 uri=/api/v1/status latency_human="146.998µs"
2026-07-11 23:56:02 |TRC| method=GET status=200 uri=/api/v1/status latency_human="165.623µs"
2026-07-11 23:56:04 |TRC| method=GET status=200 uri=/api/v1/status latency_human="165.262µs"
2026-07-11 23:56:06 |TRC| method=GET status=200 uri=/api/v1/status latency_human="174.51µs"
2026-07-11 23:56:08 |TRC| method=GET status=200 uri=/api/v1/status latency_human="188.486µs"
2026-07-11 23:56:10 |TRC| method=GET status=200 uri=/api/v1/status latency_human="173.188µs"
2026-07-11 23:56:12 |TRC| method=GET status=200 uri=/api/v1/status latency_human="164.751µs"
2026-07-11 23:56:14 |TRC| method=GET status=200 uri=/api/v1/status latency_human="130.497µs"
2026-07-11 23:56:16 |TRC| method=GET status=200 uri=/api/v1/status latency_human="151.577µs"
2026-07-11 23:56:16 |DBG| anilist > Fetching anime collection
2026-07-11 23:56:16 |TRC| ws > Sending message type=check-for-announcements
2026-07-11 23:56:16 |TRC| method=POST status=200 uri=/api/v1/announcements latency_human="360.963µs"
2026-07-11 23:56:17 |WRN| anilist > Successful Request (slow) rlr=29 rtt=1.252s
2026-07-11 23:56:17 |TRC| ws > Sending message type=refreshed-anilist-anime-collection
2026-07-11 23:56:17 |DBG| anilist > Fetching manga collection
2026-07-11 23:56:17 |TRC| method=GET status=200 uri=/api/v1/library/collection latency_human="98.566µs"
2026-07-11 23:56:17 |TRC| method=GET status=200 uri=/api/v1/library/collection latency_human="108.976µs"
2026-07-11 23:56:17 |TRC| method=GET status=200 uri=/api/v1/anilist/collection latency_human="84.27µs"
2026-07-11 23:56:17 |TRC| method=GET status=200 uri=/api/v1/anilist/collection latency_human="76.956µs"
2026-07-11 23:56:17 |TRC| method=GET status=200 uri=/api/v1/library/missing-episodes latency_human="500.867µs"
2026-07-11 23:56:17 |TRC| method=GET status=200 uri=/api/v1/library/missing-episodes latency_human="67.357µs"
2026-07-11 23:56:18 |TRC| method=GET status=200 uri=/api/v1/status latency_human="548.768µs"
2026-07-11 23:56:18 |INF| anilist > Successful Request rlr=28 rtt=559ms
2026-07-11 23:56:18 |TRC| ws > Sending message type=refreshed-anilist-manga-collection
2026-07-11 23:56:18 |TRC| method=GET status=200 uri=/api/v1/manga/collection latency_human="106.682µs"
2026-07-11 23:56:18 |TRC| method=GET status=200 uri=/api/v1/manga/collection latency_human="93.046µs"
2026-07-11 23:56:20 |TRC| method=GET status=200 uri=/api/v1/status latency_human="190.821µs"
2026-07-11 23:56:22 |TRC| method=GET status=200 uri=/api/v1/status latency_human="235.275µs"
2026-07-11 23:56:24 |TRC| method=GET status=200 uri=/api/v1/status latency_human="268.968µs"
2026-07-11 23:56:26 |TRC| method=GET status=200 uri=/api/v1/status latency_human="210.338µs"
2026-07-11 23:56:28 |TRC| method=GET status=200 uri=/api/v1/status latency_human="155.734µs"
2026-07-11 23:56:30 |TRC| method=GET status=200 uri=/api/v1/status latency_human="158.721µs"
2026-07-11 23:56:32 |TRC| method=GET status=200 uri=/api/v1/status latency_human="160.333µs"
2026-07-11 23:56:34 |TRC| method=GET status=200 uri=/api/v1/status latency_human="177.546µs"
2026-07-11 23:56:36 |TRC| method=GET status=200 uri=/api/v1/status latency_human="168.329µs"
2026-07-11 23:56:38 |TRC| method=GET status=200 uri=/api/v1/status latency_human="180.231µs"
2026-07-11 23:56:40 |TRC| method=GET status=200 uri=/api/v1/status latency_human="150.445µs"
2026-07-11 23:56:42 |TRC| method=GET status=200 uri=/api/v1/status latency_human="169.11µs"
2026-07-11 23:56:44 |TRC| method=GET status=200 uri=/api/v1/status latency_human="201.551µs"
2026-07-11 23:56:46 |TRC| method=GET status=200 uri=/api/v1/status latency_human="231.258µs"
2026-07-11 23:56:48 |TRC| method=GET status=200 uri=/api/v1/status latency_human="273.467µs"
2026-07-11 23:56:50 |TRC| method=GET status=200 uri=/api/v1/status latency_human="160.744µs"
2026-07-11 23:56:52 |TRC| method=GET status=200 uri=/api/v1/status latency_human="281.813µs"
2026-07-11 23:56:54 |TRC| method=GET status=200 uri=/api/v1/status latency_human="454.711µs"
2026-07-11 23:56:56 |TRC| method=GET status=200 uri=/api/v1/status latency_human="471.402µs"
2026-07-11 23:56:58 |TRC| method=GET status=200 uri=/api/v1/status latency_human="231.648µs"
2026-07-11 23:57:00 |TRC| method=GET status=200 uri=/api/v1/status latency_human="271.915µs"
2026-07-11 23:57:02 |TRC| method=GET status=200 uri=/api/v1/status latency_human="258.719µs"
2026-07-11 23:57:04 |TRC| method=GET status=200 uri=/api/v1/status latency_human="251.576µs"
2026-07-11 23:57:06 |TRC| method=GET status=200 uri=/api/v1/status latency_human="259.481µs"
2026-07-11 23:57:08 |TRC| method=GET status=200 uri=/api/v1/status latency_human="358.939µs"
2026-07-11 23:57:10 |TRC| method=GET status=200 uri=/api/v1/status latency_human="258.819µs"
2026-07-11 23:57:12 |TRC| method=GET status=200 uri=/api/v1/status latency_human="243.3µs"
2026-07-11 23:57:14 |TRC| method=GET status=200 uri=/api/v1/status latency_human="218.654µs"
2026-07-11 23:57:16 |TRC| method=GET status=200 uri=/api/v1/status latency_human="316.539µs"
2026-07-11 23:57:18 |TRC| method=GET status=200 uri=/api/v1/status latency_human="240.836µs"
2026-07-11 23:57:20 |TRC| method=GET status=200 uri=/api/v1/status latency_human="253.68µs"
2026-07-11 23:57:22 |TRC| method=GET status=200 uri=/api/v1/status latency_human="244.292µs"
2026-07-11 23:57:24 |TRC| method=GET status=200 uri=/api/v1/status latency_human="249.402µs"
2026-07-11 23:57:26 |TRC| method=GET status=200 uri=/api/v1/status latency_human="249.502µs"
2026-07-11 23:57:28 |TRC| method=GET status=200 uri=/api/v1/status latency_human="257.127µs"
2026-07-11 23:57:30 |TRC| method=GET status=200 uri=/api/v1/status latency_human="257.617µs"
2026-07-11 23:57:32 |TRC| method=GET status=200 uri=/api/v1/status latency_human="248.621µs"
2026-07-11 23:57:34 |TRC| method=GET status=200 uri=/api/v1/status latency_human="296.911µs"
2026-07-11 23:57:36 |TRC| method=GET status=200 uri=/api/v1/status latency_human="256.806µs"
2026-07-11 23:57:38 |TRC| method=GET status=200 uri=/api/v1/status latency_human="290.961µs"
2026-07-11 23:57:40 |TRC| method=GET status=200 uri=/api/v1/status latency_human="256.846µs"
2026-07-11 23:57:42 |TRC| method=GET status=200 uri=/api/v1/status latency_human="275.652µs"
2026-07-11 23:57:44 |TRC| method=GET status=200 uri=/api/v1/status latency_human="269.84µs"
2026-07-11 23:57:46 |TRC| method=GET status=200 uri=/api/v1/status latency_human="246.967µs"
2026-07-11 23:57:48 |TRC| method=GET status=200 uri=/api/v1/status latency_human="276.243µs"
2026-07-11 23:57:50 |TRC| method=GET status=200 uri=/api/v1/status latency_human="299.697µs"
2026-07-11 23:57:52 |TRC| method=GET status=200 uri=/api/v1/status latency_human="254.302µs"
2026-07-11 23:57:54 |TRC| method=GET status=200 uri=/api/v1/status latency_human="258.309µs"
2026-07-11 23:57:56 |TRC| method=GET status=200 uri=/api/v1/status latency_human="420.436µs"
2026-07-11 23:57:58 |TRC| method=GET status=200 uri=/api/v1/status latency_human="299.667µs"
2026-07-11 23:58:00 |TRC| method=GET status=200 uri=/api/v1/status latency_human="267.767µs"
2026-07-11 23:58:02 |TRC| method=GET status=200 uri=/api/v1/status latency_human="214.716µs"
2026-07-11 23:58:04 |TRC| method=GET status=200 uri=/api/v1/status latency_human="271.915µs"
2026-07-11 23:58:06 |TRC| method=GET status=200 uri=/api/v1/status latency_human="228.041µs"
2026-07-11 23:58:08 |TRC| method=GET status=200 uri=/api/v1/status latency_human="294.397µs"
2026-07-11 23:58:10 |TRC| method=GET status=200 uri=/api/v1/status latency_human="239.783µs"
2026-07-11 23:58:12 |TRC| method=GET status=200 uri=/api/v1/status latency_human="323.512µs"
2026-07-11 23:58:14 |TRC| method=GET status=200 uri=/api/v1/status latency_human="241.747µs"
2026-07-11 23:58:16 |TRC| method=GET status=200 uri=/api/v1/status latency_human="303.324µs"
2026-07-11 23:58:18 |TRC| method=GET status=200 uri=/api/v1/status latency_human="264.42µs"
2026-07-11 23:58:20 |TRC| method=GET status=200 uri=/api/v1/status latency_human="287.363µs"
2026-07-11 23:58:22 |TRC| method=GET status=200 uri=/api/v1/status latency_human="258.069µs"
2026-07-11 23:58:24 |TRC| method=GET status=200 uri=/api/v1/status latency_human="271.484µs"
2026-07-11 23:58:26 |TRC| method=GET status=200 uri=/api/v1/status latency_human="270.612µs"
2026-07-11 23:58:28 |TRC| method=GET status=200 uri=/api/v1/status latency_human="288.235µs"
2026-07-11 23:58:30 |TRC| method=GET status=200 uri=/api/v1/status latency_human="263.389µs"
2026-07-11 23:58:32 |TRC| method=GET status=200 uri=/api/v1/status latency_human="407.842µs"
2026-07-11 23:58:34 |TRC| method=GET status=200 uri=/api/v1/status latency_human="247.388µs"
2026-07-11 23:58:36 |TRC| method=GET status=200 uri=/api/v1/status latency_human="277.555µs"
2026-07-11 23:58:38 |TRC| method=GET status=200 uri=/api/v1/status latency_human="244.523µs"
2026-07-11 23:58:40 |TRC| method=GET status=200 uri=/api/v1/status latency_human="220.347µs"
2026-07-11 23:58:42 |TRC| method=GET status=200 uri=/api/v1/status latency_human="242.448µs"
2026-07-11 23:58:44 |TRC| method=GET status=200 uri=/api/v1/status latency_human="232.951µs"
2026-07-11 23:58:46 |TRC| method=GET status=200 uri=/api/v1/status latency_human="248.74µs"
2026-07-11 23:58:48 |TRC| method=GET status=200 uri=/api/v1/status latency_human="258.81µs"
2026-07-11 23:58:50 |TRC| method=GET status=200 uri=/api/v1/status latency_human="277.214µs"
2026-07-11 23:58:52 |TRC| method=GET status=200 uri=/api/v1/status latency_human="318.242µs"
2026-07-11 23:58:54 |TRC| method=GET status=200 uri=/api/v1/status latency_human="248.33µs"
2026-07-11 23:58:56 |TRC| method=GET status=200 uri=/api/v1/status latency_human="226.849µs"
2026-07-11 23:58:58 |TRC| method=GET status=200 uri=/api/v1/status latency_human="281.282µs"
2026-07-11 23:59:00 |TRC| method=GET status=200 uri=/api/v1/status latency_human="242.819µs"
2026-07-11 23:59:02 |TRC| method=GET status=200 uri=/api/v1/status latency_human="268.358µs"
2026-07-11 23:59:04 |TRC| method=GET status=200 uri=/api/v1/status latency_human="254.622µs"
2026-07-11 23:59:06 |TRC| method=GET status=200 uri=/api/v1/status latency_human="271.734µs"
2026-07-11 23:59:08 |TRC| method=GET status=200 uri=/api/v1/status latency_human="225.306µs"
2026-07-11 23:59:10 |TRC| method=GET status=200 uri=/api/v1/status latency_human="282.996µs"
2026-07-11 23:59:12 |TRC| method=GET status=200 uri=/api/v1/status latency_human="249.452µs"
2026-07-11 23:59:14 |TRC| method=GET status=200 uri=/api/v1/status latency_human="254.692µs"
2026-07-11 23:59:16 |TRC| method=GET status=200 uri=/api/v1/status latency_human="320.416µs"
2026-07-11 23:59:18 |TRC| method=GET status=200 uri=/api/v1/status latency_human="235.936µs"
2026-07-11 23:59:20 |TRC| method=GET status=200 uri=/api/v1/status latency_human="253.59µs"
2026-07-11 23:59:22 |TRC| method=GET status=200 uri=/api/v1/status latency_human="245.584µs"
2026-07-11 23:59:24 |TRC| method=GET status=200 uri=/api/v1/status latency_human="292.834µs"
2026-07-11 23:59:26 |TRC| method=GET status=200 uri=/api/v1/status latency_human="277.965µs"
2026-07-11 23:59:28 |TRC| method=GET status=200 uri=/api/v1/status latency_human="264.21µs"
2026-07-11 23:59:30 |TRC| method=GET status=200 uri=/api/v1/status latency_human="285.289µs"
2026-07-11 23:59:32 |TRC| method=GET status=200 uri=/api/v1/status latency_human="255.243µs"
2026-07-11 23:59:34 |TRC| method=GET status=200 uri=/api/v1/status latency_human="281.613µs"
2026-07-11 23:59:36 |TRC| method=GET status=200 uri=/api/v1/status latency_human="297.693µs"
2026-07-11 23:59:38 |TRC| method=GET status=200 uri=/api/v1/status latency_human="232.781µs"
2026-07-11 23:59:40 |TRC| method=GET status=200 uri=/api/v1/status latency_human="282.804µs"
2026-07-11 23:59:42 |TRC| method=GET status=200 uri=/api/v1/status latency_human="259.4µs"
2026-07-11 23:59:44 |TRC| method=GET status=200 uri=/api/v1/status latency_human="287.323µs"
2026-07-11 23:59:46 |TRC| method=GET status=200 uri=/api/v1/status latency_human="278.487µs"
2026-07-11 23:59:48 |TRC| method=GET status=200 uri=/api/v1/status latency_human="251.846µs"
2026-07-11 23:59:50 |TRC| method=GET status=200 uri=/api/v1/status latency_human="249.953µs"
2026-07-11 23:59:52 |TRC| method=GET status=200 uri=/api/v1/status latency_human="230.957µs"
2026-07-11 23:59:54 |TRC| method=GET status=200 uri=/api/v1/status latency_human="252.067µs"
2026-07-11 23:59:56 |TRC| method=GET status=200 uri=/api/v1/status latency_human="401.81µs"
2026-07-11 23:59:58 |TRC| method=GET status=200 uri=/api/v1/status latency_human="229.103µs"
2026-07-12 00:00:00 |TRC| method=GET status=200 uri=/api/v1/status latency_human="226.739µs"
2026-07-12 00:00:02 |TRC| method=GET status=200 uri=/api/v1/status latency_human="140.716µs"
2026-07-12 00:00:04 |TRC| method=GET status=200 uri=/api/v1/status latency_human="168.238µs"
2026-07-12 00:00:06 |TRC| method=GET status=200 uri=/api/v1/status latency_human="154.793µs"
2026-07-12 00:00:08 |TRC| method=GET status=200 uri=/api/v1/status latency_human="157.127µs"
2026-07-12 00:00:10 |TRC| method=GET status=200 uri=/api/v1/status latency_human="152.598µs"
2026-07-12 00:00:12 |TRC| method=GET status=200 uri=/api/v1/status latency_human="153.259µs"
2026-07-12 00:00:14 |TRC| method=GET status=200 uri=/api/v1/status latency_human="160.574µs"
2026-07-12 00:00:16 |TRC| method=GET status=200 uri=/api/v1/status latency_human="183.587µs"
2026-07-12 00:00:18 |TRC| method=GET status=200 uri=/api/v1/status latency_human="155.334µs"
2026-07-12 00:00:20 |TRC| method=GET status=200 uri=/api/v1/status latency_human="158.019µs"
2026-07-12 00:00:22 |TRC| method=GET status=200 uri=/api/v1/status latency_human="153.971µs"
2026-07-12 00:00:24 |TRC| method=GET status=200 uri=/api/v1/status latency_human="160.393µs"
2026-07-12 00:00:26 |TRC| method=GET status=200 uri=/api/v1/status latency_human="170.383µs"
2026-07-12 00:00:28 |TRC| method=GET status=200 uri=/api/v1/status latency_human="159.502µs"
2026-07-12 00:00:30 |TRC| method=GET status=200 uri=/api/v1/status latency_human="161.636µs"
2026-07-12 00:00:32 |TRC| method=GET status=200 uri=/api/v1/status latency_human="160.744µs"
2026-07-12 00:00:34 |TRC| method=GET status=200 uri=/api/v1/status latency_human="157.689µs"
2026-07-12 00:00:36 |TRC| method=GET status=200 uri=/api/v1/status latency_human="235.185µs"
2026-07-12 00:00:38 |TRC| method=GET status=200 uri=/api/v1/status latency_human="180.471µs"
2026-07-12 00:00:40 |TRC| method=GET status=200 uri=/api/v1/status latency_human="166.205µs"
2026-07-12 00:00:42 |TRC| method=GET status=200 uri=/api/v1/status latency_human="185.05µs"
2026-07-12 00:00:44 |TRC| method=GET status=200 uri=/api/v1/status latency_human=1.668236ms
2026-07-12 00:00:46 |TRC| method=GET status=200 uri=/api/v1/status latency_human="167.196µs"
2026-07-12 00:00:48 |TRC| method=GET status=200 uri=/api/v1/status latency_human="183.387µs"
2026-07-12 00:00:50 |TRC| method=GET status=200 uri=/api/v1/status latency_human="175.653µs"
2026-07-12 00:00:52 |TRC| method=GET status=200 uri=/api/v1/status latency_human="228.483µs"
2026-07-12 00:00:54 |TRC| method=GET status=200 uri=/api/v1/status latency_human="237.459µs"
2026-07-12 00:00:56 |TRC| method=GET status=200 uri=/api/v1/status latency_human="152.869µs"
2026-07-12 00:00:58 |TRC| method=GET status=200 uri=/api/v1/status latency_human="167.346µs"
2026-07-12 00:01:00 |TRC| method=GET status=200 uri=/api/v1/status latency_human="258.9µs"
2026-07-12 00:01:02 |TRC| method=GET status=200 uri=/api/v1/status latency_human="165.784µs"
2026-07-12 00:01:04 |TRC| method=GET status=200 uri=/api/v1/status latency_human="166.485µs"
2026-07-12 00:01:06 |TRC| method=GET status=200 uri=/api/v1/status latency_human="239.193µs"
2026-07-12 00:01:08 |TRC| method=GET status=200 uri=/api/v1/status latency_human="205.138µs"
2026-07-12 00:01:10 |TRC| method=GET status=200 uri=/api/v1/status latency_human="159.252µs"
2026-07-12 00:01:12 |TRC| method=GET status=200 uri=/api/v1/status latency_human="151.978µs"
2026-07-12 00:01:14 |TRC| method=GET status=200 uri=/api/v1/status latency_human="225.777µs"
2026-07-12 00:01:16 |TRC| method=GET status=200 uri=/api/v1/status latency_human="144.864µs"
2026-07-12 00:01:18 |TRC| method=GET status=200 uri=/api/v1/status latency_human="239.202µs"
2026-07-12 00:01:20 |TRC| method=GET status=200 uri=/api/v1/status latency_human="156.566µs"
2026-07-12 00:01:22 |TRC| method=GET status=200 uri=/api/v1/status latency_human="148.802µs"
2026-07-12 00:01:24 |TRC| method=GET status=200 uri=/api/v1/status latency_human="242.739µs"
2026-07-12 00:01:26 |TRC| method=GET status=200 uri=/api/v1/status latency_human="161.756µs"
2026-07-12 00:01:28 |TRC| method=GET status=200 uri=/api/v1/status latency_human="165.263µs"
2026-07-12 00:01:30 |TRC| method=GET status=200 uri=/api/v1/status latency_human="159.071µs"
2026-07-12 00:01:32 |TRC| method=GET status=200 uri=/api/v1/status latency_human="174.029µs"
2026-07-12 00:01:34 |TRC| method=GET status=200 uri=/api/v1/status latency_human="142.991µs"
2026-07-12 00:01:36 |TRC| method=GET status=200 uri=/api/v1/status latency_human="156.656µs"
2026-07-12 00:01:38 |TRC| method=GET status=200 uri=/api/v1/status latency_human="159.712µs"
2026-07-12 00:01:40 |TRC| method=GET status=200 uri=/api/v1/status latency_human="226.95µs"
2026-07-12 00:01:42 |TRC| method=GET status=200 uri=/api/v1/status latency_human="204.817µs"
2026-07-12 00:01:44 |TRC| method=GET status=200 uri=/api/v1/status latency_human="160.494µs"
2026-07-12 00:01:46 |TRC| method=GET status=200 uri=/api/v1/status latency_human="158.159µs"
2026-07-12 00:01:48 |TRC| method=GET status=200 uri=/api/v1/status latency_human="203.685µs"
2026-07-12 00:01:50 |TRC| method=GET status=200 uri=/api/v1/status latency_human="171.695µs"
2026-07-12 00:01:52 |TRC| method=GET status=200 uri=/api/v1/status latency_human="263.128µs"
2026-07-12 00:01:54 |TRC| method=GET status=200 uri=/api/v1/status latency_human="211.269µs"
2026-07-12 00:01:56 |TRC| method=GET status=200 uri=/api/v1/status latency_human="235.275µs"
2026-07-12 00:01:58 |TRC| method=GET status=200 uri=/api/v1/status latency_human="178.517µs"
2026-07-12 00:02:00 |TRC| method=GET status=200 uri=/api/v1/status latency_human="151.226µs"
2026-07-12 00:02:02 |TRC| method=GET status=200 uri=/api/v1/status latency_human="162.117µs"
2026-07-12 00:02:04 |TRC| method=GET status=200 uri=/api/v1/status latency_human="218.073µs"
2026-07-12 00:02:06 |TRC| method=GET status=200 uri=/api/v1/status latency_human="235.295µs"
2026-07-12 00:02:08 |TRC| method=GET status=200 uri=/api/v1/status latency_human="274.209µs"
2026-07-12 00:02:10 |TRC| method=GET status=200 uri=/api/v1/status latency_human="151.246µs"
2026-07-12 00:02:12 |TRC| method=GET status=200 uri=/api/v1/status latency_human="217.772µs"
2026-07-12 00:02:14 |TRC| method=GET status=200 uri=/api/v1/status latency_human="176.234µs"
2026-07-12 00:02:16 |TRC| method=GET status=200 uri=/api/v1/status latency_human="171.775µs"
2026-07-12 00:02:18 |TRC| method=GET status=200 uri=/api/v1/status latency_human="166.185µs"
2026-07-12 00:02:20 |TRC| method=GET status=200 uri=/api/v1/status latency_human="168.829µs"
2026-07-12 00:02:22 |TRC| method=GET status=200 uri=/api/v1/status latency_human="190.55µs"
2026-07-12 00:02:24 |TRC| method=GET status=200 uri=/api/v1/status latency_human="368.487µs"
2026-07-12 00:02:26 |TRC| method=GET status=200 uri=/api/v1/status latency_human="220.747µs"
2026-07-12 00:02:28 |TRC| method=GET status=200 uri=/api/v1/status latency_human="244.382µs"
2026-07-12 00:02:30 |TRC| method=GET status=200 uri=/api/v1/status latency_human="871.348µs"
2026-07-12 00:02:32 |TRC| method=GET status=200 uri=/api/v1/status latency_human="236.688µs"
2026-07-12 00:02:34 |TRC| method=GET status=200 uri=/api/v1/status latency_human="180.402µs"
2026-07-12 00:02:36 |TRC| method=GET status=200 uri=/api/v1/status latency_human="270µs"
2026-07-12 00:02:38 |TRC| method=GET status=200 uri=/api/v1/status latency_human="150.795µs"
2026-07-12 00:02:40 |TRC| method=GET status=200 uri=/api/v1/status latency_human="175.763µs"
2026-07-12 00:02:42 |TRC| method=GET status=200 uri=/api/v1/status latency_human="160.744µs"
2026-07-12 00:02:44 |TRC| method=GET status=200 uri=/api/v1/status latency_human="171.975µs"
2026-07-12 00:02:46 |TRC| method=GET status=200 uri=/api/v1/status latency_human="261.996µs"
2026-07-12 00:02:48 |TRC| method=GET status=200 uri=/api/v1/status latency_human="319.114µs"
2026-07-12 00:02:50 |TRC| method=GET status=200 uri=/api/v1/status latency_human="249.452µs"
2026-07-12 00:02:52 |TRC| method=GET status=200 uri=/api/v1/status latency_human="290.42µs"
2026-07-12 00:02:54 |TRC| method=GET status=200 uri=/api/v1/status latency_human="157.448µs"
2026-07-12 00:02:56 |TRC| method=GET status=200 uri=/api/v1/status latency_human="223.362µs"
2026-07-12 00:02:58 |TRC| method=GET status=200 uri=/api/v1/status latency_human="148.411µs"
2026-07-12 00:03:00 |TRC| method=GET status=200 uri=/api/v1/status latency_human="164.902µs"
2026-07-12 00:03:02 |TRC| method=GET status=200 uri=/api/v1/status latency_human="165.072µs"
2026-07-12 00:03:04 |TRC| method=GET status=200 uri=/api/v1/status latency_human="157.618µs"
2026-07-12 00:03:06 |TRC| method=GET status=200 uri=/api/v1/status latency_human="190.66µs"
2026-07-12 00:03:08 |TRC| method=GET status=200 uri=/api/v1/status latency_human="203.385µs"
2026-07-12 00:03:10 |TRC| method=GET status=200 uri=/api/v1/status latency_human="231.077µs"
2026-07-12 00:03:12 |TRC| method=GET status=200 uri=/api/v1/status latency_human="187.124µs"
2026-07-12 00:03:14 |TRC| method=GET status=200 uri=/api/v1/status latency_human="196.281µs"
2026-07-12 00:03:16 |TRC| method=GET status=200 uri=/api/v1/status latency_human="236.197µs"
2026-07-12 00:03:17 |TRC| anilist platform > Fetching anime mediaId=182205
2026-07-12 00:03:17 |TRC| anilist platform > Fetching anime mediaId=190569
2026-07-12 00:03:18 |TRC| method=GET status=200 uri=/api/v1/status latency_human="442.367µs"
2026-07-12 00:03:19 |TRC| anilist platform > Fetching anime mediaId=171110
2026-07-12 00:03:20 |TRC| method=GET status=200 uri=/api/v1/status latency_human="254.912µs"
2026-07-12 00:03:22 |TRC| method=GET status=200 uri=/api/v1/status latency_human="226.439µs"
2026-07-12 00:03:24 |TRC| method=GET status=200 uri=/api/v1/status latency_human="179.74µs"
2026-07-12 00:03:26 |TRC| method=GET status=200 uri=/api/v1/status latency_human="210.538µs"
2026-07-12 00:03:27 |ERR| anilist > Failed Request error="request failed: Post \"https://graphql.anilist.co\": dial tcp: lookup graphql.anilist.co on 127.0.0.53:53: read udp 127.0.0.1:35028->127.0.0.53:53: i/o timeout" document=BaseAnimeById duration=10s rlr=
2026-07-12 00:03:27 |ERR| anilist > Failed Request error="request failed: Post \"https://graphql.anilist.co\": dial tcp: lookup graphql.anilist.co on 127.0.0.53:53: read udp 127.0.0.1:35028->127.0.0.53:53: i/o timeout" document=BaseAnimeById duration=9.898s rlr=
2026-07-12 00:03:27 |ERR| anilist > Failed Request error="request failed: Post \"https://graphql.anilist.co\": dial tcp: lookup graphql.anilist.co on 127.0.0.53:53: read udp 127.0.0.1:35028->127.0.0.53:53: i/o timeout" document=BaseAnimeById duration=7.913s rlr=
2026-07-12 00:03:27 |DBG| anilist cache > API failure recorded, monitoring for more failures error="request failed: Post \"https://graphql.anilist.co\": dial tcp: lookup graphql.anilist.co on 127.0.0.53:53: read udp 127.0.0.1:35028->127.0.0.53:53: i/o timeout" recent_failures=3 threshold=4
2026-07-12 00:03:27 |DBG| anilist cache > API failure recorded, monitoring for more failures error="request failed: Post \"https://graphql.anilist.co\": dial tcp: lookup graphql.anilist.co on 127.0.0.53:53: read udp 127.0.0.1:35028->127.0.0.53:53: i/o timeout" recent_failures=2 threshold=4
2026-07-12 00:03:27 |DBG| anilist cache > API failure recorded, monitoring for more failures error="request failed: Post \"https://graphql.anilist.co\": dial tcp: lookup graphql.anilist.co on 127.0.0.53:53: read udp 127.0.0.1:35028->127.0.0.53:53: i/o timeout" recent_failures=1 threshold=4
2026-07-12 00:03:27 |DBG| anilist cache > Serving from cache bucket=base-anime key=182205
2026-07-12 00:03:27 |DBG| animap > Fetching metadata for 182205
2026-07-12 00:03:27 |TRC| method=GET status=500 uri=/api/v1/library/anime-entry/190569 latency_human=9.906368701s
2026-07-12 00:03:27 |TRC| method=GET status=500 uri=/api/v1/library/anime-entry/171110 latency_human=7.920828084s
2026-07-12 00:03:28 |TRC| method=GET status=200 uri=/api/v1/status latency_human="910.953µs"
2026-07-12 00:03:29 |TRC| anilist platform > Fetching anime mediaId=187538
2026-07-12 00:03:30 |TRC| method=GET status=200 uri=/api/v1/status latency_human="236.437µs"
2026-07-12 00:03:32 |TRC| method=GET status=200 uri=/api/v1/status latency_human="139.564µs"
2026-07-12 00:03:34 |TRC| method=GET status=200 uri=/api/v1/status latency_human="186.253µs"
2026-07-12 00:03:36 |TRC| method=GET status=200 uri=/api/v1/status latency_human="177.936µs"
2026-07-12 00:03:37 |TRC| anilist platform > Fetching anime mediaId=182205
2026-07-12 00:03:37 |TRC| anilist platform > Returning anime from cache
2026-07-12 00:03:37 |TRC| method=GET status=200 uri=/api/v1/library/anime-entry/182205 latency_human=20.014632411s
2026-07-12 00:03:38 |TRC| method=GET status=200 uri=/api/v1/status latency_human="226.709µs"
2026-07-12 00:03:39 |ERR| anilist > Failed Request error="request failed: Post \"https://graphql.anilist.co\": dial tcp: lookup graphql.anilist.co on 127.0.0.53:53: read udp 127.0.0.1:33733->127.0.0.53:53: i/o timeout" document=BaseAnimeById duration=10.002s rlr=
2026-07-12 00:03:39 |WRN| anilist cache > Multiple API failures detected, switching to cache-only mode. error="request failed: Post \"https://graphql.anilist.co\": dial tcp: lookup graphql.anilist.co on 127.0.0.53:53: read udp 127.0.0.1:33733->127.0.0.53:53: i/o timeout" recent_failures=4 within_window=30000
2026-07-12 00:03:39 |TRC| method=GET status=500 uri=/api/v1/library/anime-entry/187538 latency_human=10.002630919s
2026-07-12 00:03:40 |TRC| method=GET status=200 uri=/api/v1/status latency_human="195.71µs"
2026-07-12 00:03:42 |TRC| method=GET status=200 uri=/api/v1/status latency_human="202.934µs"
2026-07-12 00:03:44 |TRC| method=GET status=200 uri=/api/v1/status latency_human="250.293µs"
2026-07-12 00:03:46 |TRC| method=GET status=200 uri=/api/v1/status latency_human="157.027µs"
2026-07-12 00:03:48 |TRC| method=GET status=200 uri=/api/v1/status latency_human="231.017µs"
2026-07-12 00:03:50 |TRC| method=GET status=200 uri=/api/v1/status latency_human="149.794µs"
2026-07-12 00:03:52 |TRC| method=GET status=200 uri=/api/v1/status latency_human="176.343µs"
2026-07-12 00:03:54 |TRC| method=GET status=200 uri=/api/v1/status latency_human="153.811µs"
2026-07-12 00:03:56 |TRC| method=GET status=200 uri=/api/v1/status latency_human="198.635µs"
2026-07-12 00:03:58 |TRC| method=GET status=200 uri=/api/v1/status latency_human="172.627µs"
2026-07-12 00:04:00 |TRC| method=GET status=200 uri=/api/v1/status latency_human="128.373µs"
2026-07-12 00:04:02 |TRC| method=GET status=200 uri=/api/v1/status latency_human="158.029µs"
2026-07-12 00:04:04 |TRC| method=GET status=200 uri=/api/v1/status latency_human="147.699µs"
2026-07-12 00:04:06 |TRC| method=GET status=200 uri=/api/v1/status latency_human="222.891µs"
2026-07-12 00:04:08 |TRC| method=GET status=200 uri=/api/v1/status latency_human="154.021µs"
2026-07-12 00:04:10 |TRC| method=GET status=200 uri=/api/v1/status latency_human="131.048µs"
2026-07-12 00:04:12 |TRC| method=GET status=200 uri=/api/v1/status latency_human="194.879µs"
2026-07-12 00:04:14 |TRC| method=GET status=200 uri=/api/v1/status latency_human="157.157µs"
2026-07-12 00:04:16 |TRC| method=GET status=200 uri=/api/v1/status latency_human="219.064µs"
2026-07-12 00:04:18 |TRC| method=GET status=200 uri=/api/v1/status latency_human="150.755µs"
2026-07-12 00:04:20 |TRC| method=GET status=200 uri=/api/v1/status latency_human="154.953µs"
2026-07-12 00:04:22 |TRC| method=GET status=200 uri=/api/v1/status latency_human="154.924µs"
2026-07-12 00:04:24 |TRC| method=GET status=200 uri=/api/v1/status latency_human="158.781µs"
2026-07-12 00:04:26 |TRC| method=GET status=200 uri=/api/v1/status latency_human="222.26µs"
2026-07-12 00:04:28 |TRC| method=GET status=200 uri=/api/v1/status latency_human="162.588µs"
2026-07-12 00:04:30 |TRC| method=GET status=200 uri=/api/v1/status latency_human="187.885µs"
2026-07-12 00:04:32 |TRC| method=GET status=200 uri=/api/v1/status latency_human="258.719µs"
2026-07-12 00:04:34 |TRC| method=GET status=200 uri=/api/v1/status latency_human="188.327µs"
2026-07-12 00:04:36 |TRC| method=GET status=200 uri=/api/v1/status latency_human="185.811µs"
2026-07-12 00:04:38 |TRC| method=GET status=200 uri=/api/v1/status latency_human="225.316µs"
2026-07-12 00:04:40 |TRC| method=GET status=200 uri=/api/v1/status latency_human="165.954µs"
2026-07-12 00:04:42 |TRC| method=GET status=200 uri=/api/v1/status latency_human="152.989µs"
2026-07-12 00:04:44 |TRC| method=GET status=200 uri=/api/v1/status latency_human="161.956µs"
2026-07-12 00:04:46 |TRC| method=GET status=200 uri=/api/v1/status latency_human="183.217µs"
2026-07-12 00:04:48 |TRC| method=GET status=200 uri=/api/v1/status latency_human="167.046µs"
2026-07-12 00:04:50 |TRC| method=GET status=200 uri=/api/v1/status latency_human="190.51µs"
2026-07-12 00:04:52 |TRC| method=GET status=200 uri=/api/v1/status latency_human="176.574µs"
2026-07-12 00:04:54 |TRC| method=GET status=200 uri=/api/v1/status latency_human="152.288µs"
2026-07-12 00:04:56 |TRC| method=GET status=200 uri=/api/v1/status latency_human="158.931µs"
2026-07-12 00:04:58 |TRC| method=GET status=200 uri=/api/v1/status latency_human="161.385µs"
2026-07-12 00:05:00 |TRC| method=GET status=200 uri=/api/v1/status latency_human="177.496µs"
2026-07-12 00:05:02 |TRC| method=GET status=200 uri=/api/v1/status latency_human="159.973µs"
2026-07-12 00:05:04 |TRC| method=GET status=200 uri=/api/v1/status latency_human="262.537µs"
2026-07-12 00:05:06 |TRC| method=GET status=200 uri=/api/v1/status latency_human="224.705µs"
2026-07-12 00:05:08 |TRC| method=GET status=200 uri=/api/v1/status latency_human="157.148µs"
2026-07-12 00:05:10 |TRC| method=GET status=200 uri=/api/v1/status latency_human="157.668µs"
2026-07-12 00:05:12 |TRC| method=GET status=200 uri=/api/v1/status latency_human="150.505µs"
2026-07-12 00:05:14 |TRC| method=GET status=200 uri=/api/v1/status latency_human="181.163µs"
2026-07-12 00:05:16 |TRC| method=GET status=200 uri=/api/v1/status latency_human="170.453µs"
2026-07-12 00:05:18 |TRC| method=GET status=200 uri=/api/v1/status latency_human="177.176µs"
2026-07-12 00:05:20 |TRC| method=GET status=200 uri=/api/v1/status latency_human="253.249µs"
2026-07-12 00:05:22 |TRC| method=GET status=200 uri=/api/v1/status latency_human="165.203µs"
2026-07-12 00:05:24 |TRC| method=GET status=200 uri=/api/v1/status latency_human="201.421µs"
2026-07-12 00:05:26 |TRC| method=GET status=200 uri=/api/v1/status latency_human="179.289µs"
2026-07-12 00:05:28 |TRC| method=GET status=200 uri=/api/v1/status latency_human="158.72µs"
2026-07-12 00:05:30 |TRC| method=GET status=200 uri=/api/v1/status latency_human="181.323µs"
2026-07-12 00:05:32 |TRC| method=GET status=200 uri=/api/v1/status latency_human="218.222µs"
2026-07-12 00:05:34 |TRC| method=GET status=200 uri=/api/v1/status latency_human="220.598µs"
2026-07-12 00:05:36 |TRC| method=GET status=200 uri=/api/v1/status latency_human="168.388µs"
2026-07-12 00:05:38 |TRC| method=GET status=200 uri=/api/v1/status latency_human="513.742µs"
2026-07-12 00:05:40 |TRC| method=GET status=200 uri=/api/v1/status latency_human="244.713µs"
2026-07-12 00:05:42 |TRC| method=GET status=200 uri=/api/v1/status latency_human="224.435µs"
2026-07-12 00:05:44 |TRC| method=GET status=200 uri=/api/v1/status latency_human="206.6µs"
2026-07-12 00:05:46 |TRC| method=GET status=200 uri=/api/v1/status latency_human="162.147µs"
2026-07-12 00:05:48 |TRC| method=GET status=200 uri=/api/v1/status latency_human="183.367µs"
2026-07-12 00:05:50 |TRC| method=GET status=200 uri=/api/v1/status latency_human="183.027µs"
2026-07-12 00:05:52 |TRC| method=GET status=200 uri=/api/v1/status latency_human="164.261µs"
2026-07-12 00:05:54 |TRC| method=GET status=200 uri=/api/v1/status latency_human="185.561µs"
2026-07-12 00:05:56 |TRC| method=GET status=200 uri=/api/v1/status latency_human="166.835µs"
2026-07-12 00:05:58 |TRC| method=GET status=200 uri=/api/v1/status latency_human="127.381µs"
2026-07-12 00:06:00 |TRC| method=GET status=200 uri=/api/v1/status latency_human="220.187µs"
2026-07-12 00:06:02 |TRC| method=GET status=200 uri=/api/v1/status latency_human="305.438µs"
2026-07-12 00:06:04 |TRC| method=GET status=200 uri=/api/v1/status latency_human="203.865µs"
2026-07-12 00:06:06 |TRC| method=GET status=200 uri=/api/v1/status latency_human="188.597µs"
2026-07-12 00:06:07 |WRN| anilist > Successful Request (slow) rlr=29 rtt=1.044s
2026-07-12 00:06:08 |TRC| method=GET status=200 uri=/api/v1/status latency_human="159.381µs"
2026-07-12 00:06:10 |TRC| method=GET status=200 uri=/api/v1/status latency_human="226.328µs"
2026-07-12 00:06:12 |TRC| method=GET status=200 uri=/api/v1/status latency_human="252.027µs"
2026-07-12 00:06:14 |TRC| method=GET status=200 uri=/api/v1/status latency_human="157.869µs"
2026-07-12 00:06:16 |TRC| method=GET status=200 uri=/api/v1/status latency_human="153.66µs"
2026-07-12 00:06:16 |DBG| anilist > Fetching anime collection
2026-07-12 00:06:16 |TRC| ws > Sending message type=check-for-announcements
2026-07-12 00:06:16 |TRC| method=POST status=200 uri=/api/v1/announcements latency_human="268.278µs"
2026-07-12 00:06:17 |INF| anilist > Successful Request rlr=28 rtt=651ms
2026-07-12 00:06:17 |TRC| ws > Sending message type=refreshed-anilist-anime-collection
2026-07-12 00:06:17 |DBG| anilist > Fetching manga collection
2026-07-12 00:06:17 |TRC| method=GET status=200 uri=/api/v1/library/collection latency_human="100.159µs"
2026-07-12 00:06:17 |TRC| method=GET status=200 uri=/api/v1/library/collection latency_human="146.587µs"
2026-07-12 00:06:17 |TRC| method=GET status=200 uri=/api/v1/anilist/collection latency_human="75.483µs"
2026-07-12 00:06:17 |TRC| method=GET status=200 uri=/api/v1/anilist/collection latency_human="88.067µs"
2026-07-12 00:06:17 |TRC| method=GET status=200 uri=/api/v1/library/missing-episodes latency_human="263.588µs"
2026-07-12 00:06:17 |TRC| method=GET status=200 uri=/api/v1/library/missing-episodes latency_human="74.741µs"
2026-07-12 00:06:17 |INF| anilist > Successful Request rlr=27 rtt=715ms
2026-07-12 00:06:17 |TRC| ws > Sending message type=refreshed-anilist-manga-collection
2026-07-12 00:06:17 |TRC| method=GET status=200 uri=/api/v1/manga/collection latency_human="87.275µs"
2026-07-12 00:06:17 |TRC| method=GET status=200 uri=/api/v1/manga/collection latency_human="89.97µs"
2026-07-12 00:06:18 |TRC| method=GET status=200 uri=/api/v1/status latency_human="225.867µs"
2026-07-12 00:06:20 |TRC| method=GET status=200 uri=/api/v1/status latency_human="237.369µs"
2026-07-12 00:06:22 |TRC| method=GET status=200 uri=/api/v1/status latency_human="176.073µs"
2026-07-12 00:06:24 |TRC| method=GET status=200 uri=/api/v1/status latency_human="193.266µs"
2026-07-12 00:06:26 |TRC| method=GET status=200 uri=/api/v1/status latency_human="169.972µs"
2026-07-12 00:06:28 |TRC| method=GET status=200 uri=/api/v1/status latency_human="167.467µs"
2026-07-12 00:06:30 |TRC| method=GET status=200 uri=/api/v1/status latency_human="190.78µs"
2026-07-12 00:06:32 |TRC| method=GET status=200 uri=/api/v1/status latency_human="156.335µs"
2026-07-12 00:06:34 |TRC| method=GET status=200 uri=/api/v1/status latency_human="172.686µs"
2026-07-12 00:06:36 |TRC| method=GET status=200 uri=/api/v1/status latency_human="242.419µs"
2026-07-12 00:06:38 |TRC| method=GET status=200 uri=/api/v1/status latency_human="182.234µs"
2026-07-12 00:06:40 |TRC| method=GET status=200 uri=/api/v1/status latency_human="206.4µs"
2026-07-12 00:06:42 |TRC| method=GET status=200 uri=/api/v1/status latency_human="159.682µs"
2026-07-12 00:06:44 |TRC| method=GET status=200 uri=/api/v1/status latency_human="271.594µs"
2026-07-12 00:06:46 |TRC| method=GET status=200 uri=/api/v1/status latency_human="161.195µs"
2026-07-12 00:06:48 |TRC| method=GET status=200 uri=/api/v1/status latency_human="161.325µs"
2026-07-12 00:06:50 |TRC| method=GET status=200 uri=/api/v1/status latency_human="163.359µs"
2026-07-12 00:06:52 |TRC| method=GET status=200 uri=/api/v1/status latency_human="177.796µs"
2026-07-12 00:06:54 |TRC| method=GET status=200 uri=/api/v1/status latency_human="175.352µs"
2026-07-12 00:06:56 |TRC| method=GET status=200 uri=/api/v1/status latency_human="159.662µs"
2026-07-12 00:06:58 |TRC| method=GET status=200 uri=/api/v1/status latency_human="173.618µs"
2026-07-12 00:07:00 |TRC| method=GET status=200 uri=/api/v1/status latency_human="165.002µs"
2026-07-12 00:07:02 |TRC| method=GET status=200 uri=/api/v1/status latency_human="162.277µs"
2026-07-12 00:07:04 |TRC| method=GET status=200 uri=/api/v1/status latency_human="167.286µs"
2026-07-12 00:07:06 |TRC| method=GET status=200 uri=/api/v1/status latency_human="156.756µs"
2026-07-12 00:07:08 |TRC| method=GET status=200 uri=/api/v1/status latency_human="153.721µs"
2026-07-12 00:07:10 |TRC| method=GET status=200 uri=/api/v1/status latency_human="243.11µs"
2026-07-12 00:07:12 |TRC| method=GET status=200 uri=/api/v1/status latency_human="130.217µs"
2026-07-12 00:07:14 |TRC| method=GET status=200 uri=/api/v1/status latency_human="167.407µs"
2026-07-12 00:07:16 |TRC| method=GET status=200 uri=/api/v1/status latency_human="194.378µs"
2026-07-12 00:07:18 |TRC| method=GET status=200 uri=/api/v1/status latency_human="159.281µs"
2026-07-12 00:07:20 |TRC| method=GET status=200 uri=/api/v1/status latency_human="219.114µs"
2026-07-12 00:07:22 |TRC| method=GET status=200 uri=/api/v1/status latency_human="182.595µs"
2026-07-12 00:07:24 |TRC| method=GET status=200 uri=/api/v1/status latency_human="171.745µs"
2026-07-12 00:07:26 |TRC| method=GET status=200 uri=/api/v1/status latency_human="241.517µs"
2026-07-12 00:07:28 |TRC| method=GET status=200 uri=/api/v1/status latency_human="150.815µs"
2026-07-12 00:07:30 |TRC| method=GET status=200 uri=/api/v1/status latency_human="181.363µs"
2026-07-12 00:07:32 |TRC| method=GET status=200 uri=/api/v1/status latency_human="150.785µs"
2026-07-12 00:07:34 |TRC| method=GET status=200 uri=/api/v1/status latency_human="168.499µs"
2026-07-12 00:07:36 |TRC| method=GET status=200 uri=/api/v1/status latency_human="257.497µs"
2026-07-12 00:07:38 |TRC| method=GET status=200 uri=/api/v1/status latency_human="170.102µs"
2026-07-12 00:07:40 |TRC| method=GET status=200 uri=/api/v1/status latency_human="305.628µs"
2026-07-12 00:07:42 |TRC| method=GET status=200 uri=/api/v1/status latency_human="141.608µs"
2026-07-12 00:07:44 |TRC| method=GET status=200 uri=/api/v1/status latency_human="212.031µs"
2026-07-12 00:07:46 |TRC| method=GET status=200 uri=/api/v1/status latency_human="151.827µs"
2026-07-12 00:07:48 |TRC| method=GET status=200 uri=/api/v1/status latency_human="252.969µs"
2026-07-12 00:07:50 |TRC| method=GET status=200 uri=/api/v1/status latency_human="228.693µs"
2026-07-12 00:07:52 |TRC| method=GET status=200 uri=/api/v1/status latency_human="167.457µs"
2026-07-12 00:07:54 |TRC| method=GET status=200 uri=/api/v1/status latency_human="281.121µs"
2026-07-12 00:07:56 |TRC| method=GET status=200 uri=/api/v1/status latency_human="240.555µs"
2026-07-12 00:07:58 |TRC| method=GET status=200 uri=/api/v1/status latency_human="155.474µs"
2026-07-12 00:08:00 |TRC| method=GET status=200 uri=/api/v1/status latency_human="173.678µs"
2026-07-12 00:08:02 |TRC| method=GET status=200 uri=/api/v1/status latency_human="173.248µs"
2026-07-12 00:08:04 |TRC| method=GET status=200 uri=/api/v1/status latency_human="171.886µs"
2026-07-12 00:08:06 |TRC| method=GET status=200 uri=/api/v1/status latency_human="255.433µs"
2026-07-12 00:08:08 |TRC| method=GET status=200 uri=/api/v1/status latency_human="147.6µs"
2026-07-12 00:08:10 |TRC| method=GET status=200 uri=/api/v1/status latency_human="175.872µs"
2026-07-12 00:08:12 |TRC| method=GET status=200 uri=/api/v1/status latency_human="228.673µs"
2026-07-12 00:08:14 |TRC| method=GET status=200 uri=/api/v1/status latency_human="186.193µs"
2026-07-12 00:08:16 |TRC| method=GET status=200 uri=/api/v1/status latency_human="374.479µs"
2026-07-12 00:08:18 |TRC| method=GET status=200 uri=/api/v1/status latency_human="167.687µs"
2026-07-12 00:08:20 |TRC| method=GET status=200 uri=/api/v1/status latency_human="167.697µs"
2026-07-12 00:08:22 |TRC| method=GET status=200 uri=/api/v1/status latency_human="161.405µs"
2026-07-12 00:08:24 |TRC| method=GET status=200 uri=/api/v1/status latency_human="160.974µs"
2026-07-12 00:08:26 |TRC| method=GET status=200 uri=/api/v1/status latency_human="204.557µs"
2026-07-12 00:08:28 |TRC| method=GET status=200 uri=/api/v1/status latency_human="271.273µs"
2026-07-12 00:08:30 |TRC| method=GET status=200 uri=/api/v1/status latency_human="156.025µs"
2026-07-12 00:08:32 |TRC| method=GET status=200 uri=/api/v1/status latency_human="210.648µs"
2026-07-12 00:08:34 |TRC| method=GET status=200 uri=/api/v1/status latency_human="158.339µs"
2026-07-12 00:08:36 |TRC| method=GET status=200 uri=/api/v1/status latency_human="196.071µs"
2026-07-12 00:08:38 |TRC| method=GET status=200 uri=/api/v1/status latency_human="158.17µs"
2026-07-12 00:08:40 |TRC| method=GET status=200 uri=/api/v1/status latency_human="170.913µs"
2026-07-12 00:08:42 |TRC| method=GET status=200 uri=/api/v1/status latency_human="168.369µs"
2026-07-12 00:08:44 |TRC| method=GET status=200 uri=/api/v1/status latency_human="214.336µs"
2026-07-12 00:08:46 |TRC| method=GET status=200 uri=/api/v1/status latency_human="145.986µs"
2026-07-12 00:08:48 |TRC| method=GET status=200 uri=/api/v1/status latency_human="188.426µs"
2026-07-12 00:08:50 |TRC| method=GET status=200 uri=/api/v1/status latency_human="197.494µs"
2026-07-12 00:08:52 |TRC| method=GET status=200 uri=/api/v1/status latency_human="170.622µs"
2026-07-12 00:08:54 |TRC| method=GET status=200 uri=/api/v1/status latency_human="148.29µs"
2026-07-12 00:08:56 |TRC| method=GET status=200 uri=/api/v1/status latency_human="213.203µs"
2026-07-12 00:08:58 |TRC| method=GET status=200 uri=/api/v1/status latency_human="161.416µs"
2026-07-12 00:09:00 |TRC| method=GET status=200 uri=/api/v1/status latency_human="171.684µs"
2026-07-12 00:09:02 |TRC| method=GET status=200 uri=/api/v1/status latency_human="230.506µs"
2026-07-12 00:09:04 |TRC| method=GET status=200 uri=/api/v1/status latency_human="253.97µs"
2026-07-12 00:09:06 |TRC| method=GET status=200 uri=/api/v1/status latency_human="273.618µs"
2026-07-12 00:09:08 |TRC| method=GET status=200 uri=/api/v1/status latency_human="163.78µs"
2026-07-12 00:09:10 |TRC| method=GET status=200 uri=/api/v1/status latency_human="154.742µs"
2026-07-12 00:09:12 |TRC| method=GET status=200 uri=/api/v1/status latency_human="246.326µs"
2026-07-12 00:09:14 |TRC| method=GET status=200 uri=/api/v1/status latency_human="173.178µs"
2026-07-12 00:09:16 |TRC| method=GET status=200 uri=/api/v1/status latency_human="161.916µs"
2026-07-12 00:09:18 |TRC| method=GET status=200 uri=/api/v1/status latency_human="153.46µs"
2026-07-12 00:09:20 |TRC| method=GET status=200 uri=/api/v1/status latency_human="260.493µs"
2026-07-12 00:09:22 |TRC| method=GET status=200 uri=/api/v1/status latency_human="127.021µs"
2026-07-12 00:09:24 |TRC| method=GET status=200 uri=/api/v1/status latency_human="969.344µs"
2026-07-12 00:09:26 |TRC| method=GET status=200 uri=/api/v1/status latency_human="161.295µs"
2026-07-12 00:09:28 |TRC| method=GET status=200 uri=/api/v1/status latency_human="162.056µs"
2026-07-12 00:09:30 |TRC| method=GET status=200 uri=/api/v1/status latency_human="181.163µs"
2026-07-12 00:09:32 |TRC| method=GET status=200 uri=/api/v1/status latency_human="129.643µs"
2026-07-12 00:09:34 |TRC| method=GET status=200 uri=/api/v1/status latency_human="195.972µs"
2026-07-12 00:09:36 |TRC| method=GET status=200 uri=/api/v1/status latency_human="187.727µs"
2026-07-12 00:09:38 |TRC| method=GET status=200 uri=/api/v1/status latency_human="201.572µs"
2026-07-12 00:09:40 |TRC| method=GET status=200 uri=/api/v1/status latency_human="165.407µs"
2026-07-12 00:09:42 |TRC| method=GET status=200 uri=/api/v1/status latency_human="218.352µs"
2026-07-12 00:09:44 |TRC| method=GET status=200 uri=/api/v1/status latency_human="179.983µs"
2026-07-12 00:09:46 |TRC| method=GET status=200 uri=/api/v1/status latency_human="164.906µs"
2026-07-12 00:09:48 |TRC| method=GET status=200 uri=/api/v1/status latency_human="159.397µs"
2026-07-12 00:09:50 |TRC| method=GET status=200 uri=/api/v1/status latency_human="158.145µs"
2026-07-12 00:09:52 |TRC| method=GET status=200 uri=/api/v1/status latency_human="158.815µs"
2026-07-12 00:09:54 |TRC| method=GET status=200 uri=/api/v1/status latency_human="207.563µs"
2026-07-12 00:09:56 |TRC| method=GET status=200 uri=/api/v1/status latency_human="219.114µs"
2026-07-12 00:09:58 |TRC| method=GET status=200 uri=/api/v1/status latency_human="180.835µs"
2026-07-12 00:10:00 |TRC| method=GET status=200 uri=/api/v1/status latency_human="221.338µs"
2026-07-12 00:10:02 |TRC| method=GET status=200 uri=/api/v1/status latency_human="203.496µs"
2026-07-12 00:10:04 |TRC| method=GET status=200 uri=/api/v1/status latency_human="157.783µs"
2026-07-12 00:10:06 |TRC| method=GET status=200 uri=/api/v1/status latency_human="153.917µs"
2026-07-12 00:10:08 |TRC| method=GET status=200 uri=/api/v1/status latency_human="149.93µs"
2026-07-12 00:10:10 |TRC| method=GET status=200 uri=/api/v1/status latency_human="169.756µs"
2026-07-12 00:10:12 |TRC| method=GET status=200 uri=/api/v1/status latency_human="183.551µs"
2026-07-12 00:10:14 |TRC| method=GET status=200 uri=/api/v1/status latency_human="156.953µs"
2026-07-12 00:10:16 |TRC| method=GET status=200 uri=/api/v1/status latency_human="159.077µs"
2026-07-12 00:10:18 |TRC| method=GET status=200 uri=/api/v1/status latency_human="186.425µs"
2026-07-12 00:10:20 |TRC| method=GET status=200 uri=/api/v1/status latency_human="237.227µs"
2026-07-12 00:10:22 |TRC| method=GET status=200 uri=/api/v1/status latency_human="159.568µs"
2026-07-12 00:10:24 |TRC| method=GET status=200 uri=/api/v1/status latency_human="203.957µs"
2026-07-12 00:10:26 |TRC| method=GET status=200 uri=/api/v1/status latency_human="248.628µs"
2026-07-12 00:10:28 |TRC| method=GET status=200 uri=/api/v1/status latency_human="156.352µs"
2026-07-12 00:10:30 |TRC| method=GET status=200 uri=/api/v1/status latency_human="150.892µs"
2026-07-12 00:10:32 |TRC| method=GET status=200 uri=/api/v1/status latency_human="159.578µs"
2026-07-12 00:10:34 |TRC| method=GET status=200 uri=/api/v1/status latency_human="163.134µs"
2026-07-12 00:10:36 |TRC| method=GET status=200 uri=/api/v1/status latency_human="166.701µs"
2026-07-12 00:10:38 |TRC| method=GET status=200 uri=/api/v1/status latency_human="238.64µs"
2026-07-12 00:10:40 |TRC| method=GET status=200 uri=/api/v1/status latency_human="186.787µs"
2026-07-12 00:10:42 |TRC| method=GET status=200 uri=/api/v1/status latency_human="157.464µs"
2026-07-12 00:10:44 |TRC| method=GET status=200 uri=/api/v1/status latency_human="166.831µs"
2026-07-12 00:10:46 |TRC| method=GET status=200 uri=/api/v1/status latency_human="259.449µs"
2026-07-12 00:10:48 |TRC| method=GET status=200 uri=/api/v1/status latency_human="220.759µs"
2026-07-12 00:10:50 |TRC| method=GET status=200 uri=/api/v1/status latency_human="177.651µs"
2026-07-12 00:10:52 |TRC| method=GET status=200 uri=/api/v1/status latency_human="174.264µs"
2026-07-12 00:10:54 |TRC| method=GET status=200 uri=/api/v1/status latency_human="179.684µs"
2026-07-12 00:10:56 |TRC| method=GET status=200 uri=/api/v1/status latency_human="159.338µs"
2026-07-12 00:10:58 |TRC| method=GET status=200 uri=/api/v1/status latency_human="170.087µs"
2026-07-12 00:11:00 |TRC| method=GET status=200 uri=/api/v1/status latency_human="169.566µs"
2026-07-12 00:11:02 |TRC| method=GET status=200 uri=/api/v1/status latency_human="152.676µs"
2026-07-12 00:11:04 |TRC| method=GET status=200 uri=/api/v1/status latency_human="181.068µs"
2026-07-12 00:11:06 |TRC| method=GET status=200 uri=/api/v1/status latency_human="154.449µs"
2026-07-12 00:11:08 |TRC| method=GET status=200 uri=/api/v1/status latency_human="164.608µs"
2026-07-12 00:11:10 |TRC| method=GET status=200 uri=/api/v1/status latency_human="241.307µs"
2026-07-12 00:11:12 |TRC| method=GET status=200 uri=/api/v1/status latency_human="184.053µs"
2026-07-12 00:11:14 |TRC| method=GET status=200 uri=/api/v1/status latency_human="159.428µs"
2026-07-12 00:11:16 |TRC| method=GET status=200 uri=/api/v1/status latency_human="260.091µs"
2026-07-12 00:11:18 |TRC| method=GET status=200 uri=/api/v1/status latency_human="172.322µs"
2026-07-12 00:11:20 |TRC| method=GET status=200 uri=/api/v1/status latency_human="157.345µs"
2026-07-12 00:11:22 |TRC| method=GET status=200 uri=/api/v1/status latency_human="156.193µs"
2026-07-12 00:11:24 |TRC| method=GET status=200 uri=/api/v1/status latency_human="166.812µs"
2026-07-12 00:11:26 |TRC| method=GET status=200 uri=/api/v1/status latency_human="204.27µs"
2026-07-12 00:11:28 |TRC| method=GET status=200 uri=/api/v1/status latency_human="176.64µs"
2026-07-12 00:11:30 |TRC| method=GET status=200 uri=/api/v1/status latency_human="186.758µs"
2026-07-12 00:11:32 |TRC| method=GET status=200 uri=/api/v1/status latency_human="170.479µs"
2026-07-12 00:11:34 |TRC| method=GET status=200 uri=/api/v1/status latency_human="172.603µs"
2026-07-12 00:11:36 |TRC| method=GET status=200 uri=/api/v1/status latency_human="450.446µs"
2026-07-12 00:11:38 |TRC| method=GET status=200 uri=/api/v1/status latency_human="165.37µs"
2026-07-12 00:11:40 |TRC| method=GET status=200 uri=/api/v1/status latency_human="176.6µs"
2026-07-12 00:11:42 |TRC| method=GET status=200 uri=/api/v1/status latency_human="424.77µs"
2026-07-12 00:11:44 |TRC| method=GET status=200 uri=/api/v1/status latency_human="169.397µs"
2026-07-12 00:11:46 |TRC| method=GET status=200 uri=/api/v1/status latency_human="162.655µs"
2026-07-12 00:11:48 |TRC| method=GET status=200 uri=/api/v1/status latency_human="288.163µs"
2026-07-12 00:11:50 |TRC| method=GET status=200 uri=/api/v1/status latency_human="227.983µs"
2026-07-12 00:11:52 |TRC| method=GET status=200 uri=/api/v1/status latency_human="242.991µs"
2026-07-12 00:11:54 |TRC| method=GET status=200 uri=/api/v1/status latency_human="149.822µs"
2026-07-12 00:11:56 |TRC| method=GET status=200 uri=/api/v1/status latency_human="179.816µs"
2026-07-12 00:11:58 |TRC| method=GET status=200 uri=/api/v1/status latency_human="285.649µs"
2026-07-12 00:12:00 |TRC| method=GET status=200 uri=/api/v1/status latency_human="197.068µs"
2026-07-12 00:12:02 |TRC| method=GET status=200 uri=/api/v1/status latency_human="168.185µs"
2026-07-12 00:12:04 |TRC| method=GET status=200 uri=/api/v1/status latency_human="202.869µs"
2026-07-12 00:12:06 |TRC| method=GET status=200 uri=/api/v1/status latency_human="155.783µs"
2026-07-12 00:12:08 |TRC| method=GET status=200 uri=/api/v1/status latency_human="153.849µs"
2026-07-12 00:12:10 |TRC| method=GET status=200 uri=/api/v1/status latency_human="220.21µs"
2026-07-12 00:12:12 |TRC| method=GET status=200 uri=/api/v1/status latency_human="167.254µs"
2026-07-12 00:12:14 |TRC| method=GET status=200 uri=/api/v1/status latency_human="172.573µs"
2026-07-12 00:12:16 |TRC| method=GET status=200 uri=/api/v1/status latency_human="215.993µs"
2026-07-12 00:12:18 |TRC| method=GET status=200 uri=/api/v1/status latency_human="207.758µs"
2026-07-12 00:12:20 |TRC| method=GET status=200 uri=/api/v1/status latency_human="231.992µs"
2026-07-12 00:12:22 |TRC| method=GET status=200 uri=/api/v1/status latency_human="155.382µs"
2026-07-12 00:12:24 |TRC| method=GET status=200 uri=/api/v1/status latency_human="165.892µs"
2026-07-12 00:12:26 |TRC| method=GET status=200 uri=/api/v1/status latency_human="170.931µs"
2026-07-12 00:12:28 |TRC| method=GET status=200 uri=/api/v1/status latency_human="178.685µs"
2026-07-12 00:12:30 |TRC| method=GET status=200 uri=/api/v1/status latency_human="159.139µs"
2026-07-12 00:12:32 |TRC| method=GET status=200 uri=/api/v1/status latency_human="164.699µs"
2026-07-12 00:12:34 |TRC| method=GET status=200 uri=/api/v1/status latency_human="155.724µs"
2026-07-12 00:12:36 |TRC| method=GET status=200 uri=/api/v1/status latency_human="219.68µs"
2026-07-12 00:12:38 |TRC| method=GET status=200 uri=/api/v1/status latency_human="151.045µs"
2026-07-12 00:12:40 |TRC| method=GET status=200 uri=/api/v1/status latency_human="158.749µs"
2026-07-12 00:12:42 |TRC| method=GET status=200 uri=/api/v1/status latency_human="162.285µs"
2026-07-12 00:12:44 |TRC| method=GET status=200 uri=/api/v1/status latency_human="156.615µs"
2026-07-12 00:12:46 |TRC| method=GET status=200 uri=/api/v1/status latency_human="251.088µs"
2026-07-12 00:12:48 |TRC| method=GET status=200 uri=/api/v1/status latency_human="168.167µs"
2026-07-12 00:12:50 |TRC| method=GET status=200 uri=/api/v1/status latency_human="189.015µs"
2026-07-12 00:12:52 |TRC| method=GET status=200 uri=/api/v1/status latency_human="166.945µs"
2026-07-12 00:12:54 |TRC| method=GET status=200 uri=/api/v1/status latency_human="280.14µs"
2026-07-12 00:12:56 |TRC| method=GET status=200 uri=/api/v1/status latency_human="156.325µs"
2026-07-12 00:12:58 |TRC| method=GET status=200 uri=/api/v1/status latency_human="168.657µs"
2026-07-12 00:13:00 |TRC| method=GET status=200 uri=/api/v1/status latency_human="148.761µs"
2026-07-12 00:13:02 |TRC| method=GET status=200 uri=/api/v1/status latency_human="162.316µs"
2026-07-12 00:13:04 |TRC| method=GET status=200 uri=/api/v1/status latency_human="164.961µs"
2026-07-12 00:13:06 |TRC| method=GET status=200 uri=/api/v1/status latency_human="156.295µs"
2026-07-12 00:13:08 |TRC| method=GET status=200 uri=/api/v1/status latency_human="263.721µs"
2026-07-12 00:13:10 |TRC| method=GET status=200 uri=/api/v1/status latency_human="154.542µs"
2026-07-12 00:13:12 |TRC| method=GET status=200 uri=/api/v1/status latency_human="281.083µs"
2026-07-12 00:13:14 |TRC| method=GET status=200 uri=/api/v1/status latency_human="190.598µs"
2026-07-12 00:13:16 |TRC| method=GET status=200 uri=/api/v1/status latency_human="317.93µs"
2026-07-12 00:13:18 |TRC| method=GET status=200 uri=/api/v1/status latency_human="268.961µs"
2026-07-12 00:13:20 |TRC| method=GET status=200 uri=/api/v1/status latency_human="165.642µs"
2026-07-12 00:13:22 |TRC| method=GET status=200 uri=/api/v1/status latency_human="168.177µs"
2026-07-12 00:13:24 |TRC| method=GET status=200 uri=/api/v1/status latency_human="154.552µs"
2026-07-12 00:13:26 |TRC| method=GET status=200 uri=/api/v1/status latency_human=1.771664ms
2026-07-12 00:13:28 |TRC| method=GET status=200 uri=/api/v1/status latency_human="155.394µs"
2026-07-12 00:13:30 |TRC| method=GET status=200 uri=/api/v1/status latency_human="228.868µs"
2026-07-12 00:13:32 |TRC| method=GET status=200 uri=/api/v1/status latency_human="184.246µs"
2026-07-12 00:13:34 |TRC| method=GET status=200 uri=/api/v1/status latency_human="184.337µs"
2026-07-12 00:13:36 |TRC| method=GET status=200 uri=/api/v1/status latency_human="230.601µs"
2026-07-12 00:13:38 |TRC| method=GET status=200 uri=/api/v1/status latency_human="251.669µs"
2026-07-12 00:13:40 |TRC| method=GET status=200 uri=/api/v1/status latency_human="151.968µs"
2026-07-12 00:13:42 |TRC| method=GET status=200 uri=/api/v1/status latency_human="242.333µs"
2026-07-12 00:13:44 |TRC| method=GET status=200 uri=/api/v1/status latency_human="262.84µs"
2026-07-12 00:13:46 |TRC| method=GET status=200 uri=/api/v1/status latency_human="188.004µs"
2026-07-12 00:13:48 |TRC| method=GET status=200 uri=/api/v1/status latency_human="156.987µs"
2026-07-12 00:13:50 |TRC| method=GET status=200 uri=/api/v1/status latency_human="158.71µs"
2026-07-12 00:13:52 |TRC| method=GET status=200 uri=/api/v1/status latency_human="195.247µs"
2026-07-12 00:13:54 |TRC| method=GET status=200 uri=/api/v1/status latency_human="207.079µs"
2026-07-12 00:13:56 |TRC| method=GET status=200 uri=/api/v1/status latency_human="317.05µs"
2026-07-12 00:13:58 |TRC| method=GET status=200 uri=/api/v1/status latency_human="292.384µs"
2026-07-12 00:14:00 |TRC| method=GET status=200 uri=/api/v1/status latency_human="164.461µs"
2026-07-12 00:14:02 |TRC| method=GET status=200 uri=/api/v1/status latency_human="213.17µs"
2026-07-12 00:14:04 |TRC| method=GET status=200 uri=/api/v1/status latency_human="214.953µs"
2026-07-12 00:14:06 |TRC| method=GET status=200 uri=/api/v1/status latency_human="185.8µs"
2026-07-12 00:14:08 |TRC| method=GET status=200 uri=/api/v1/status latency_human="154.252µs"
2026-07-12 00:14:10 |TRC| method=GET status=200 uri=/api/v1/status latency_human="158.34µs"
2026-07-12 00:14:12 |TRC| method=GET status=200 uri=/api/v1/status latency_human="202.421µs"
2026-07-12 00:14:14 |TRC| method=GET status=200 uri=/api/v1/status latency_human="170.723µs"
2026-07-12 00:14:16 |TRC| method=GET status=200 uri=/api/v1/status latency_human="196.009µs"
2026-07-12 00:14:18 |TRC| method=GET status=200 uri=/api/v1/status latency_human="225.002µs"
2026-07-12 00:14:20 |TRC| method=GET status=200 uri=/api/v1/status latency_human="192.162µs"
2026-07-12 00:14:22 |TRC| method=GET status=200 uri=/api/v1/status latency_human="152.97µs"
2026-07-12 00:14:24 |TRC| method=GET status=200 uri=/api/v1/status latency_human="181.122µs"
2026-07-12 00:14:26 |TRC| method=GET status=200 uri=/api/v1/status latency_human="244.498µs"
2026-07-12 00:14:28 |TRC| method=GET status=200 uri=/api/v1/status latency_human="246.472µs"
2026-07-12 00:14:30 |TRC| method=GET status=200 uri=/api/v1/status latency_human="309.407µs"
2026-07-12 00:14:32 |TRC| method=GET status=200 uri=/api/v1/status latency_human="239.468µs"
2026-07-12 00:14:34 |TRC| method=GET status=200 uri=/api/v1/status latency_human="163.489µs"
2026-07-12 00:14:36 |TRC| method=GET status=200 uri=/api/v1/status latency_human="178.397µs"
2026-07-12 00:14:38 |TRC| method=GET status=200 uri=/api/v1/status latency_human="231.815µs"
2026-07-12 00:14:40 |TRC| method=GET status=200 uri=/api/v1/status latency_human="266.428µs"
2026-07-12 00:14:42 |TRC| method=GET status=200 uri=/api/v1/status latency_human="154.874µs"
2026-07-12 00:14:44 |TRC| method=GET status=200 uri=/api/v1/status latency_human="162.619µs"
2026-07-12 00:14:46 |TRC| method=GET status=200 uri=/api/v1/status latency_human="151.077µs"
2026-07-12 00:14:48 |TRC| method=GET status=200 uri=/api/v1/status latency_human="185.199µs"
2026-07-12 00:14:50 |TRC| method=GET status=200 uri=/api/v1/status latency_human="198.253µs"
2026-07-12 00:14:52 |TRC| method=GET status=200 uri=/api/v1/status latency_human="183.156µs"
2026-07-12 00:14:54 |TRC| method=GET status=200 uri=/api/v1/status latency_human="177.436µs"
2026-07-12 00:14:56 |TRC| method=GET status=200 uri=/api/v1/status latency_human="179.129µs"
2026-07-12 00:14:58 |TRC| method=GET status=200 uri=/api/v1/status latency_human="157.99µs"
2026-07-12 00:15:00 |TRC| method=GET status=200 uri=/api/v1/status latency_human="163.029µs"
2026-07-12 00:15:02 |TRC| method=GET status=200 uri=/api/v1/status latency_human="155.205µs"
2026-07-12 00:15:04 |TRC| method=GET status=200 uri=/api/v1/status latency_human="161.366µs"
2026-07-12 00:15:06 |TRC| method=GET status=200 uri=/api/v1/status latency_human="177.386µs"
2026-07-12 00:15:08 |TRC| method=GET status=200 uri=/api/v1/status latency_human="158.43µs"
2026-07-12 00:15:10 |TRC| method=GET status=200 uri=/api/v1/status latency_human="185.982µs"
2026-07-12 00:15:12 |TRC| method=GET status=200 uri=/api/v1/status latency_human="162.448µs"
2026-07-12 00:15:14 |TRC| method=GET status=200 uri=/api/v1/status latency_human="257.072µs"
2026-07-12 00:15:16 |TRC| method=GET status=200 uri=/api/v1/status latency_human="161.096µs"
2026-07-12 00:15:18 |TRC| method=GET status=200 uri=/api/v1/status latency_human="157.71µs"
2026-07-12 00:15:20 |TRC| method=GET status=200 uri=/api/v1/status latency_human="176.464µs"
2026-07-12 00:15:22 |TRC| method=GET status=200 uri=/api/v1/status latency_human="176.314µs"
2026-07-12 00:15:24 |TRC| method=GET status=200 uri=/api/v1/status latency_human="158.251µs"
2026-07-12 00:15:26 |TRC| method=GET status=200 uri=/api/v1/status latency_human="150.306µs"
2026-07-12 00:15:28 |TRC| method=GET status=200 uri=/api/v1/status latency_human="258.475µs"
2026-07-12 00:15:30 |TRC| method=GET status=200 uri=/api/v1/status latency_human="258.865µs"
2026-07-12 00:15:32 |TRC| method=GET status=200 uri=/api/v1/status latency_human="172.016µs"
2026-07-12 00:15:34 |TRC| method=GET status=200 uri=/api/v1/status latency_human="154.564µs"
2026-07-12 00:15:36 |TRC| method=GET status=200 uri=/api/v1/status latency_human="251.231µs"
2026-07-12 00:15:38 |TRC| method=GET status=200 uri=/api/v1/status latency_human="259.978µs"
2026-07-12 00:15:40 |TRC| method=GET status=200 uri=/api/v1/status latency_human="190.63µs"
2026-07-12 00:15:42 |TRC| method=GET status=200 uri=/api/v1/status latency_human="196.832µs"
2026-07-12 00:15:44 |TRC| method=GET status=200 uri=/api/v1/status latency_human="255.199µs"
2026-07-12 00:15:46 |TRC| method=GET status=200 uri=/api/v1/status latency_human="155.677µs"
2026-07-12 00:15:48 |TRC| method=GET status=200 uri=/api/v1/status latency_human="153.923µs"
2026-07-12 00:15:50 |TRC| method=GET status=200 uri=/api/v1/status latency_human="162.839µs"
2026-07-12 00:15:52 |TRC| method=GET status=200 uri=/api/v1/status latency_human="163.311µs"
2026-07-12 00:15:54 |TRC| method=GET status=200 uri=/api/v1/status latency_human="289.152µs"
2026-07-12 00:15:56 |TRC| method=GET status=200 uri=/api/v1/status latency_human="159.393µs"
2026-07-12 00:15:58 |TRC| method=GET status=200 uri=/api/v1/status latency_human="279.595µs"
2026-07-12 00:16:00 |TRC| method=GET status=200 uri=/api/v1/status latency_human="149.596µs"
2026-07-12 00:16:02 |TRC| method=GET status=200 uri=/api/v1/status latency_human="151.769µs"
2026-07-12 00:16:04 |TRC| method=GET status=200 uri=/api/v1/status latency_human="238.238µs"
2026-07-12 00:16:06 |TRC| method=GET status=200 uri=/api/v1/status latency_human="202.373µs"
2026-07-12 00:16:08 |TRC| method=GET status=200 uri=/api/v1/status latency_human="162.66µs"
2026-07-12 00:16:10 |TRC| method=GET status=200 uri=/api/v1/status latency_human="163.281µs"
2026-07-12 00:16:12 |TRC| method=GET status=200 uri=/api/v1/status latency_human="174.742µs"
2026-07-12 00:16:14 |TRC| method=GET status=200 uri=/api/v1/status latency_human="181.634µs"
2026-07-12 00:16:16 |TRC| method=GET status=200 uri=/api/v1/status latency_human="171.796µs"
2026-07-12 00:16:16 |DBG| anilist > Fetching anime collection
2026-07-12 00:16:16 |TRC| ws > Sending message type=check-for-announcements
2026-07-12 00:16:16 |TRC| method=POST status=200 uri=/api/v1/announcements latency_human="158.121µs"
2026-07-12 00:16:17 |WRN| anilist > Successful Request (slow) rlr=29 rtt=1.111s
2026-07-12 00:16:17 |TRC| ws > Sending message type=refreshed-anilist-anime-collection
2026-07-12 00:16:17 |DBG| anilist > Fetching manga collection
2026-07-12 00:16:17 |TRC| method=GET status=200 uri=/api/v1/library/collection latency_human="86.81µs"
2026-07-12 00:16:17 |TRC| method=GET status=200 uri=/api/v1/library/collection latency_human="87.321µs"
2026-07-12 00:16:17 |TRC| method=GET status=200 uri=/api/v1/anilist/collection latency_human="74.036µs"
2026-07-12 00:16:17 |TRC| method=GET status=200 uri=/api/v1/anilist/collection latency_human="69.227µs"
2026-07-12 00:16:17 |TRC| method=GET status=200 uri=/api/v1/library/missing-episodes latency_human="241.504µs"
2026-07-12 00:16:17 |TRC| method=GET status=200 uri=/api/v1/library/missing-episodes latency_human="60.852µs"
2026-07-12 00:16:18 |TRC| method=GET status=200 uri=/api/v1/status latency_human="317.435µs"
2026-07-12 00:16:18 |INF| anilist > Successful Request rlr=28 rtt=639ms
2026-07-12 00:16:18 |TRC| ws > Sending message type=refreshed-anilist-manga-collection
2026-07-12 00:16:18 |TRC| method=GET status=200 uri=/api/v1/manga/collection latency_human="82.512µs"
2026-07-12 00:16:18 |TRC| method=GET status=200 uri=/api/v1/manga/collection latency_human="118.558µs"
2026-07-12 00:16:20 |TRC| method=GET status=200 uri=/api/v1/status latency_human="196.311µs"
2026-07-12 00:16:22 |TRC| method=GET status=200 uri=/api/v1/status latency_human="172.668µs"
2026-07-12 00:16:24 |TRC| method=GET status=200 uri=/api/v1/status latency_human="219.024µs"
2026-07-12 00:16:26 |TRC| method=GET status=200 uri=/api/v1/status latency_human="150.568µs"
2026-07-12 00:16:28 |TRC| method=GET status=200 uri=/api/v1/status latency_human="176.224µs"
2026-07-12 00:16:30 |TRC| method=GET status=200 uri=/api/v1/status latency_human="159.724µs"
2026-07-12 00:16:32 |TRC| method=GET status=200 uri=/api/v1/status latency_human="164.844µs"
2026-07-12 00:16:34 |TRC| method=GET status=200 uri=/api/v1/status latency_human="160.055µs"
2026-07-12 00:16:36 |TRC| method=GET status=200 uri=/api/v1/status latency_human="222.931µs"
2026-07-12 00:16:38 |TRC| method=GET status=200 uri=/api/v1/status latency_human="228.811µs"
2026-07-12 00:16:40 |TRC| method=GET status=200 uri=/api/v1/status latency_human="193.336µs"
2026-07-12 00:16:42 |TRC| method=GET status=200 uri=/api/v1/status latency_human="216.309µs"
2026-07-12 00:16:44 |TRC| method=GET status=200 uri=/api/v1/status latency_human="235.424µs"
2026-07-12 00:16:46 |TRC| method=GET status=200 uri=/api/v1/status latency_human="219.404µs"
2026-07-12 00:16:48 |TRC| method=GET status=200 uri=/api/v1/status latency_human="166.107µs"
2026-07-12 00:16:50 |TRC| method=GET status=200 uri=/api/v1/status latency_human="171.306µs"
2026-07-12 00:16:52 |TRC| method=GET status=200 uri=/api/v1/status latency_human="162.159µs"
2026-07-12 00:16:54 |TRC| method=GET status=200 uri=/api/v1/status latency_human="225.876µs"
2026-07-12 00:16:56 |TRC| method=GET status=200 uri=/api/v1/status latency_human="377.285µs"
2026-07-12 00:16:58 |TRC| method=GET status=200 uri=/api/v1/status latency_human="263.606µs"
2026-07-12 00:17:00 |TRC| method=GET status=200 uri=/api/v1/status latency_human="126.763µs"
2026-07-12 00:17:02 |TRC| method=GET status=200 uri=/api/v1/status latency_human="195.029µs"
2026-07-12 00:17:04 |TRC| method=GET status=200 uri=/api/v1/status latency_human="188.417µs"
2026-07-12 00:17:06 |TRC| method=GET status=200 uri=/api/v1/status latency_human="159.935µs"
2026-07-12 00:17:08 |TRC| method=GET status=200 uri=/api/v1/status latency_human="295.155µs"
2026-07-12 00:17:10 |TRC| method=GET status=200 uri=/api/v1/status latency_human="263.035µs"
2026-07-12 00:17:12 |TRC| method=GET status=200 uri=/api/v1/status latency_human="166.097µs"
2026-07-12 00:17:14 |TRC| method=GET status=200 uri=/api/v1/status latency_human="256.904µs"
2026-07-12 00:17:16 |TRC| method=GET status=200 uri=/api/v1/status latency_human="158.503µs"
2026-07-12 00:17:18 |TRC| method=GET status=200 uri=/api/v1/status latency_human="133.897µs"
2026-07-12 00:17:20 |TRC| method=GET status=200 uri=/api/v1/status latency_human="486.729µs"
2026-07-12 00:17:22 |TRC| method=GET status=200 uri=/api/v1/status latency_human="146.801µs"
2026-07-12 00:17:24 |TRC| method=GET status=200 uri=/api/v1/status latency_human="161.128µs"
2026-07-12 00:17:26 |TRC| method=GET status=200 uri=/api/v1/status latency_human="143.996µs"
2026-07-12 00:17:28 |TRC| method=GET status=200 uri=/api/v1/status latency_human="171.977µs"
2026-07-12 00:17:30 |TRC| method=GET status=200 uri=/api/v1/status latency_human="232.63µs"
2026-07-12 00:17:32 |TRC| method=GET status=200 uri=/api/v1/status latency_human="158.152µs"
2026-07-12 00:17:34 |TRC| method=GET status=200 uri=/api/v1/status latency_human="180.162µs"
2026-07-12 00:17:36 |TRC| method=GET status=200 uri=/api/v1/status latency_human="172.188µs"
2026-07-12 00:17:38 |TRC| method=GET status=200 uri=/api/v1/status latency_human="128.137µs"
2026-07-12 00:17:40 |TRC| method=GET status=200 uri=/api/v1/status latency_human="178.79µs"
2026-07-12 00:17:42 |TRC| method=GET status=200 uri=/api/v1/status latency_human="244.712µs"
2026-07-12 00:17:44 |TRC| method=GET status=200 uri=/api/v1/status latency_human="212.342µs"
2026-07-12 00:17:46 |TRC| method=GET status=200 uri=/api/v1/status latency_human="193.828µs"
2026-07-12 00:17:48 |TRC| method=GET status=200 uri=/api/v1/status latency_human="216.741µs"
2026-07-12 00:17:50 |TRC| method=GET status=200 uri=/api/v1/status latency_human="237.84µs"
2026-07-12 00:17:52 |TRC| method=GET status=200 uri=/api/v1/status latency_human="214.376µs"
2026-07-12 00:17:54 |TRC| method=GET status=200 uri=/api/v1/status latency_human="157.902µs"
2026-07-12 00:17:56 |TRC| method=GET status=200 uri=/api/v1/status latency_human="219.876µs"
2026-07-12 00:17:58 |TRC| method=GET status=200 uri=/api/v1/status latency_human="172.328µs"
2026-07-12 00:18:00 |TRC| method=GET status=200 uri=/api/v1/status latency_human="188.268µs"
2026-07-12 00:18:02 |TRC| method=GET status=200 uri=/api/v1/status latency_human="233.682µs"
2026-07-12 00:18:04 |TRC| method=GET status=200 uri=/api/v1/status latency_human="163.883µs"
2026-07-12 00:18:06 |TRC| method=GET status=200 uri=/api/v1/status latency_human="151.169µs"
2026-07-12 00:18:08 |TRC| method=GET status=200 uri=/api/v1/status latency_human="132.335µs"
2026-07-12 00:18:10 |TRC| method=GET status=200 uri=/api/v1/status latency_human="165.717µs"
2026-07-12 00:18:12 |TRC| method=GET status=200 uri=/api/v1/status latency_human="247.368µs"
2026-07-12 00:18:14 |TRC| method=GET status=200 uri=/api/v1/status latency_human="155.948µs"
2026-07-12 00:18:16 |TRC| method=GET status=200 uri=/api/v1/status latency_human="165.877µs"
2026-07-12 00:18:18 |TRC| method=GET status=200 uri=/api/v1/status latency_human="169.814µs"
2026-07-12 00:18:20 |TRC| method=GET status=200 uri=/api/v1/status latency_human="176.116µs"
2026-07-12 00:18:22 |TRC| method=GET status=200 uri=/api/v1/status latency_human="160.948µs"
2026-07-12 00:18:24 |TRC| method=GET status=200 uri=/api/v1/status latency_human="203.216µs"
2026-07-12 00:18:26 |TRC| method=GET status=200 uri=/api/v1/status latency_human="211.261µs"
2026-07-12 00:18:28 |TRC| method=GET status=200 uri=/api/v1/status latency_human="154.356µs"
2026-07-12 00:18:30 |TRC| method=GET status=200 uri=/api/v1/status latency_human="149.616µs"
2026-07-12 00:18:32 |TRC| method=GET status=200 uri=/api/v1/status latency_human="153.374µs"
2026-07-12 00:18:34 |TRC| method=GET status=200 uri=/api/v1/status latency_human="258.077µs"
2026-07-12 00:18:36 |TRC| method=GET status=200 uri=/api/v1/status latency_human="163.453µs"
2026-07-12 00:18:38 |TRC| method=GET status=200 uri=/api/v1/status latency_human="180.805µs"
2026-07-12 00:18:40 |TRC| method=GET status=200 uri=/api/v1/status latency_human="158.023µs"
2026-07-12 00:18:42 |TRC| method=GET status=200 uri=/api/v1/status latency_human="183.159µs"
2026-07-12 00:18:44 |TRC| method=GET status=200 uri=/api/v1/status latency_human="170.616µs"
2026-07-12 00:18:46 |TRC| method=GET status=200 uri=/api/v1/status latency_human="174.163µs"
2026-07-12 00:18:48 |TRC| method=GET status=200 uri=/api/v1/status latency_human="239.503µs"
2026-07-12 00:18:50 |TRC| method=GET status=200 uri=/api/v1/status latency_human="150.618µs"
2026-07-12 00:18:52 |TRC| method=GET status=200 uri=/api/v1/status latency_human="171.768µs"
2026-07-12 00:18:54 |TRC| method=GET status=200 uri=/api/v1/status latency_human="153.434µs"
2026-07-12 00:18:56 |TRC| method=GET status=200 uri=/api/v1/status latency_human="172.519µs"
2026-07-12 00:18:58 |TRC| method=GET status=200 uri=/api/v1/status latency_human="149.597µs"
2026-07-12 00:19:00 |TRC| method=GET status=200 uri=/api/v1/status latency_human="148.906µs"
2026-07-12 00:19:02 |TRC| method=GET status=200 uri=/api/v1/status latency_human="173.972µs"
2026-07-12 00:19:04 |TRC| method=GET status=200 uri=/api/v1/status latency_human="219.897µs"
2026-07-12 00:19:06 |TRC| method=GET status=200 uri=/api/v1/status latency_human="187.828µs"
2026-07-12 00:19:08 |TRC| method=GET status=200 uri=/api/v1/status latency_human="213.034µs"
2026-07-12 00:19:10 |TRC| method=GET status=200 uri=/api/v1/status latency_human="162.14µs"
2026-07-12 00:19:12 |TRC| method=GET status=200 uri=/api/v1/status latency_human="176.887µs"
2026-07-12 00:19:14 |TRC| method=GET status=200 uri=/api/v1/status latency_human="134.699µs"
2026-07-12 00:19:16 |TRC| method=GET status=200 uri=/api/v1/status latency_human="151.01µs"
2026-07-12 00:19:18 |TRC| method=GET status=200 uri=/api/v1/status latency_human="151.821µs"
2026-07-12 00:19:20 |TRC| method=GET status=200 uri=/api/v1/status latency_human="154.877µs"
2026-07-12 00:19:22 |TRC| method=GET status=200 uri=/api/v1/status latency_human="220.95µs"
2026-07-12 00:19:24 |TRC| method=GET status=200 uri=/api/v1/status latency_human="152.904µs"
2026-07-12 00:19:26 |TRC| method=GET status=200 uri=/api/v1/status latency_human="178.602µs"
2026-07-12 00:19:28 |TRC| method=GET status=200 uri=/api/v1/status latency_human="224.646µs"
2026-07-12 00:19:30 |TRC| method=GET status=200 uri=/api/v1/status latency_human="160.919µs"
2026-07-12 00:19:32 |TRC| method=GET status=200 uri=/api/v1/status latency_human="157.261µs"
2026-07-12 00:19:34 |TRC| method=GET status=200 uri=/api/v1/status latency_human="155.939µs"
2026-07-12 00:19:36 |TRC| method=GET status=200 uri=/api/v1/status latency_human="160.006µs"
2026-07-12 00:19:38 |TRC| method=GET status=200 uri=/api/v1/status latency_human="167.992µs"
2026-07-12 00:19:40 |TRC| method=GET status=200 uri=/api/v1/status latency_human="218.355µs"
2026-07-12 00:19:42 |TRC| method=GET status=200 uri=/api/v1/status latency_human="236.969µs"
2026-07-12 00:19:44 |TRC| method=GET status=200 uri=/api/v1/status latency_human="163.604µs"
2026-07-12 00:19:46 |TRC| method=GET status=200 uri=/api/v1/status latency_human="158.123µs"
2026-07-12 00:19:48 |TRC| method=GET status=200 uri=/api/v1/status latency_human="157.853µs"
2026-07-12 00:19:50 |TRC| method=GET status=200 uri=/api/v1/status latency_human="176.147µs"
2026-07-12 00:19:52 |TRC| method=GET status=200 uri=/api/v1/status latency_human="182.117µs"
2026-07-12 00:19:54 |TRC| method=GET status=200 uri=/api/v1/status latency_human="224.456µs"
2026-07-12 00:19:56 |TRC| method=GET status=200 uri=/api/v1/status latency_human="209.859µs"
2026-07-12 00:19:58 |TRC| method=GET status=200 uri=/api/v1/status latency_human="158.514µs"
2026-07-12 00:20:00 |TRC| method=GET status=200 uri=/api/v1/status latency_human="178.791µs"
2026-07-12 00:20:02 |TRC| method=GET status=200 uri=/api/v1/status latency_human="162.621µs"
2026-07-12 00:20:04 |TRC| method=GET status=200 uri=/api/v1/status latency_human="178.541µs"
2026-07-12 00:20:06 |TRC| method=GET status=200 uri=/api/v1/status latency_human="152.634µs"
2026-07-12 00:20:08 |TRC| method=GET status=200 uri=/api/v1/status latency_human="150.549µs"
2026-07-12 00:20:10 |TRC| method=GET status=200 uri=/api/v1/status latency_human="167.641µs"
2026-07-12 00:20:12 |TRC| method=GET status=200 uri=/api/v1/status latency_human="212.314µs"
2026-07-12 00:20:14 |TRC| method=GET status=200 uri=/api/v1/status latency_human="164.185µs"
2026-07-12 00:20:16 |TRC| method=GET status=200 uri=/api/v1/status latency_human="245.967µs"
2026-07-12 00:20:18 |TRC| method=GET status=200 uri=/api/v1/status latency_human="154.436µs"
2026-07-12 00:20:20 |TRC| method=GET status=200 uri=/api/v1/status latency_human="172.079µs"
2026-07-12 00:20:22 |TRC| method=GET status=200 uri=/api/v1/status latency_human="156.641µs"
2026-07-12 00:20:24 |TRC| method=GET status=200 uri=/api/v1/status latency_human="153.254µs"
2026-07-12 00:20:26 |TRC| method=GET status=200 uri=/api/v1/status latency_human="160.137µs"
2026-07-12 00:20:28 |TRC| method=GET status=200 uri=/api/v1/status latency_human="149.548µs"
2026-07-12 00:20:30 |TRC| method=GET status=200 uri=/api/v1/status latency_human="167.23µs"
2026-07-12 00:20:32 |TRC| method=GET status=200 uri=/api/v1/status latency_human="190.735µs"
2026-07-12 00:20:34 |TRC| method=GET status=200 uri=/api/v1/status latency_human="168.944µs"
2026-07-12 00:20:36 |TRC| method=GET status=200 uri=/api/v1/status latency_human="156.23µs"
2026-07-12 00:20:38 |TRC| method=GET status=200 uri=/api/v1/status latency_human="196.775µs"
2026-07-12 00:20:40 |TRC| method=GET status=200 uri=/api/v1/status latency_human="152.584µs"
2026-07-12 00:20:42 |TRC| method=GET status=200 uri=/api/v1/status latency_human="155.409µs"
2026-07-12 00:20:44 |TRC| method=GET status=200 uri=/api/v1/status latency_human="156.45µs"
2026-07-12 00:20:46 |TRC| method=GET status=200 uri=/api/v1/status latency_human="177.901µs"
2026-07-12 00:20:48 |TRC| method=GET status=200 uri=/api/v1/status latency_human="167.812µs"
2026-07-12 00:20:50 |TRC| method=GET status=200 uri=/api/v1/status latency_human="180.134µs"
2026-07-12 00:20:52 |TRC| method=GET status=200 uri=/api/v1/status latency_human="202.366µs"
2026-07-12 00:20:54 |TRC| method=GET status=200 uri=/api/v1/status latency_human="162.301µs"
2026-07-12 00:20:56 |TRC| method=GET status=200 uri=/api/v1/status latency_human="159.356µs"
2026-07-12 00:20:58 |TRC| method=GET status=200 uri=/api/v1/status latency_human="221.862µs"
2026-07-12 00:21:00 |TRC| method=GET status=200 uri=/api/v1/status latency_human="180.005µs"
2026-07-12 00:21:02 |TRC| method=GET status=200 uri=/api/v1/status latency_human="152.363µs"
2026-07-12 00:21:04 |TRC| method=GET status=200 uri=/api/v1/status latency_human="175.998µs"
2026-07-12 00:21:06 |TRC| method=GET status=200 uri=/api/v1/status latency_human="279.75µs"
2026-07-12 00:21:08 |TRC| method=GET status=200 uri=/api/v1/status latency_human="317.039µs"
2026-07-12 00:21:10 |TRC| method=GET status=200 uri=/api/v1/status latency_human="164.946µs"
2026-07-12 00:21:12 |TRC| method=GET status=200 uri=/api/v1/status latency_human="170.837µs"
2026-07-12 00:21:14 |TRC| method=GET status=200 uri=/api/v1/status latency_human="162.682µs"
2026-07-12 00:21:16 |TRC| method=GET status=200 uri=/api/v1/status latency_human="178.321µs"
2026-07-12 00:21:18 |TRC| method=GET status=200 uri=/api/v1/status latency_human="157.443µs"
2026-07-12 00:21:20 |TRC| method=GET status=200 uri=/api/v1/status latency_human="181.047µs"
2026-07-12 00:21:22 |TRC| method=GET status=200 uri=/api/v1/status latency_human="160.078µs"
2026-07-12 00:21:24 |TRC| method=GET status=200 uri=/api/v1/status latency_human="172.791µs"
2026-07-12 00:21:26 |TRC| method=GET status=200 uri=/api/v1/status latency_human="157.243µs"
2026-07-12 00:21:28 |TRC| method=GET status=200 uri=/api/v1/status latency_human="160.008µs"
2026-07-12 00:21:30 |TRC| method=GET status=200 uri=/api/v1/status latency_human="171.038µs"
2026-07-12 00:21:32 |TRC| method=GET status=200 uri=/api/v1/status latency_human="196.736µs"
2026-07-12 00:21:34 |TRC| method=GET status=200 uri=/api/v1/status latency_human="158.244µs"
2026-07-12 00:21:36 |TRC| method=GET status=200 uri=/api/v1/status latency_human="221.722µs"
2026-07-12 00:21:38 |TRC| method=GET status=200 uri=/api/v1/status latency_human="210.02µs"
2026-07-12 00:21:40 |TRC| method=GET status=200 uri=/api/v1/status latency_human="161.13µs"
2026-07-12 00:21:42 |TRC| method=GET status=200 uri=/api/v1/status latency_human="223.085µs"
2026-07-12 00:21:44 |TRC| method=GET status=200 uri=/api/v1/status latency_human="162.532µs"
2026-07-12 00:21:46 |TRC| method=GET status=200 uri=/api/v1/status latency_human="174.955µs"
2026-07-12 00:21:48 |TRC| method=GET status=200 uri=/api/v1/status latency_human="137.475µs"
2026-07-12 00:21:50 |TRC| method=GET status=200 uri=/api/v1/status latency_human="142.906µs"
2026-07-12 00:21:52 |TRC| method=GET status=200 uri=/api/v1/status latency_human="171.709µs"
2026-07-12 00:21:54 |TRC| method=GET status=200 uri=/api/v1/status latency_human="148.215µs"
2026-07-12 00:21:56 |TRC| method=GET status=200 uri=/api/v1/status latency_human="276.475µs"
2026-07-12 00:21:58 |TRC| method=GET status=200 uri=/api/v1/status latency_human="152.204µs"
2026-07-12 00:22:00 |TRC| method=GET status=200 uri=/api/v1/status latency_human="223.787µs"
2026-07-12 00:22:02 |TRC| method=GET status=200 uri=/api/v1/status latency_human="170.468µs"
2026-07-12 00:22:04 |TRC| method=GET status=200 uri=/api/v1/status latency_human="221.673µs"
2026-07-12 00:22:06 |TRC| method=GET status=200 uri=/api/v1/status latency_human="277.226µs"
2026-07-12 00:22:08 |TRC| method=GET status=200 uri=/api/v1/status latency_human="253.482µs"
2026-07-12 00:22:10 |TRC| method=GET status=200 uri=/api/v1/status latency_human="164.646µs"
2026-07-12 00:22:12 |TRC| method=GET status=200 uri=/api/v1/status latency_human="238.544µs"
2026-07-12 00:22:14 |TRC| method=GET status=200 uri=/api/v1/status latency_human="217.264µs"
2026-07-12 00:22:16 |TRC| method=GET status=200 uri=/api/v1/status latency_human="163.424µs"
2026-07-12 00:22:18 |TRC| method=GET status=200 uri=/api/v1/status latency_human="166.069µs"
2026-07-12 00:22:20 |TRC| method=GET status=200 uri=/api/v1/status latency_human="150.991µs"
2026-07-12 00:22:22 |TRC| method=GET status=200 uri=/api/v1/status latency_human="168.774µs"
2026-07-12 00:22:24 |TRC| method=GET status=200 uri=/api/v1/status latency_human="267.548µs"
2026-07-12 00:22:26 |TRC| method=GET status=200 uri=/api/v1/status latency_human="176.158µs"
2026-07-12 00:22:28 |TRC| method=GET status=200 uri=/api/v1/status latency_human="162.532µs"
2026-07-12 00:22:30 |TRC| method=GET status=200 uri=/api/v1/status latency_human="222.644µs"
2026-07-12 00:22:32 |TRC| method=GET status=200 uri=/api/v1/status latency_human="167.702µs"
2026-07-12 00:22:34 |TRC| method=GET status=200 uri=/api/v1/status latency_human="179.945µs"
2026-07-12 00:22:36 |TRC| method=GET status=200 uri=/api/v1/status latency_human="163.284µs"
2026-07-12 00:22:38 |TRC| method=GET status=200 uri=/api/v1/status latency_human="158.615µs"
2026-07-12 00:22:40 |TRC| method=GET status=200 uri=/api/v1/status latency_human="237.011µs"
2026-07-12 00:22:42 |TRC| method=GET status=200 uri=/api/v1/status latency_human="172.591µs"
2026-07-12 00:22:44 |TRC| method=GET status=200 uri=/api/v1/status latency_human="186.578µs"
2026-07-12 00:22:46 |TRC| method=GET status=200 uri=/api/v1/status latency_human="219.669µs"
2026-07-12 00:22:48 |TRC| method=GET status=200 uri=/api/v1/status latency_human="199.912µs"
2026-07-12 00:22:50 |TRC| method=GET status=200 uri=/api/v1/status latency_human="145.05µs"
2026-07-12 00:22:52 |TRC| method=GET status=200 uri=/api/v1/status latency_human="268.671µs"
2026-07-12 00:22:54 |TRC| method=GET status=200 uri=/api/v1/status latency_human="220.541µs"
2026-07-12 00:22:56 |TRC| method=GET status=200 uri=/api/v1/status latency_human="147.495µs"
2026-07-12 00:22:58 |TRC| method=GET status=200 uri=/api/v1/status latency_human="177.42µs"
2026-07-12 00:23:00 |TRC| method=GET status=200 uri=/api/v1/status latency_human="177.49µs"
2026-07-12 00:23:02 |TRC| method=GET status=200 uri=/api/v1/status latency_human="165.208µs"
2026-07-12 00:23:04 |TRC| method=GET status=200 uri=/api/v1/status latency_human="265.204µs"
2026-07-12 00:23:06 |TRC| method=GET status=200 uri=/api/v1/status latency_human="208.84µs"
2026-07-12 00:23:08 |TRC| method=GET status=200 uri=/api/v1/status latency_human="128.269µs"
2026-07-12 00:23:10 |TRC| method=GET status=200 uri=/api/v1/status latency_human="369.448µs"
2026-07-12 00:23:12 |TRC| method=GET status=200 uri=/api/v1/status latency_human="161.081µs"
2026-07-12 00:23:14 |TRC| method=GET status=200 uri=/api/v1/status latency_human="173.793µs"
2026-07-12 00:23:16 |TRC| method=GET status=200 uri=/api/v1/status latency_human="165.509µs"
2026-07-12 00:23:18 |TRC| method=GET status=200 uri=/api/v1/status latency_human="157.664µs"
2026-07-12 00:23:20 |TRC| method=GET status=200 uri=/api/v1/status latency_human="151.633µs"
2026-07-12 00:23:22 |TRC| method=GET status=200 uri=/api/v1/status latency_human="203.068µs"
2026-07-12 00:23:24 |TRC| method=GET status=200 uri=/api/v1/status latency_human="233.055µs"
2026-07-12 00:23:26 |TRC| method=GET status=200 uri=/api/v1/status latency_human="179.855µs"
2026-07-12 00:23:28 |TRC| method=GET status=200 uri=/api/v1/status latency_human="160.559µs"
2026-07-12 00:23:30 |TRC| method=GET status=200 uri=/api/v1/status latency_human="158.125µs"
2026-07-12 00:23:32 |TRC| method=GET status=200 uri=/api/v1/status latency_human="210.302µs"
2026-07-12 00:23:34 |TRC| method=GET status=200 uri=/api/v1/status latency_human="166.049µs"
2026-07-12 00:23:36 |TRC| method=GET status=200 uri=/api/v1/status latency_human="236.09µs"
2026-07-12 00:23:38 |TRC| method=GET status=200 uri=/api/v1/status latency_human="220.662µs"
2026-07-12 00:23:40 |TRC| method=GET status=200 uri=/api/v1/status latency_human="186.978µs"
2026-07-12 00:23:42 |TRC| method=GET status=200 uri=/api/v1/status latency_human="224.649µs"
2026-07-12 00:23:44 |TRC| method=GET status=200 uri=/api/v1/status latency_human="154.879µs"
2026-07-12 00:23:46 |TRC| method=GET status=200 uri=/api/v1/status latency_human="155.81µs"
2026-07-12 00:23:48 |TRC| method=GET status=200 uri=/api/v1/status latency_human="154.648µs"
2026-07-12 00:23:50 |TRC| method=GET status=200 uri=/api/v1/status latency_human="148.227µs"
2026-07-12 00:23:52 |TRC| method=GET status=200 uri=/api/v1/status latency_human="221.563µs"
2026-07-12 00:23:54 |TRC| method=GET status=200 uri=/api/v1/status latency_human="144.89µs"
2026-07-12 00:23:56 |TRC| method=GET status=200 uri=/api/v1/status latency_human="157.123µs"
2026-07-12 00:23:58 |TRC| method=GET status=200 uri=/api/v1/status latency_human="150.03µs"
2026-07-12 00:24:00 |TRC| method=GET status=200 uri=/api/v1/status latency_human="228.436µs"
2026-07-12 00:24:02 |TRC| method=GET status=200 uri=/api/v1/status latency_human="175.186µs"
2026-07-12 00:24:04 |TRC| method=GET status=200 uri=/api/v1/status latency_human="252.19µs"
2026-07-12 00:24:06 |TRC| method=GET status=200 uri=/api/v1/status latency_human="224.178µs"
2026-07-12 00:24:08 |TRC| method=GET status=200 uri=/api/v1/status latency_human="232.915µs"
2026-07-12 00:24:10 |TRC| method=GET status=200 uri=/api/v1/status latency_human="139.059µs"
2026-07-12 00:24:12 |TRC| method=GET status=200 uri=/api/v1/status latency_human="169.967µs"
2026-07-12 00:24:14 |TRC| method=GET status=200 uri=/api/v1/status latency_human="166.54µs"
2026-07-12 00:24:16 |TRC| method=GET status=200 uri=/api/v1/status latency_human="128.33µs"
2026-07-12 00:24:18 |TRC| method=GET status=200 uri=/api/v1/status latency_human="174.866µs"
2026-07-12 00:24:20 |TRC| method=GET status=200 uri=/api/v1/status latency_human="162.513µs"
2026-07-12 00:24:22 |TRC| method=GET status=200 uri=/api/v1/status latency_human="166.25µs"
2026-07-12 00:24:24 |TRC| method=GET status=200 uri=/api/v1/status latency_human="152.665µs"
2026-07-12 00:24:26 |TRC| method=GET status=200 uri=/api/v1/status latency_human="145.853µs"
2026-07-12 00:24:28 |TRC| method=GET status=200 uri=/api/v1/status latency_human="182.37µs"
2026-07-12 00:24:30 |TRC| method=GET status=200 uri=/api/v1/status latency_human="140.402µs"
2026-07-12 00:24:32 |TRC| method=GET status=200 uri=/api/v1/status latency_human="137.867µs"
2026-07-12 00:24:34 |TRC| method=GET status=200 uri=/api/v1/status latency_human="168.064µs"
2026-07-12 00:24:36 |TRC| method=GET status=200 uri=/api/v1/status latency_human="155.881µs"
2026-07-12 00:24:38 |TRC| method=GET status=200 uri=/api/v1/status latency_human="155.47µs"
2026-07-12 00:24:40 |TRC| method=GET status=200 uri=/api/v1/status latency_human="144.83µs"
2026-07-12 00:24:42 |TRC| method=GET status=200 uri=/api/v1/status latency_human="186.438µs"
2026-07-12 00:24:44 |TRC| method=GET status=200 uri=/api/v1/status latency_human="249.496µs"
2026-07-12 00:24:46 |TRC| method=GET status=200 uri=/api/v1/status latency_human="198.801µs"
2026-07-12 00:24:48 |TRC| method=GET status=200 uri=/api/v1/status latency_human="196.847µs"
2026-07-12 00:24:50 |TRC| method=GET status=200 uri=/api/v1/status latency_human="158.225µs"
2026-07-12 00:24:52 |TRC| method=GET status=200 uri=/api/v1/status latency_human="203.901µs"
2026-07-12 00:24:54 |TRC| method=GET status=200 uri=/api/v1/status latency_human="161.271µs"
2026-07-12 00:24:56 |TRC| method=GET status=200 uri=/api/v1/status latency_human="197.399µs"
2026-07-12 00:24:58 |TRC| method=GET status=200 uri=/api/v1/status latency_human="171.64µs"
2026-07-12 00:25:00 |TRC| method=GET status=200 uri=/api/v1/status latency_human="154.569µs"
2026-07-12 00:25:02 |TRC| method=GET status=200 uri=/api/v1/status latency_human="160.48µs"
2026-07-12 00:25:04 |TRC| method=GET status=200 uri=/api/v1/status latency_human="161.301µs"
2026-07-12 00:25:06 |TRC| method=GET status=200 uri=/api/v1/status latency_human="147.446µs"
2026-07-12 00:25:08 |TRC| method=GET status=200 uri=/api/v1/status latency_human="164.938µs"
2026-07-12 00:25:10 |TRC| method=GET status=200 uri=/api/v1/status latency_human="128.47µs"
2026-07-12 00:25:12 |TRC| method=GET status=200 uri=/api/v1/status latency_human="160.49µs"
2026-07-12 00:25:14 |TRC| method=GET status=200 uri=/api/v1/status latency_human="196.668µs"
2026-07-12 00:25:16 |TRC| method=GET status=200 uri=/api/v1/status latency_human="210.163µs"
2026-07-12 00:25:18 |TRC| method=GET status=200 uri=/api/v1/status latency_human="157.434µs"
2026-07-12 00:25:20 |TRC| method=GET status=200 uri=/api/v1/status latency_human="179.816µs"
2026-07-12 00:25:22 |TRC| method=GET status=200 uri=/api/v1/status latency_human="233.306µs"
2026-07-12 00:25:24 |TRC| method=GET status=200 uri=/api/v1/status latency_human="268.011µs"
2026-07-12 00:25:26 |TRC| method=GET status=200 uri=/api/v1/status latency_human="149.639µs"
2026-07-12 00:25:28 |TRC| method=GET status=200 uri=/api/v1/status latency_human="209.802µs"
2026-07-12 00:25:30 |TRC| method=GET status=200 uri=/api/v1/status latency_human="329.835µs"
2026-07-12 00:25:32 |TRC| method=GET status=200 uri=/api/v1/status latency_human="170.779µs"
2026-07-12 00:25:34 |TRC| method=GET status=200 uri=/api/v1/status latency_human="249.496µs"
2026-07-12 00:25:36 |TRC| method=GET status=200 uri=/api/v1/status latency_human="248.143µs"
2026-07-12 00:25:38 |TRC| method=GET status=200 uri=/api/v1/status latency_human="176.83µs"
2026-07-12 00:25:40 |TRC| method=GET status=200 uri=/api/v1/status latency_human="159.367µs"
2026-07-12 00:25:42 |TRC| method=GET status=200 uri=/api/v1/status latency_human="389.277µs"
2026-07-12 00:25:42 |TRC| anilist platform > Fetching anime mediaId=196187
2026-07-12 00:25:42 |TRC| anilist platform > Fetching anime mediaId=184492
2026-07-12 00:25:43 |INF| anilist > Successful Request rlr=29 rtt=796ms
2026-07-12 00:25:43 |INF| anilist > Successful Request rlr=28 rtt=834ms
2026-07-12 00:25:43 |DBG| animap > Fetching metadata for 184492
2026-07-12 00:25:43 |DBG| animap > Fetching metadata for 196187
2026-07-12 00:25:44 |TRC| method=GET status=200 uri=/api/v1/status latency_human="187.841µs"
2026-07-12 00:25:46 |TRC| method=GET status=200 uri=/api/v1/status latency_human="170.498µs"
2026-07-12 00:25:47 |TRC| anilist platform > Fetching anime mediaId=209983
2026-07-12 00:25:48 |INF| anilist > Successful Request rlr=27 rtt=610ms
2026-07-12 00:25:48 |DBG| animap > Fetching metadata for 209983
2026-07-12 00:25:48 |TRC| method=GET status=200 uri=/api/v1/status latency_human="484.625µs"
2026-07-12 00:25:49 |TRC| anilist platform > Fetching anime mediaId=209983
2026-07-12 00:25:49 |TRC| anilist platform > Returning anime from cache
2026-07-12 00:25:49 |TRC| method=GET status=200 uri=/api/v1/library/anime-entry/209983 latency_human=1.839985708s
2026-07-12 00:25:49 |TRC| method=GET status=200 uri=/api/v1/library/anime-entry/196187 latency_human=6.777893892s
2026-07-12 00:25:49 |TRC| method=GET status=200 uri=/api/v1/library/anime-entry/184492 latency_human=6.941781396s
2026-07-12 00:25:50 |TRC| method=GET status=200 uri=/api/v1/status latency_human="167.563µs"
2026-07-12 00:25:52 |TRC| method=GET status=200 uri=/api/v1/status latency_human="246.29µs"
2026-07-12 00:25:54 |TRC| method=GET status=200 uri=/api/v1/status latency_human="154.418µs"
2026-07-12 00:25:56 |TRC| method=GET status=200 uri=/api/v1/status latency_human="182.151µs"
2026-07-12 00:25:58 |TRC| method=GET status=200 uri=/api/v1/status latency_human="197.159µs"
2026-07-12 00:26:00 |TRC| method=GET status=200 uri=/api/v1/status latency_human="175.568µs"
2026-07-12 00:26:02 |TRC| method=GET status=200 uri=/api/v1/status latency_human="444.21µs"
2026-07-12 00:26:04 |TRC| method=GET status=200 uri=/api/v1/status latency_human="149.76µs"
2026-07-12 00:26:06 |TRC| method=GET status=200 uri=/api/v1/status latency_human=2.524116ms
2026-07-12 00:26:08 |TRC| method=GET status=200 uri=/api/v1/status latency_human="537.635µs"
2026-07-12 00:26:10 |TRC| method=GET status=200 uri=/api/v1/status latency_human="141.715µs"
2026-07-12 00:26:12 |TRC| method=GET status=200 uri=/api/v1/status latency_human="150.762µs"
2026-07-12 00:26:14 |TRC| method=GET status=200 uri=/api/v1/status latency_human="213.529µs"
2026-07-12 00:26:16 |TRC| method=GET status=200 uri=/api/v1/status latency_human="300.882µs"
2026-07-12 00:26:16 |DBG| anilist > Fetching anime collection
2026-07-12 00:26:16 |TRC| ws > Sending message type=check-for-announcements
2026-07-12 00:26:16 |TRC| method=POST status=200 uri=/api/v1/announcements latency_human="195.686µs"
2026-07-12 00:26:17 |INF| anilist > Successful Request rlr=26 rtt=755ms
2026-07-12 00:26:17 |TRC| ws > Sending message type=refreshed-anilist-anime-collection
2026-07-12 00:26:17 |DBG| anilist > Fetching manga collection
2026-07-12 00:26:17 |TRC| method=GET status=200 uri=/api/v1/library/collection latency_human="120.626µs"
2026-07-12 00:26:17 |TRC| method=GET status=200 uri=/api/v1/library/collection latency_human="129.822µs"
2026-07-12 00:26:17 |TRC| method=GET status=200 uri=/api/v1/anilist/collection latency_human="84.618µs"
2026-07-12 00:26:17 |TRC| method=GET status=200 uri=/api/v1/anilist/collection latency_human="73.417µs"
2026-07-12 00:26:17 |TRC| method=GET status=200 uri=/api/v1/library/missing-episodes latency_human="235.13µs"
2026-07-12 00:26:17 |TRC| method=GET status=200 uri=/api/v1/library/missing-episodes latency_human="202.609µs"
2026-07-12 00:26:17 |INF| anilist > Successful Request rlr=25 rtt=617ms
2026-07-12 00:26:17 |TRC| ws > Sending message type=refreshed-anilist-manga-collection
2026-07-12 00:26:17 |TRC| method=GET status=200 uri=/api/v1/manga/collection latency_human="91.992µs"
2026-07-12 00:26:17 |TRC| method=GET status=200 uri=/api/v1/manga/collection latency_human="93.996µs"
2026-07-12 00:26:18 |TRC| method=GET status=200 uri=/api/v1/status latency_human="719.144µs"
2026-07-12 00:26:20 |TRC| method=GET status=200 uri=/api/v1/status latency_human="176.39µs"
2026-07-12 00:26:22 |TRC| method=GET status=200 uri=/api/v1/status latency_human="163.475µs"
2026-07-12 00:26:24 |TRC| method=GET status=200 uri=/api/v1/status latency_human="281.626µs"
2026-07-12 00:26:26 |TRC| method=GET status=200 uri=/api/v1/status latency_human="210.434µs"
2026-07-12 00:26:28 |TRC| method=GET status=200 uri=/api/v1/status latency_human="168.395µs"
2026-07-12 00:26:30 |TRC| method=GET status=200 uri=/api/v1/status latency_human="195.736µs"
2026-07-12 00:26:32 |TRC| method=GET status=200 uri=/api/v1/status latency_human="148.437µs"
2026-07-12 00:26:34 |TRC| method=GET status=200 uri=/api/v1/status latency_human="258.653µs"
2026-07-12 00:26:36 |TRC| method=GET status=200 uri=/api/v1/status latency_human="193.391µs"
2026-07-12 00:26:38 |TRC| method=GET status=200 uri=/api/v1/status latency_human="161.281µs"
2026-07-12 00:26:40 |TRC| method=GET status=200 uri=/api/v1/status latency_human="262.27µs"
2026-07-12 00:26:42 |TRC| method=GET status=200 uri=/api/v1/status latency_human="122.299µs"
2026-07-12 00:26:44 |TRC| method=GET status=200 uri=/api/v1/status latency_human="148.498µs"
2026-07-12 00:26:46 |TRC| method=GET status=200 uri=/api/v1/status latency_human="249.346µs"
2026-07-12 00:26:48 |TRC| method=GET status=200 uri=/api/v1/status latency_human="156.893µs"
2026-07-12 00:26:50 |TRC| method=GET status=200 uri=/api/v1/status latency_human="170.258µs"
2026-07-12 00:26:52 |TRC| method=GET status=200 uri=/api/v1/status latency_human="387.625µs"
2026-07-12 00:26:54 |TRC| method=GET status=200 uri=/api/v1/status latency_human="171.2µs"
2026-07-12 00:26:56 |TRC| method=GET status=200 uri=/api/v1/status latency_human="190.065µs"
2026-07-12 00:26:58 |TRC| method=GET status=200 uri=/api/v1/status latency_human="257.772µs"
2026-07-12 00:27:00 |TRC| method=GET status=200 uri=/api/v1/status latency_human="158.096µs"
2026-07-12 00:27:02 |TRC| method=GET status=200 uri=/api/v1/status latency_human="159.519µs"
2026-07-12 00:27:04 |TRC| method=GET status=200 uri=/api/v1/status latency_human="156.011µs"
2026-07-12 00:27:06 |TRC| method=GET status=200 uri=/api/v1/status latency_human="151.553µs"
2026-07-12 00:27:08 |TRC| method=GET status=200 uri=/api/v1/status latency_human="207.748µs"
2026-07-12 00:27:10 |TRC| method=GET status=200 uri=/api/v1/status latency_human="271.147µs"
2026-07-12 00:27:12 |TRC| method=GET status=200 uri=/api/v1/status latency_human="157.064µs"
2026-07-12 00:27:14 |TRC| method=GET status=200 uri=/api/v1/status latency_human="170.71µs"
2026-07-12 00:27:16 |TRC| method=GET status=200 uri=/api/v1/status latency_human="183.193µs"
2026-07-12 00:27:18 |TRC| method=GET status=200 uri=/api/v1/status latency_human="185.677µs"
2026-07-12 00:27:20 |TRC| method=GET status=200 uri=/api/v1/status latency_human="234.528µs"
2026-07-12 00:27:22 |TRC| method=GET status=200 uri=/api/v1/status latency_human="214.711µs"
2026-07-12 00:27:24 |TRC| method=GET status=200 uri=/api/v1/status latency_human="172.082µs"
2026-07-12 00:27:26 |TRC| method=GET status=200 uri=/api/v1/status latency_human="166.451µs"
2026-07-12 00:27:28 |TRC| method=GET status=200 uri=/api/v1/status latency_human="170.939µs"
2026-07-12 00:27:30 |TRC| method=GET status=200 uri=/api/v1/status latency_human="228.156µs"
2026-07-12 00:27:32 |TRC| method=GET status=200 uri=/api/v1/status latency_human="167.654µs"
2026-07-12 00:27:34 |TRC| method=GET status=200 uri=/api/v1/status latency_human="444.642µs"
2026-07-12 00:27:36 |TRC| method=GET status=200 uri=/api/v1/status latency_human="162.905µs"
2026-07-12 00:27:38 |TRC| method=GET status=200 uri=/api/v1/status latency_human="162.775µs"
2026-07-12 00:27:40 |TRC| method=GET status=200 uri=/api/v1/status latency_human="166.411µs"
2026-07-12 00:27:42 |TRC| method=GET status=200 uri=/api/v1/status latency_human="183.233µs"
2026-07-12 00:27:44 |TRC| method=GET status=200 uri=/api/v1/status latency_human="371.895µs"
2026-07-12 00:27:46 |TRC| method=GET status=200 uri=/api/v1/status latency_human="176.029µs"
2026-07-12 00:27:48 |TRC| method=GET status=200 uri=/api/v1/status latency_human="213.84µs"
2026-07-12 00:27:50 |TRC| method=GET status=200 uri=/api/v1/status latency_human="157.775µs"
2026-07-12 00:27:52 |TRC| method=GET status=200 uri=/api/v1/status latency_human="171.461µs"
2026-07-12 00:27:54 |TRC| method=GET status=200 uri=/api/v1/status latency_human="169.918µs"
2026-07-12 00:27:56 |TRC| method=GET status=200 uri=/api/v1/status latency_human="153.708µs"
2026-07-12 00:27:58 |TRC| method=GET status=200 uri=/api/v1/status latency_human="168.525µs"
2026-07-12 00:28:00 |TRC| method=GET status=200 uri=/api/v1/status latency_human="155.361µs"
2026-07-12 00:28:02 |TRC| method=GET status=200 uri=/api/v1/status latency_human="200.144µs"
2026-07-12 00:28:04 |TRC| method=GET status=200 uri=/api/v1/status latency_human="170.82µs"
2026-07-12 00:28:06 |TRC| method=GET status=200 uri=/api/v1/status latency_human="160.65µs"
2026-07-12 00:28:08 |TRC| method=GET status=200 uri=/api/v1/status latency_human="254.336µs"
2026-07-12 00:28:10 |TRC| method=GET status=200 uri=/api/v1/status latency_human="173.245µs"
2026-07-12 00:28:12 |TRC| method=GET status=200 uri=/api/v1/status latency_human="161.001µs"
2026-07-12 00:28:14 |TRC| method=GET status=200 uri=/api/v1/status latency_human="352.7µs"
2026-07-12 00:28:16 |TRC| method=GET status=200 uri=/api/v1/status latency_human="162.324µs"
2026-07-12 00:28:18 |TRC| method=GET status=200 uri=/api/v1/status latency_human="223.899µs"
2026-07-12 00:28:20 |TRC| method=GET status=200 uri=/api/v1/status latency_human="264.185µs"
2026-07-12 00:28:22 |TRC| method=GET status=200 uri=/api/v1/status latency_human="149.62µs"
2026-07-12 00:28:24 |TRC| method=GET status=200 uri=/api/v1/status latency_human="225.652µs"
2026-07-12 00:28:26 |TRC| method=GET status=200 uri=/api/v1/status latency_human="179.636µs"
2026-07-12 00:28:28 |TRC| method=GET status=200 uri=/api/v1/status latency_human="256.099µs"
2026-07-12 00:28:30 |TRC| method=GET status=200 uri=/api/v1/status latency_human="143.859µs"
2026-07-12 00:28:32 |TRC| method=GET status=200 uri=/api/v1/status latency_human="228.297µs"
2026-07-12 00:28:34 |TRC| method=GET status=200 uri=/api/v1/status latency_human="178.524µs"
2026-07-12 00:28:36 |TRC| method=GET status=200 uri=/api/v1/status latency_human="159.539µs"
2026-07-12 00:28:38 |TRC| method=GET status=200 uri=/api/v1/status latency_human="158.266µs"
2026-07-12 00:28:40 |TRC| method=GET status=200 uri=/api/v1/status latency_human="213.088µs"
2026-07-12 00:28:42 |TRC| method=GET status=200 uri=/api/v1/status latency_human="164.358µs"
2026-07-12 00:28:44 |TRC| method=GET status=200 uri=/api/v1/status latency_human="149.079µs"
2026-07-12 00:28:46 |TRC| method=GET status=200 uri=/api/v1/status latency_human="160.821µs"
2026-07-12 00:28:48 |TRC| method=GET status=200 uri=/api/v1/status latency_human="167.804µs"
2026-07-12 00:28:50 |TRC| method=GET status=200 uri=/api/v1/status latency_human="126.036µs"
2026-07-12 00:28:52 |TRC| method=GET status=200 uri=/api/v1/status latency_human="428.201µs"
2026-07-12 00:28:54 |TRC| method=GET status=200 uri=/api/v1/status latency_human="179.887µs"
2026-07-12 00:28:56 |TRC| method=GET status=200 uri=/api/v1/status latency_human="165.57µs"
2026-07-12 00:28:58 |TRC| method=GET status=200 uri=/api/v1/status latency_human="200.015µs"
2026-07-12 00:29:00 |TRC| method=GET status=200 uri=/api/v1/status latency_human="191.048µs"
2026-07-12 00:29:02 |TRC| method=GET status=200 uri=/api/v1/status latency_human="151.493µs"
2026-07-12 00:29:04 |TRC| method=GET status=200 uri=/api/v1/status latency_human="214.873µs"
2026-07-12 00:29:06 |TRC| method=GET status=200 uri=/api/v1/status latency_human="155.421µs"
2026-07-12 00:29:08 |TRC| method=GET status=200 uri=/api/v1/status latency_human="159.037µs"
2026-07-12 00:29:10 |TRC| method=GET status=200 uri=/api/v1/status latency_human="158.887µs"
2026-07-12 00:29:12 |TRC| method=GET status=200 uri=/api/v1/status latency_human="223.97µs"
2026-07-12 00:29:14 |TRC| method=GET status=200 uri=/api/v1/status latency_human="164.438µs"
2026-07-12 00:29:16 |TRC| method=GET status=200 uri=/api/v1/status latency_human="156.163µs"
2026-07-12 00:29:18 |TRC| method=GET status=200 uri=/api/v1/status latency_human="160.64µs"
2026-07-12 00:29:20 |TRC| method=GET status=200 uri=/api/v1/status latency_human="162.044µs"
2026-07-12 00:29:22 |TRC| method=GET status=200 uri=/api/v1/status latency_human="158.737µs"
2026-07-12 00:29:24 |TRC| method=GET status=200 uri=/api/v1/status latency_human="277.84µs"
2026-07-12 00:29:26 |TRC| method=GET status=200 uri=/api/v1/status latency_human="148.788µs"
2026-07-12 00:29:28 |TRC| method=GET status=200 uri=/api/v1/status latency_human="192.03µs"
2026-07-12 00:29:30 |TRC| method=GET status=200 uri=/api/v1/status latency_human="223.037µs"
2026-07-12 00:29:32 |TRC| method=GET status=200 uri=/api/v1/status latency_human="168.175µs"
2026-07-12 00:29:34 |TRC| method=GET status=200 uri=/api/v1/status latency_human="189.936µs"
2026-07-12 00:29:36 |TRC| method=GET status=200 uri=/api/v1/status latency_human="199.033µs"
2026-07-12 00:29:38 |TRC| method=GET status=200 uri=/api/v1/status latency_human="198.402µs"
2026-07-12 00:29:40 |TRC| method=GET status=200 uri=/api/v1/status latency_human="212.357µs"
2026-07-12 00:29:42 |TRC| method=GET status=200 uri=/api/v1/status latency_human="164.879µs"
2026-07-12 00:29:44 |TRC| method=GET status=200 uri=/api/v1/status latency_human="174.246µs"
2026-07-12 00:29:46 |TRC| method=GET status=200 uri=/api/v1/status latency_human="157.295µs"
2026-07-12 00:29:48 |TRC| method=GET status=200 uri=/api/v1/status latency_human="222.146µs"
2026-07-12 00:29:50 |TRC| method=GET status=200 uri=/api/v1/status latency_human="202.289µs"
2026-07-12 00:29:52 |TRC| method=GET status=200 uri=/api/v1/status latency_human="198.612µs"
2026-07-12 00:29:54 |TRC| method=GET status=200 uri=/api/v1/status latency_human="214.972µs"
2026-07-12 00:29:56 |TRC| method=GET status=200 uri=/api/v1/status latency_human="168.576µs"
2026-07-12 00:29:58 |TRC| method=GET status=200 uri=/api/v1/status latency_human="221.805µs"
2026-07-12 00:30:00 |TRC| method=GET status=200 uri=/api/v1/status latency_human="171.982µs"
2026-07-12 00:30:02 |TRC| method=GET status=200 uri=/api/v1/status latency_human="265.537µs"
2026-07-12 00:30:04 |TRC| method=GET status=200 uri=/api/v1/status latency_human="230.612µs"
2026-07-12 00:30:06 |TRC| method=GET status=200 uri=/api/v1/status latency_human="244.849µs"
2026-07-12 00:30:08 |TRC| method=GET status=200 uri=/api/v1/status latency_human="344.225µs"
2026-07-12 00:30:10 |TRC| method=GET status=200 uri=/api/v1/status latency_human="205.986µs"
2026-07-12 00:30:12 |TRC| method=GET status=200 uri=/api/v1/status latency_human="162.775µs"
2026-07-12 00:30:14 |TRC| method=GET status=200 uri=/api/v1/status latency_human="207.048µs"
2026-07-12 00:30:16 |TRC| method=GET status=200 uri=/api/v1/status latency_human="148.107µs"
2026-07-12 00:30:18 |TRC| method=GET status=200 uri=/api/v1/status latency_human="215.313µs"
2026-07-12 00:30:20 |TRC| method=GET status=200 uri=/api/v1/status latency_human="217.267µs"
2026-07-12 00:30:22 |TRC| method=GET status=200 uri=/api/v1/status latency_human="213.79µs"
2026-07-12 00:30:24 |TRC| method=GET status=200 uri=/api/v1/status latency_human="161.563µs"
2026-07-12 00:30:26 |TRC| method=GET status=200 uri=/api/v1/status latency_human="177.182µs"
2026-07-12 00:30:28 |TRC| method=GET status=200 uri=/api/v1/status latency_human="146.965µs"
2026-07-12 00:30:30 |TRC| method=GET status=200 uri=/api/v1/status latency_human="257.452µs"
2026-07-12 00:30:32 |TRC| method=GET status=200 uri=/api/v1/status latency_human="207.499µs"
2026-07-12 00:30:34 |TRC| method=GET status=200 uri=/api/v1/status latency_human="160.601µs"
2026-07-12 00:30:36 |TRC| method=GET status=200 uri=/api/v1/status latency_human="130.355µs"
2026-07-12 00:30:38 |TRC| method=GET status=200 uri=/api/v1/status latency_human="215.774µs"
2026-07-12 00:30:40 |TRC| method=GET status=200 uri=/api/v1/status latency_human="217.458µs"
2026-07-12 00:30:42 |TRC| method=GET status=200 uri=/api/v1/status latency_human="160.701µs"
2026-07-12 00:30:44 |TRC| method=GET status=200 uri=/api/v1/status latency_human="147.787µs"
2026-07-12 00:30:46 |TRC| method=GET status=200 uri=/api/v1/status latency_human="165.269µs"
2026-07-12 00:30:48 |TRC| method=GET status=200 uri=/api/v1/status latency_human="212.959µs"
2026-07-12 00:30:50 |TRC| method=GET status=200 uri=/api/v1/status latency_human="157.726µs"
2026-07-12 00:30:52 |TRC| method=GET status=200 uri=/api/v1/status latency_human="147.346µs"
2026-07-12 00:30:54 |TRC| method=GET status=200 uri=/api/v1/status latency_human="162.955µs"
2026-07-12 00:30:56 |TRC| method=GET status=200 uri=/api/v1/status latency_human="152.606µs"
2026-07-12 00:30:58 |TRC| method=GET status=200 uri=/api/v1/status latency_human="165.37µs"
2026-07-12 00:31:00 |TRC| method=GET status=200 uri=/api/v1/status latency_human="205.545µs"
2026-07-12 00:31:02 |TRC| method=GET status=200 uri=/api/v1/status latency_human="176.731µs"
2026-07-12 00:31:04 |TRC| method=GET status=200 uri=/api/v1/status latency_human="177.663µs"
2026-07-12 00:31:06 |TRC| method=GET status=200 uri=/api/v1/status latency_human="167.134µs"
2026-07-12 00:31:08 |TRC| method=GET status=200 uri=/api/v1/status latency_human="261.42µs"
2026-07-12 00:31:10 |TRC| method=GET status=200 uri=/api/v1/status latency_human="212.909µs"
2026-07-12 00:31:12 |TRC| method=GET status=200 uri=/api/v1/status latency_human="202.098µs"
2026-07-12 00:31:14 |TRC| method=GET status=200 uri=/api/v1/status latency_human="150.512µs"
2026-07-12 00:31:16 |TRC| method=GET status=200 uri=/api/v1/status latency_human="161.272µs"
2026-07-12 00:31:18 |TRC| method=GET status=200 uri=/api/v1/status latency_human="187.622µs"
2026-07-12 00:31:20 |TRC| method=GET status=200 uri=/api/v1/status latency_human="178.665µs"
2026-07-12 00:31:22 |TRC| method=GET status=200 uri=/api/v1/status latency_human="156.583µs"
2026-07-12 00:31:24 |TRC| method=GET status=200 uri=/api/v1/status latency_human="166.483µs"
2026-07-12 00:31:26 |TRC| method=GET status=200 uri=/api/v1/status latency_human="181.871µs"
2026-07-12 00:31:28 |TRC| method=GET status=200 uri=/api/v1/status latency_human="181.13µs"
2026-07-12 00:31:30 |TRC| method=GET status=200 uri=/api/v1/status latency_human="178.875µs"
2026-07-12 00:31:32 |TRC| method=GET status=200 uri=/api/v1/status latency_human="151.474µs"
2026-07-12 00:31:34 |TRC| method=GET status=200 uri=/api/v1/status latency_human="164.257µs"
2026-07-12 00:31:36 |TRC| method=GET status=200 uri=/api/v1/status latency_human="216.626µs"
2026-07-12 00:31:38 |TRC| method=GET status=200 uri=/api/v1/status latency_human="391.263µs"
2026-07-12 00:31:40 |TRC| method=GET status=200 uri=/api/v1/status latency_human="239.479µs"
2026-07-12 00:31:42 |TRC| method=GET status=200 uri=/api/v1/status latency_human="195.106µs"
2026-07-12 00:31:44 |TRC| method=GET status=200 uri=/api/v1/status latency_human="165.24µs"
2026-07-12 00:31:46 |TRC| method=GET status=200 uri=/api/v1/status latency_human="162.966µs"
2026-07-12 00:31:48 |TRC| method=GET status=200 uri=/api/v1/status latency_human="163.667µs"
2026-07-12 00:31:50 |TRC| method=GET status=200 uri=/api/v1/status latency_human="164.899µs"
2026-07-12 00:31:52 |TRC| method=GET status=200 uri=/api/v1/status latency_human="228.609µs"
2026-07-12 00:31:54 |TRC| method=GET status=200 uri=/api/v1/status latency_human="181.38µs"
2026-07-12 00:31:56 |TRC| method=GET status=200 uri=/api/v1/status latency_human="185.318µs"
2026-07-12 00:31:58 |TRC| method=GET status=200 uri=/api/v1/status latency_human="155.892µs"
2026-07-12 00:32:00 |TRC| method=GET status=200 uri=/api/v1/status latency_human="155.482µs"
2026-07-12 00:32:02 |TRC| method=GET status=200 uri=/api/v1/status latency_human="189.736µs"
2026-07-12 00:32:04 |TRC| method=GET status=200 uri=/api/v1/status latency_human="170.86µs"
2026-07-12 00:32:06 |TRC| method=GET status=200 uri=/api/v1/status latency_human="170.71µs"
2026-07-12 00:32:08 |TRC| method=GET status=200 uri=/api/v1/status latency_human="208.13µs"
2026-07-12 00:32:10 |TRC| method=GET status=200 uri=/api/v1/status latency_human="173.405µs"
2026-07-12 00:32:12 |TRC| method=GET status=200 uri=/api/v1/status latency_human="134.172µs"
2026-07-12 00:32:14 |TRC| method=GET status=200 uri=/api/v1/status latency_human="120.186µs"
2026-07-12 00:32:16 |TRC| method=GET status=200 uri=/api/v1/status latency_human="316.363µs"
2026-07-12 00:32:18 |TRC| method=GET status=200 uri=/api/v1/status latency_human="159.219µs"
2026-07-12 00:32:20 |TRC| method=GET status=200 uri=/api/v1/status latency_human="160.301µs"
2026-07-12 00:32:22 |TRC| method=GET status=200 uri=/api/v1/status latency_human="191.399µs"
2026-07-12 00:32:24 |TRC| method=GET status=200 uri=/api/v1/status latency_human="179.576µs"
2026-07-12 00:32:26 |TRC| method=GET status=200 uri=/api/v1/status latency_human="160.3µs"
2026-07-12 00:32:28 |TRC| method=GET status=200 uri=/api/v1/status latency_human="166.502µs"
2026-07-12 00:32:30 |TRC| method=GET status=200 uri=/api/v1/status latency_human="164.018µs"
2026-07-12 00:32:32 |TRC| method=GET status=200 uri=/api/v1/status latency_human="132.609µs"
2026-07-12 00:32:34 |TRC| method=GET status=200 uri=/api/v1/status latency_human="163.997µs"
2026-07-12 00:32:36 |TRC| method=GET status=200 uri=/api/v1/status latency_human="188.113µs"
2026-07-12 00:32:38 |TRC| method=GET status=200 uri=/api/v1/status latency_human="159.79µs"
2026-07-12 00:32:40 |TRC| method=GET status=200 uri=/api/v1/status latency_human="541.917µs"
2026-07-12 00:32:42 |TRC| method=GET status=200 uri=/api/v1/status latency_human="215.384µs"
2026-07-12 00:32:44 |TRC| method=GET status=200 uri=/api/v1/status latency_human="482.284µs"
2026-07-12 00:32:46 |TRC| method=GET status=200 uri=/api/v1/status latency_human="222.877µs"
2026-07-12 00:32:48 |TRC| method=GET status=200 uri=/api/v1/status latency_human="241.603µs"
2026-07-12 00:32:50 |TRC| method=GET status=200 uri=/api/v1/status latency_human="165.68µs"
2026-07-12 00:32:52 |TRC| method=GET status=200 uri=/api/v1/status latency_human="162.043µs"
2026-07-12 00:32:54 |TRC| method=GET status=200 uri=/api/v1/status latency_human="277.26µs"
2026-07-12 00:32:56 |TRC| method=GET status=200 uri=/api/v1/status latency_human="165.44µs"
2026-07-12 00:32:58 |TRC| method=GET status=200 uri=/api/v1/status latency_human="321.914µs"
2026-07-12 00:33:00 |TRC| method=GET status=200 uri=/api/v1/status latency_human="186.19µs"
2026-07-12 00:33:02 |TRC| method=GET status=200 uri=/api/v1/status latency_human="153.187µs"
2026-07-12 00:33:04 |TRC| method=GET status=200 uri=/api/v1/status latency_human="170.169µs"
2026-07-12 00:33:06 |TRC| method=GET status=200 uri=/api/v1/status latency_human="166.953µs"
2026-07-12 00:33:08 |TRC| method=GET status=200 uri=/api/v1/status latency_human="193.633µs"
2026-07-12 00:33:10 |TRC| method=GET status=200 uri=/api/v1/status latency_human="197.621µs"
2026-07-12 00:33:12 |TRC| method=GET status=200 uri=/api/v1/status latency_human="158.798µs"
2026-07-12 00:33:14 |TRC| method=GET status=200 uri=/api/v1/status latency_human="193.222µs"
2026-07-12 00:33:16 |TRC| method=GET status=200 uri=/api/v1/status latency_human="211.237µs"
2026-07-12 00:33:18 |TRC| method=GET status=200 uri=/api/v1/status latency_human="155.221µs"
2026-07-12 00:33:20 |TRC| method=GET status=200 uri=/api/v1/status latency_human="285.004µs"
2026-07-12 00:33:22 |TRC| method=GET status=200 uri=/api/v1/status latency_human="249.177µs"
2026-07-12 00:33:24 |TRC| method=GET status=200 uri=/api/v1/status latency_human="157.024µs"
2026-07-12 00:33:26 |TRC| method=GET status=200 uri=/api/v1/status latency_human="142.758µs"
2026-07-12 00:33:28 |TRC| method=GET status=200 uri=/api/v1/status latency_human="156.834µs"
2026-07-12 00:33:30 |TRC| method=GET status=200 uri=/api/v1/status latency_human="158.207µs"
2026-07-12 00:33:32 |TRC| method=GET status=200 uri=/api/v1/status latency_human="188.854µs"
2026-07-12 00:33:34 |TRC| method=GET status=200 uri=/api/v1/status latency_human="156.404µs"
2026-07-12 00:33:36 |TRC| method=GET status=200 uri=/api/v1/status latency_human="227.747µs"
2026-07-12 00:33:38 |TRC| method=GET status=200 uri=/api/v1/status latency_human="303.42µs"
2026-07-12 00:33:40 |TRC| method=GET status=200 uri=/api/v1/status latency_human="246.072µs"
2026-07-12 00:33:42 |TRC| method=GET status=200 uri=/api/v1/status latency_human="174.728µs"
2026-07-12 00:33:44 |TRC| method=GET status=200 uri=/api/v1/status latency_human="231.534µs"
2026-07-12 00:33:46 |TRC| method=GET status=200 uri=/api/v1/status latency_human="159.449µs"
2026-07-12 00:33:48 |TRC| method=GET status=200 uri=/api/v1/status latency_human="181.961µs"
2026-07-12 00:33:50 |TRC| method=GET status=200 uri=/api/v1/status latency_human="151.143µs"
2026-07-12 00:33:52 |TRC| method=GET status=200 uri=/api/v1/status latency_human="178.164µs"
2026-07-12 00:33:54 |TRC| method=GET status=200 uri=/api/v1/status latency_human="218.259µs"
2026-07-12 00:33:56 |TRC| method=GET status=200 uri=/api/v1/status latency_human="173.786µs"
2026-07-12 00:33:58 |TRC| method=GET status=200 uri=/api/v1/status latency_human="232.827µs"
2026-07-12 00:34:00 |TRC| method=GET status=200 uri=/api/v1/status latency_human="170.55µs"
2026-07-12 00:34:02 |TRC| method=GET status=200 uri=/api/v1/status latency_human="168.316µs"
2026-07-12 00:34:04 |TRC| method=GET status=200 uri=/api/v1/status latency_human="200.296µs"
2026-07-12 00:34:06 |TRC| method=GET status=200 uri=/api/v1/status latency_human="153.969µs"
2026-07-12 00:34:08 |TRC| method=GET status=200 uri=/api/v1/status latency_human="282.27µs"
2026-07-12 00:34:10 |TRC| method=GET status=200 uri=/api/v1/status latency_human="165.481µs"
2026-07-12 00:34:12 |TRC| method=GET status=200 uri=/api/v1/status latency_human="168.215µs"
2026-07-12 00:34:14 |TRC| method=GET status=200 uri=/api/v1/status latency_human="177.132µs"
2026-07-12 00:34:16 |TRC| method=GET status=200 uri=/api/v1/status latency_human="160.531µs"
2026-07-12 00:34:18 |TRC| method=GET status=200 uri=/api/v1/status latency_human="240.842µs"
2026-07-12 00:34:20 |TRC| method=GET status=200 uri=/api/v1/status latency_human="155.713µs"
2026-07-12 00:34:22 |TRC| method=GET status=200 uri=/api/v1/status latency_human="194.765µs"
2026-07-12 00:34:24 |TRC| method=GET status=200 uri=/api/v1/status latency_human="483.357µs"
2026-07-12 00:34:26 |TRC| method=GET status=200 uri=/api/v1/status latency_human="329.558µs"
2026-07-12 00:34:28 |TRC| method=GET status=200 uri=/api/v1/status latency_human="388.518µs"
2026-07-12 00:34:30 |TRC| method=GET status=200 uri=/api/v1/status latency_human="147.747µs"
2026-07-12 00:34:32 |TRC| method=GET status=200 uri=/api/v1/status latency_human="170.96µs"
2026-07-12 00:34:34 |TRC| method=GET status=200 uri=/api/v1/status latency_human="281.478µs"
2026-07-12 00:34:36 |TRC| method=GET status=200 uri=/api/v1/status latency_human="165.691µs"
2026-07-12 00:34:38 |TRC| method=GET status=200 uri=/api/v1/status latency_human="190.407µs"
2026-07-12 00:34:40 |TRC| method=GET status=200 uri=/api/v1/status latency_human="152.376µs"
2026-07-12 00:34:42 |TRC| method=GET status=200 uri=/api/v1/status latency_human="229.221µs"
2026-07-12 00:34:44 |TRC| method=GET status=200 uri=/api/v1/status latency_human="337.293µs"
2026-07-12 00:34:46 |TRC| method=GET status=200 uri=/api/v1/status latency_human="132.488µs"
2026-07-12 00:34:48 |TRC| method=GET status=200 uri=/api/v1/status latency_human="235.952µs"
2026-07-12 00:34:50 |TRC| method=GET status=200 uri=/api/v1/status latency_human="555.913µs"
2026-07-12 00:34:52 |TRC| method=GET status=200 uri=/api/v1/status latency_human="202.911µs"
2026-07-12 00:34:54 |TRC| method=GET status=200 uri=/api/v1/status latency_human="189.757µs"
2026-07-12 00:34:56 |TRC| method=GET status=200 uri=/api/v1/status latency_human="238.197µs"
2026-07-12 00:34:58 |TRC| method=GET status=200 uri=/api/v1/status latency_human="223.92µs"
2026-07-12 00:35:00 |TRC| method=GET status=200 uri=/api/v1/status latency_human="237.155µs"
2026-07-12 00:35:02 |TRC| method=GET status=200 uri=/api/v1/status latency_human="158.517µs"
2026-07-12 00:35:04 |TRC| method=GET status=200 uri=/api/v1/status latency_human="167.114µs"
2026-07-12 00:35:06 |TRC| method=GET status=200 uri=/api/v1/status latency_human="220.163µs"
2026-07-12 00:35:08 |TRC| method=GET status=200 uri=/api/v1/status latency_human="130.816µs"
2026-07-12 00:35:10 |TRC| method=GET status=200 uri=/api/v1/status latency_human="174.748µs"
2026-07-12 00:35:12 |TRC| method=GET status=200 uri=/api/v1/status latency_human="175.369µs"
2026-07-12 00:35:14 |TRC| method=GET status=200 uri=/api/v1/status latency_human="165.911µs"
2026-07-12 00:35:16 |TRC| method=GET status=200 uri=/api/v1/status latency_human="183.494µs"
2026-07-12 00:35:18 |TRC| method=GET status=200 uri=/api/v1/status latency_human="215.204µs"
2026-07-12 00:35:20 |TRC| method=GET status=200 uri=/api/v1/status latency_human="385.424µs"
2026-07-12 00:35:22 |TRC| method=GET status=200 uri=/api/v1/status latency_human="175.97µs"
2026-07-12 00:35:24 |TRC| method=GET status=200 uri=/api/v1/status latency_human="163.416µs"
2026-07-12 00:35:26 |TRC| method=GET status=200 uri=/api/v1/status latency_human="246.333µs"
2026-07-12 00:35:28 |TRC| method=GET status=200 uri=/api/v1/status latency_human="127.51µs"
2026-07-12 00:35:30 |TRC| method=GET status=200 uri=/api/v1/status latency_human="255.229µs"
2026-07-12 00:35:32 |TRC| method=GET status=200 uri=/api/v1/status latency_human="230.523µs"
2026-07-12 00:35:34 |TRC| method=GET status=200 uri=/api/v1/status latency_human="196.729µs"
2026-07-12 00:35:36 |TRC| method=GET status=200 uri=/api/v1/status latency_human="170.49µs"
2026-07-12 00:35:38 |TRC| method=GET status=200 uri=/api/v1/status latency_human="264.166µs"
2026-07-12 00:35:40 |TRC| method=GET status=200 uri=/api/v1/status latency_human="201.479µs"
2026-07-12 00:35:42 |TRC| method=GET status=200 uri=/api/v1/status latency_human="219.352µs"
2026-07-12 00:35:44 |TRC| method=GET status=200 uri=/api/v1/status latency_human="202.45µs"
2026-07-12 00:35:46 |TRC| method=GET status=200 uri=/api/v1/status latency_human="160.741µs"
2026-07-12 00:35:48 |TRC| method=GET status=200 uri=/api/v1/status latency_human="164.85µs"
2026-07-12 00:35:50 |TRC| method=GET status=200 uri=/api/v1/status latency_human="241.493µs"
2026-07-12 00:35:52 |TRC| method=GET status=200 uri=/api/v1/status latency_human="235.191µs"
2026-07-12 00:35:54 |TRC| method=GET status=200 uri=/api/v1/status latency_human="151.885µs"
2026-07-12 00:35:56 |TRC| method=GET status=200 uri=/api/v1/status latency_human="199.194µs"
2026-07-12 00:35:58 |TRC| method=GET status=200 uri=/api/v1/status latency_human="245.991µs"
2026-07-12 00:36:00 |TRC| method=GET status=200 uri=/api/v1/status latency_human="268.393µs"
2026-07-12 00:36:02 |TRC| method=GET status=200 uri=/api/v1/status latency_human="150.202µs"
2026-07-12 00:36:04 |TRC| method=GET status=200 uri=/api/v1/status latency_human="200.506µs"
2026-07-12 00:36:06 |TRC| method=GET status=200 uri=/api/v1/status latency_human="166.423µs"
2026-07-12 00:36:08 |TRC| method=GET status=200 uri=/api/v1/status latency_human="240.782µs"
2026-07-12 00:36:10 |TRC| method=GET status=200 uri=/api/v1/status latency_human="152.577µs"
2026-07-12 00:36:12 |TRC| method=GET status=200 uri=/api/v1/status latency_human="155.712µs"
2026-07-12 00:36:14 |TRC| method=GET status=200 uri=/api/v1/status latency_human="237.085µs"
2026-07-12 00:36:16 |TRC| method=GET status=200 uri=/api/v1/status latency_human="159.039µs"
2026-07-12 00:36:16 |TRC| ws > Sending message type=check-for-updates
2026-07-12 00:36:16 |DBG| anilist > Fetching anime collection
2026-07-12 00:36:16 |TRC| ws > Sending message type=check-for-announcements
2026-07-12 00:36:16 |TRC| method=POST status=200 uri=/api/v1/announcements latency_human="190.918µs"
2026-07-12 00:36:17 |WRN| anilist > Successful Request (slow) rlr=29 rtt=924ms
2026-07-12 00:36:17 |TRC| ws > Sending message type=refreshed-anilist-anime-collection
2026-07-12 00:36:17 |DBG| anilist > Fetching manga collection
2026-07-12 00:36:17 |TRC| method=GET status=200 uri=/api/v1/library/collection latency_human="101.581µs"
2026-07-12 00:36:17 |TRC| method=GET status=200 uri=/api/v1/library/collection latency_human="100.408µs"
2026-07-12 00:36:17 |TRC| method=GET status=200 uri=/api/v1/anilist/collection latency_human="73.228µs"
2026-07-12 00:36:17 |TRC| method=GET status=200 uri=/api/v1/anilist/collection latency_human="96.881µs"
2026-07-12 00:36:17 |TRC| method=GET status=200 uri=/api/v1/library/missing-episodes latency_human="294.352µs"
2026-07-12 00:36:17 |TRC| method=GET status=200 uri=/api/v1/library/missing-episodes latency_human="65.924µs"
2026-07-12 00:36:17 |TRC| method=GET status=200 uri=/api/v1/latest-update latency_human=1.126216677s
2026-07-12 00:36:17 |INF| anilist > Successful Request rlr=28 rtt=516ms
2026-07-12 00:36:17 |TRC| ws > Sending message type=refreshed-anilist-manga-collection
2026-07-12 00:36:17 |TRC| method=GET status=200 uri=/api/v1/manga/collection latency_human="83.737µs"
2026-07-12 00:36:17 |TRC| method=GET status=200 uri=/api/v1/manga/collection latency_human="97.533µs"
2026-07-12 00:36:18 |TRC| method=GET status=200 uri=/api/v1/status latency_human="235.251µs"
2026-07-12 00:36:20 |TRC| method=GET status=200 uri=/api/v1/status latency_human="158.127µs"
2026-07-12 00:36:22 |TRC| method=GET status=200 uri=/api/v1/status latency_human="197.491µs"
2026-07-12 00:36:24 |TRC| method=GET status=200 uri=/api/v1/status latency_human="156.984µs"
2026-07-12 00:36:26 |TRC| method=GET status=200 uri=/api/v1/status latency_human="227.226µs"
2026-07-12 00:36:28 |TRC| method=GET status=200 uri=/api/v1/status latency_human="173.245µs"
2026-07-12 00:36:30 |TRC| method=GET status=200 uri=/api/v1/status latency_human="243.888µs"
2026-07-12 00:36:32 |TRC| method=GET status=200 uri=/api/v1/status latency_human="220.645µs"
2026-07-12 00:36:34 |TRC| method=GET status=200 uri=/api/v1/status latency_human="163.637µs"
2026-07-12 00:36:36 |TRC| method=GET status=200 uri=/api/v1/status latency_human="151.194µs"
2026-07-12 00:36:38 |TRC| method=GET status=200 uri=/api/v1/status latency_human="210.235µs"
2026-07-12 00:36:40 |TRC| method=GET status=200 uri=/api/v1/status latency_human="161.994µs"
2026-07-12 00:36:42 |TRC| method=GET status=200 uri=/api/v1/status latency_human="126.227µs"
2026-07-12 00:36:44 |TRC| method=GET status=200 uri=/api/v1/status latency_human="161.122µs"
2026-07-12 00:36:46 |TRC| method=GET status=200 uri=/api/v1/status latency_human="153.739µs"
2026-07-12 00:36:48 |TRC| method=GET status=200 uri=/api/v1/status latency_human="199.264µs"
2026-07-12 00:36:50 |TRC| method=GET status=200 uri=/api/v1/status latency_human="151.164µs"
2026-07-12 00:36:52 |TRC| method=GET status=200 uri=/api/v1/status latency_human="150.983µs"
2026-07-12 00:36:54 |TRC| method=GET status=200 uri=/api/v1/status latency_human="152.967µs"
2026-07-12 00:36:56 |TRC| method=GET status=200 uri=/api/v1/status latency_human="150.913µs"
2026-07-12 00:36:58 |TRC| method=GET status=200 uri=/api/v1/status latency_human="181.09µs"
2026-07-12 00:37:00 |TRC| method=GET status=200 uri=/api/v1/status latency_human="163.436µs"
2026-07-12 00:37:02 |TRC| method=GET status=200 uri=/api/v1/status latency_human="170.3µs"
2026-07-12 00:37:04 |TRC| method=GET status=200 uri=/api/v1/status latency_human="169.178µs"
2026-07-12 00:37:06 |TRC| method=GET status=200 uri=/api/v1/status latency_human="161.853µs"
2026-07-12 00:37:08 |TRC| method=GET status=200 uri=/api/v1/status latency_human="212.92µs"
2026-07-12 00:37:10 |TRC| method=GET status=200 uri=/api/v1/status latency_human="177.774µs"
2026-07-12 00:37:12 |TRC| method=GET status=200 uri=/api/v1/status latency_human="156.925µs"
2026-07-12 00:37:14 |TRC| method=GET status=200 uri=/api/v1/status latency_human="161.854µs"
2026-07-12 00:37:16 |TRC| method=GET status=200 uri=/api/v1/status latency_human="241.373µs"
2026-07-12 00:37:18 |TRC| method=GET status=200 uri=/api/v1/status latency_human="163.487µs"
2026-07-12 00:37:20 |TRC| method=GET status=200 uri=/api/v1/status latency_human="352.802µs"
2026-07-12 00:37:22 |TRC| method=GET status=200 uri=/api/v1/status latency_human="246.012µs"
2026-07-12 00:37:24 |TRC| method=GET status=200 uri=/api/v1/status latency_human="358.493µs"
2026-07-12 00:37:26 |TRC| method=GET status=200 uri=/api/v1/status latency_human="122.33µs"
2026-07-12 00:37:28 |TRC| method=GET status=200 uri=/api/v1/status latency_human="158.478µs"
2026-07-12 00:37:30 |TRC| method=GET status=200 uri=/api/v1/status latency_human="161.343µs"
2026-07-12 00:37:32 |TRC| method=GET status=200 uri=/api/v1/status latency_human="275.547µs"
2026-07-12 00:37:34 |TRC| method=GET status=200 uri=/api/v1/status latency_human="155.582µs"
2026-07-12 00:37:36 |TRC| method=GET status=200 uri=/api/v1/status latency_human="203.492µs"
2026-07-12 00:37:38 |TRC| method=GET status=200 uri=/api/v1/status latency_human="229.621µs"
2026-07-12 00:37:40 |TRC| method=GET status=200 uri=/api/v1/status latency_human="171.322µs"
2026-07-12 00:37:42 |TRC| method=GET status=200 uri=/api/v1/status latency_human="371.999µs"
2026-07-12 00:37:44 |TRC| method=GET status=200 uri=/api/v1/status latency_human="129.924µs"
2026-07-12 00:37:46 |TRC| method=GET status=200 uri=/api/v1/status latency_human="367.851µs"
2026-07-12 00:37:48 |TRC| method=GET status=200 uri=/api/v1/status latency_human="186.42µs"
2026-07-12 00:37:50 |TRC| method=GET status=200 uri=/api/v1/status latency_human="518.644µs"
2026-07-12 00:37:52 |TRC| method=GET status=200 uri=/api/v1/status latency_human="176.251µs"
2026-07-12 00:37:54 |TRC| method=GET status=200 uri=/api/v1/status latency_human="469.131µs"
2026-07-12 00:37:56 |TRC| method=GET status=200 uri=/api/v1/status latency_human="170.6µs"
2026-07-12 00:37:58 |TRC| method=GET status=200 uri=/api/v1/status latency_human="390.123µs"
2026-07-12 00:38:00 |TRC| method=GET status=200 uri=/api/v1/status latency_human="247.905µs"
2026-07-12 00:38:02 |TRC| method=GET status=200 uri=/api/v1/status latency_human="153.879µs"
2026-07-12 00:38:04 |TRC| method=GET status=200 uri=/api/v1/status latency_human="385.664µs"
2026-07-12 00:38:06 |TRC| method=GET status=200 uri=/api/v1/status latency_human="163.417µs"
2026-07-12 00:38:08 |TRC| method=GET status=200 uri=/api/v1/status latency_human="228.799µs"
2026-07-12 00:38:10 |TRC| method=GET status=200 uri=/api/v1/status latency_human="423.686µs"
2026-07-12 00:38:12 |TRC| method=GET status=200 uri=/api/v1/status latency_human="190.608µs"
2026-07-12 00:38:14 |TRC| method=GET status=200 uri=/api/v1/status latency_human="154.971µs"
2026-07-12 00:38:16 |TRC| method=GET status=200 uri=/api/v1/status latency_human="196.309µs"
2026-07-12 00:38:18 |TRC| method=GET status=200 uri=/api/v1/status latency_human="224.361µs"
2026-07-12 00:38:20 |TRC| method=GET status=200 uri=/api/v1/status latency_human="437.772µs"
2026-07-12 00:38:22 |TRC| method=GET status=200 uri=/api/v1/status latency_human="400.372µs"
2026-07-12 00:38:24 |TRC| method=GET status=200 uri=/api/v1/status latency_human="453.853µs"
2026-07-12 00:38:26 |TRC| method=GET status=200 uri=/api/v1/status latency_human="208.601µs"
2026-07-12 00:38:28 |TRC| method=GET status=200 uri=/api/v1/status latency_human="160.07µs"
2026-07-12 00:38:30 |TRC| method=GET status=200 uri=/api/v1/status latency_human="270.569µs"
2026-07-12 00:38:32 |TRC| method=GET status=200 uri=/api/v1/status latency_human="157.315µs"
2026-07-12 00:38:34 |TRC| method=GET status=200 uri=/api/v1/status latency_human="260.439µs"
2026-07-12 00:38:36 |TRC| method=GET status=200 uri=/api/v1/status latency_human="188.825µs"
2026-07-12 00:38:38 |TRC| method=GET status=200 uri=/api/v1/status latency_human="151.986µs"
2026-07-12 00:38:40 |TRC| method=GET status=200 uri=/api/v1/status latency_human="244.389µs"
2026-07-12 00:38:42 |TRC| method=GET status=200 uri=/api/v1/status latency_human="153.619µs"
2026-07-12 00:38:44 |TRC| method=GET status=200 uri=/api/v1/status latency_human="202.541µs"
2026-07-12 00:38:46 |TRC| method=GET status=200 uri=/api/v1/status latency_human="165.41µs"
2026-07-12 00:38:48 |TRC| method=GET status=200 uri=/api/v1/status latency_human="162.455µs"
2026-07-12 00:38:50 |TRC| method=GET status=200 uri=/api/v1/status latency_human="163.688µs"
2026-07-12 00:38:52 |TRC| method=GET status=200 uri=/api/v1/status latency_human="159.81µs"
2026-07-12 00:38:54 |TRC| method=GET status=200 uri=/api/v1/status latency_human="127.94µs"
2026-07-12 00:38:56 |TRC| method=GET status=200 uri=/api/v1/status latency_human="154.57µs"
2026-07-12 00:38:58 |TRC| method=GET status=200 uri=/api/v1/status latency_human="201.779µs"
2026-07-12 00:39:00 |TRC| method=GET status=200 uri=/api/v1/status latency_human="145.454µs"
2026-07-12 00:39:02 |TRC| method=GET status=200 uri=/api/v1/status latency_human="260.96µs"
2026-07-12 00:39:04 |TRC| method=GET status=200 uri=/api/v1/status latency_human="218.721µs"
2026-07-12 00:39:06 |TRC| method=GET status=200 uri=/api/v1/status latency_human="148.649µs"
2026-07-12 00:39:08 |TRC| method=GET status=200 uri=/api/v1/status latency_human="196.689µs"
2026-07-12 00:39:10 |TRC| method=GET status=200 uri=/api/v1/status latency_human="158.688µs"
2026-07-12 00:39:12 |TRC| method=GET status=200 uri=/api/v1/status latency_human="161.143µs"
2026-07-12 00:39:14 |TRC| method=GET status=200 uri=/api/v1/status latency_human="169.027µs"
2026-07-12 00:39:16 |TRC| method=GET status=200 uri=/api/v1/status latency_human="215.896µs"
2026-07-12 00:39:18 |TRC| method=GET status=200 uri=/api/v1/status latency_human="160.131µs"
2026-07-12 00:39:20 |TRC| method=GET status=200 uri=/api/v1/status latency_human="157.326µs"
2026-07-12 00:39:22 |TRC| method=GET status=200 uri=/api/v1/status latency_human="155.221µs"
2026-07-12 00:39:24 |TRC| method=GET status=200 uri=/api/v1/status latency_human="169.047µs"
2026-07-12 00:39:26 |TRC| method=GET status=200 uri=/api/v1/status latency_human="172.293µs"
2026-07-12 00:39:28 |TRC| method=GET status=200 uri=/api/v1/status latency_human="172.534µs"
2026-07-12 00:39:30 |TRC| method=GET status=200 uri=/api/v1/status latency_human="182.914µs"
2026-07-12 00:39:32 |TRC| method=GET status=200 uri=/api/v1/status latency_human="168.135µs"
2026-07-12 00:39:34 |TRC| method=GET status=200 uri=/api/v1/status latency_human="164.809µs"
2026-07-12 00:39:36 |TRC| method=GET status=200 uri=/api/v1/status latency_human="173.746µs"
2026-07-12 00:39:38 |TRC| method=GET status=200 uri=/api/v1/status latency_human="160.402µs"
2026-07-12 00:39:40 |TRC| method=GET status=200 uri=/api/v1/status latency_human="205.696µs"
2026-07-12 00:39:42 |TRC| method=GET status=200 uri=/api/v1/status latency_human="153.518µs"
2026-07-12 00:39:44 |TRC| method=GET status=200 uri=/api/v1/status latency_human="174.297µs"
2026-07-12 00:39:46 |TRC| method=GET status=200 uri=/api/v1/status latency_human="160.822µs"
2026-07-12 00:39:48 |TRC| method=GET status=200 uri=/api/v1/status latency_human="152.637µs"
2026-07-12 00:39:50 |TRC| method=GET status=200 uri=/api/v1/status latency_human="160.592µs"
2026-07-12 00:39:52 |TRC| method=GET status=200 uri=/api/v1/status latency_human="213.682µs"
2026-07-12 00:39:54 |TRC| method=GET status=200 uri=/api/v1/status latency_human="206.838µs"
2026-07-12 00:39:56 |TRC| method=GET status=200 uri=/api/v1/status latency_human="173.636µs"
2026-07-12 00:39:58 |TRC| method=GET status=200 uri=/api/v1/status latency_human="197.411µs"
2026-07-12 00:40:00 |TRC| method=GET status=200 uri=/api/v1/status latency_human="205.255µs"
2026-07-12 00:40:02 |TRC| method=GET status=200 uri=/api/v1/status latency_human="164.579µs"
2026-07-12 00:40:04 |TRC| method=GET status=200 uri=/api/v1/status latency_human="215.344µs"
2026-07-12 00:40:06 |TRC| method=GET status=200 uri=/api/v1/status latency_human="157.616µs"
2026-07-12 00:40:08 |TRC| method=GET status=200 uri=/api/v1/status latency_human="216.427µs"
2026-07-12 00:40:10 |TRC| method=GET status=200 uri=/api/v1/status latency_human="157.435µs"
2026-07-12 00:40:12 |TRC| method=GET status=200 uri=/api/v1/status latency_human="243.908µs"
2026-07-12 00:40:14 |TRC| method=GET status=200 uri=/api/v1/status latency_human="157.707µs"
2026-07-12 00:40:16 |TRC| method=GET status=200 uri=/api/v1/status latency_human="175.73µs"
2026-07-12 00:40:18 |TRC| method=GET status=200 uri=/api/v1/status latency_human="499.919µs"
2026-07-12 00:40:20 |TRC| method=GET status=200 uri=/api/v1/status latency_human="156.454µs"
2026-07-12 00:40:22 |TRC| method=GET status=200 uri=/api/v1/status latency_human="171.361µs"
2026-07-12 00:40:24 |TRC| method=GET status=200 uri=/api/v1/status latency_human="196.248µs"
2026-07-12 00:40:26 |TRC| method=GET status=200 uri=/api/v1/status latency_human="224.331µs"
2026-07-12 00:40:28 |TRC| method=GET status=200 uri=/api/v1/status latency_human="236.364µs"
2026-07-12 00:40:30 |TRC| method=GET status=200 uri=/api/v1/status latency_human="225.143µs"
2026-07-12 00:40:32 |TRC| method=GET status=200 uri=/api/v1/status latency_human="188.384µs"
2026-07-12 00:40:34 |TRC| method=GET status=200 uri=/api/v1/status latency_human="235.933µs"
2026-07-12 00:40:36 |TRC| method=GET status=200 uri=/api/v1/status latency_human="174.828µs"
2026-07-12 00:40:38 |TRC| method=GET status=200 uri=/api/v1/status latency_human="177.043µs"
2026-07-12 00:40:40 |TRC| method=GET status=200 uri=/api/v1/status latency_human="307.678µs"
2026-07-12 00:40:42 |TRC| method=GET status=200 uri=/api/v1/status latency_human="178.656µs"
2026-07-12 00:40:44 |TRC| method=GET status=200 uri=/api/v1/status latency_human="147.467µs"
2026-07-12 00:40:46 |TRC| method=GET status=200 uri=/api/v1/status latency_human="164.6µs"
2026-07-12 00:40:48 |TRC| method=GET status=200 uri=/api/v1/status latency_human="154.16µs"
2026-07-12 00:40:50 |TRC| method=GET status=200 uri=/api/v1/status latency_human="158.137µs"
2026-07-12 00:40:52 |TRC| method=GET status=200 uri=/api/v1/status latency_human="256.672µs"
2026-07-12 00:40:54 |TRC| method=GET status=200 uri=/api/v1/status latency_human="139.342µs"
2026-07-12 00:40:56 |TRC| method=GET status=200 uri=/api/v1/status latency_human="226.746µs"
2026-07-12 00:40:58 |TRC| method=GET status=200 uri=/api/v1/status latency_human="224.422µs"
2026-07-12 00:41:00 |TRC| method=GET status=200 uri=/api/v1/status latency_human="202.491µs"
2026-07-12 00:41:02 |TRC| method=GET status=200 uri=/api/v1/status latency_human="154.831µs"
2026-07-12 00:41:04 |TRC| method=GET status=200 uri=/api/v1/status latency_human="484.47µs"
2026-07-12 00:41:06 |TRC| method=GET status=200 uri=/api/v1/status latency_human="205.897µs"
2026-07-12 00:41:08 |TRC| method=GET status=200 uri=/api/v1/status latency_human="193.804µs"
2026-07-12 00:41:10 |TRC| method=GET status=200 uri=/api/v1/status latency_human="159.83µs"
2026-07-12 00:41:12 |TRC| method=GET status=200 uri=/api/v1/status latency_human="152.797µs"
2026-07-12 00:41:14 |TRC| method=GET status=200 uri=/api/v1/status latency_human="165.01µs"
2026-07-12 00:41:16 |TRC| method=GET status=200 uri=/api/v1/status latency_human="154.44µs"
2026-07-12 00:41:18 |TRC| method=GET status=200 uri=/api/v1/status latency_human="238.628µs"
2026-07-12 00:41:20 |TRC| method=GET status=200 uri=/api/v1/status latency_human="223.289µs"
2026-07-12 00:41:22 |TRC| method=GET status=200 uri=/api/v1/status latency_human="211.708µs"
2026-07-12 00:41:24 |TRC| method=GET status=200 uri=/api/v1/status latency_human="169.939µs"
2026-07-12 00:41:26 |TRC| method=GET status=200 uri=/api/v1/status latency_human="168.327µs"
2026-07-12 00:41:28 |TRC| method=GET status=200 uri=/api/v1/status latency_human="170.1µs"
2026-07-12 00:41:30 |TRC| method=GET status=200 uri=/api/v1/status latency_human="177.373µs"
2026-07-12 00:41:32 |TRC| method=GET status=200 uri=/api/v1/status latency_human="175.69µs"
2026-07-12 00:41:34 |TRC| method=GET status=200 uri=/api/v1/status latency_human="220.094µs"
2026-07-12 00:41:36 |TRC| method=GET status=200 uri=/api/v1/status latency_human="192.151µs"
2026-07-12 00:41:38 |TRC| method=GET status=200 uri=/api/v1/status latency_human="256.883µs"
2026-07-12 00:41:40 |TRC| method=GET status=200 uri=/api/v1/status latency_human="182.743µs"
2026-07-12 00:41:42 |TRC| method=GET status=200 uri=/api/v1/status latency_human="141.315µs"
2026-07-12 00:41:44 |TRC| method=GET status=200 uri=/api/v1/status latency_human="163.898µs"
2026-07-12 00:41:46 |TRC| method=GET status=200 uri=/api/v1/status latency_human="248.697µs"
2026-07-12 00:41:48 |TRC| method=GET status=200 uri=/api/v1/status latency_human="138.881µs"
2026-07-12 00:41:50 |TRC| method=GET status=200 uri=/api/v1/status latency_human="272.943µs"
2026-07-12 00:41:52 |TRC| method=GET status=200 uri=/api/v1/status latency_human="154.31µs"
2026-07-12 00:41:54 |TRC| method=GET status=200 uri=/api/v1/status latency_human="150.342µs"
2026-07-12 00:41:56 |TRC| method=GET status=200 uri=/api/v1/status latency_human="163.217µs"
2026-07-12 00:41:58 |TRC| method=GET status=200 uri=/api/v1/status latency_human="139.352µs"
2026-07-12 00:42:00 |TRC| method=GET status=200 uri=/api/v1/status latency_human="237.777µs"
2026-07-12 00:42:02 |TRC| method=GET status=200 uri=/api/v1/status latency_human="273.424µs"
2026-07-12 00:42:04 |TRC| method=GET status=200 uri=/api/v1/status latency_human="162.615µs"
2026-07-12 00:42:06 |TRC| method=GET status=200 uri=/api/v1/status latency_human="177.403µs"
2026-07-12 00:42:08 |TRC| method=GET status=200 uri=/api/v1/status latency_human="393.199µs"
2026-07-12 00:42:10 |TRC| method=GET status=200 uri=/api/v1/status latency_human="175.69µs"
2026-07-12 00:42:12 |TRC| method=GET status=200 uri=/api/v1/status latency_human="146.996µs"
2026-07-12 00:42:14 |TRC| method=GET status=200 uri=/api/v1/status latency_human="212.91µs"
2026-07-12 00:42:16 |TRC| method=GET status=200 uri=/api/v1/status latency_human="168.005µs"
2026-07-12 00:42:18 |TRC| method=GET status=200 uri=/api/v1/status latency_human="158.878µs"
2026-07-12 00:42:20 |TRC| method=GET status=200 uri=/api/v1/status latency_human="143.27µs"
2026-07-12 00:42:22 |TRC| method=GET status=200 uri=/api/v1/status latency_human="138.851µs"
2026-07-12 00:42:24 |TRC| method=GET status=200 uri=/api/v1/status latency_human="157.757µs"
2026-07-12 00:42:26 |TRC| method=GET status=200 uri=/api/v1/status latency_human="157.827µs"
2026-07-12 00:42:28 |TRC| method=GET status=200 uri=/api/v1/status latency_human="210.105µs"
2026-07-12 00:42:30 |TRC| method=GET status=200 uri=/api/v1/status latency_human="252.424µs"
2026-07-12 00:42:32 |TRC| method=GET status=200 uri=/api/v1/status latency_human="242.776µs"
2026-07-12 00:42:34 |TRC| method=GET status=200 uri=/api/v1/status latency_human="180.158µs"
2026-07-12 00:42:36 |TRC| method=GET status=200 uri=/api/v1/status latency_human="196.038µs"
2026-07-12 00:42:38 |TRC| method=GET status=200 uri=/api/v1/status latency_human="195.568µs"
2026-07-12 00:42:40 |TRC| method=GET status=200 uri=/api/v1/status latency_human="129.143µs"
2026-07-12 00:42:42 |TRC| method=GET status=200 uri=/api/v1/status latency_human="203.953µs"
2026-07-12 00:42:44 |TRC| method=GET status=200 uri=/api/v1/status latency_human="185.208µs"
2026-07-12 00:42:46 |TRC| method=GET status=200 uri=/api/v1/status latency_human="248.547µs"
2026-07-12 00:42:48 |TRC| method=GET status=200 uri=/api/v1/status latency_human="171.392µs"
2026-07-12 00:42:50 |TRC| method=GET status=200 uri=/api/v1/status latency_human="177.584µs"
2026-07-12 00:42:52 |TRC| method=GET status=200 uri=/api/v1/status latency_human="170.831µs"
2026-07-12 00:42:54 |TRC| method=GET status=200 uri=/api/v1/status latency_human="166.733µs"
2026-07-12 00:42:56 |TRC| method=GET status=200 uri=/api/v1/status latency_human="226.536µs"
2026-07-12 00:42:58 |TRC| method=GET status=200 uri=/api/v1/status latency_human="160.602µs"
2026-07-12 00:43:00 |TRC| method=GET status=200 uri=/api/v1/status latency_human="173.216µs"
2026-07-12 00:43:02 |TRC| method=GET status=200 uri=/api/v1/status latency_human="155.442µs"
2026-07-12 00:43:04 |TRC| method=GET status=200 uri=/api/v1/status latency_human="198.763µs"
2026-07-12 00:43:06 |TRC| method=GET status=200 uri=/api/v1/status latency_human="473.6µs"
2026-07-12 00:43:08 |TRC| method=GET status=200 uri=/api/v1/status latency_human="127.65µs"
2026-07-12 00:43:10 |TRC| method=GET status=200 uri=/api/v1/status latency_human="134.793µs"
2026-07-12 00:43:12 |TRC| method=GET status=200 uri=/api/v1/status latency_human="216.166µs"
2026-07-12 00:43:14 |TRC| method=GET status=200 uri=/api/v1/status latency_human="389.512µs"
2026-07-12 00:43:16 |TRC| method=GET status=200 uri=/api/v1/status latency_human="160.632µs"
2026-07-12 00:43:18 |TRC| method=GET status=200 uri=/api/v1/status latency_human="168.516µs"
2026-07-12 00:43:20 |TRC| method=GET status=200 uri=/api/v1/status latency_human="168.146µs"
2026-07-12 00:43:22 |TRC| method=GET status=200 uri=/api/v1/status latency_human="153.048µs"
2026-07-12 00:43:24 |TRC| method=GET status=200 uri=/api/v1/status latency_human="174.939µs"
2026-07-12 00:43:26 |TRC| method=GET status=200 uri=/api/v1/status latency_human="153.999µs"
2026-07-12 00:43:28 |TRC| method=GET status=200 uri=/api/v1/status latency_human="168.927µs"
2026-07-12 00:43:30 |TRC| method=GET status=200 uri=/api/v1/status latency_human="196.479µs"
2026-07-12 00:43:32 |TRC| method=GET status=200 uri=/api/v1/status latency_human="169.519µs"
2026-07-12 00:43:34 |TRC| method=GET status=200 uri=/api/v1/status latency_human="132.509µs"
2026-07-12 00:43:36 |TRC| method=GET status=200 uri=/api/v1/status latency_human="154.4µs"
2026-07-12 00:43:38 |TRC| method=GET status=200 uri=/api/v1/status latency_human="230.864µs"
2026-07-12 00:43:40 |TRC| method=GET status=200 uri=/api/v1/status latency_human="172.875µs"
2026-07-12 00:43:42 |TRC| method=GET status=200 uri=/api/v1/status latency_human="171.873µs"
2026-07-12 00:43:44 |TRC| method=GET status=200 uri=/api/v1/status latency_human="236.084µs"
2026-07-12 00:43:46 |TRC| method=GET status=200 uri=/api/v1/status latency_human="180.419µs"
2026-07-12 00:43:48 |TRC| method=GET status=200 uri=/api/v1/status latency_human="165.281µs"
2026-07-12 00:43:50 |TRC| method=GET status=200 uri=/api/v1/status latency_human="153.899µs"
2026-07-12 00:43:52 |TRC| method=GET status=200 uri=/api/v1/status latency_human="169.819µs"
2026-07-12 00:43:54 |TRC| method=GET status=200 uri=/api/v1/status latency_human="149.531µs"
2026-07-12 00:43:56 |TRC| method=GET status=200 uri=/api/v1/status latency_human="151.285µs"
2026-07-12 00:43:58 |TRC| method=GET status=200 uri=/api/v1/status latency_human="162.696µs"
2026-07-12 00:44:00 |TRC| method=GET status=200 uri=/api/v1/status latency_human="178.776µs"
2026-07-12 00:44:02 |TRC| method=GET status=200 uri=/api/v1/status latency_human="175.931µs"
2026-07-12 00:44:04 |TRC| method=GET status=200 uri=/api/v1/status latency_human="189.226µs"
2026-07-12 00:44:06 |TRC| method=GET status=200 uri=/api/v1/status latency_human="151.885µs"
2026-07-12 00:44:08 |TRC| method=GET status=200 uri=/api/v1/status latency_human="368.292µs"
2026-07-12 00:44:10 |TRC| method=GET status=200 uri=/api/v1/status latency_human="161.553µs"
2026-07-12 00:44:12 |TRC| method=GET status=200 uri=/api/v1/status latency_human="163.968µs"
2026-07-12 00:44:14 |TRC| method=GET status=200 uri=/api/v1/status latency_human="234.35µs"
2026-07-12 00:44:16 |TRC| method=GET status=200 uri=/api/v1/status latency_human="219.924µs"
2026-07-12 00:44:18 |TRC| method=GET status=200 uri=/api/v1/status latency_human="163.608µs"
2026-07-12 00:44:20 |TRC| method=GET status=200 uri=/api/v1/status latency_human="168.767µs"
2026-07-12 00:44:22 |TRC| method=GET status=200 uri=/api/v1/status latency_human="218.16µs"
2026-07-12 00:44:24 |TRC| method=GET status=200 uri=/api/v1/status latency_human="266.29µs"
2026-07-12 00:44:26 |TRC| method=GET status=200 uri=/api/v1/status latency_human="158.708µs"
2026-07-12 00:44:28 |TRC| method=GET status=200 uri=/api/v1/status latency_human="200.637µs"
2026-07-12 00:44:30 |TRC| method=GET status=200 uri=/api/v1/status latency_human="159.791µs"
2026-07-12 00:44:32 |TRC| method=GET status=200 uri=/api/v1/status latency_human="170.991µs"
2026-07-12 00:44:34 |TRC| method=GET status=200 uri=/api/v1/status latency_human="214.242µs"
2026-07-12 00:44:36 |TRC| method=GET status=200 uri=/api/v1/status latency_human="126.538µs"
2026-07-12 00:44:38 |TRC| method=GET status=200 uri=/api/v1/status latency_human="268.495µs"
2026-07-12 00:44:40 |TRC| method=GET status=200 uri=/api/v1/status latency_human="243.007µs"
2026-07-12 00:44:42 |TRC| method=GET status=200 uri=/api/v1/status latency_human="170.951µs"
2026-07-12 00:44:44 |TRC| method=GET status=200 uri=/api/v1/status latency_human="289.504µs"
2026-07-12 00:44:46 |TRC| method=GET status=200 uri=/api/v1/status latency_human="143.931µs"
2026-07-12 00:44:48 |TRC| method=GET status=200 uri=/api/v1/status latency_human="132.318µs"
2026-07-12 00:44:50 |TRC| method=GET status=200 uri=/api/v1/status latency_human="151.525µs"
2026-07-12 00:44:52 |TRC| method=GET status=200 uri=/api/v1/status latency_human="186.491µs"
2026-07-12 00:44:54 |TRC| method=GET status=200 uri=/api/v1/status latency_human="187.923µs"
2026-07-12 00:44:56 |TRC| method=GET status=200 uri=/api/v1/status latency_human="162.506µs"
2026-07-12 00:44:58 |TRC| method=GET status=200 uri=/api/v1/status latency_human="224.962µs"
2026-07-12 00:45:00 |TRC| method=GET status=200 uri=/api/v1/status latency_human="164.379µs"
2026-07-12 00:45:02 |TRC| method=GET status=200 uri=/api/v1/status latency_human="148.559µs"
2026-07-12 00:45:04 |TRC| method=GET status=200 uri=/api/v1/status latency_human="186.861µs"
2026-07-12 00:45:06 |TRC| method=GET status=200 uri=/api/v1/status latency_human="153.067µs"
2026-07-12 00:45:08 |TRC| method=GET status=200 uri=/api/v1/status latency_human="169.9µs"
2026-07-12 00:45:10 |TRC| method=GET status=200 uri=/api/v1/status latency_human="175.7µs"
2026-07-12 00:45:12 |TRC| method=GET status=200 uri=/api/v1/status latency_human="170.961µs"
2026-07-12 00:45:14 |TRC| method=GET status=200 uri=/api/v1/status latency_human="244.659µs"
2026-07-12 00:45:16 |TRC| method=GET status=200 uri=/api/v1/status latency_human="164.229µs"
2026-07-12 00:45:18 |TRC| method=GET status=200 uri=/api/v1/status latency_human="155.663µs"
2026-07-12 00:45:20 |TRC| method=GET status=200 uri=/api/v1/status latency_human="154.61µs"
2026-07-12 00:45:22 |TRC| method=GET status=200 uri=/api/v1/status latency_human="160.141µs"
2026-07-12 00:45:24 |TRC| method=GET status=200 uri=/api/v1/status latency_human="161.103µs"
2026-07-12 00:45:26 |TRC| method=GET status=200 uri=/api/v1/status latency_human="151.535µs"
2026-07-12 00:45:28 |TRC| method=GET status=200 uri=/api/v1/status latency_human="200.317µs"
2026-07-12 00:45:30 |TRC| method=GET status=200 uri=/api/v1/status latency_human="155.252µs"
2026-07-12 00:45:32 |TRC| method=GET status=200 uri=/api/v1/status latency_human="173.827µs"
2026-07-12 00:45:34 |TRC| method=GET status=200 uri=/api/v1/status latency_human="164.058µs"
2026-07-12 00:45:36 |TRC| method=GET status=200 uri=/api/v1/status latency_human="159.529µs"
2026-07-12 00:45:38 |TRC| method=GET status=200 uri=/api/v1/status latency_human="151.385µs"
2026-07-12 00:45:40 |TRC| method=GET status=200 uri=/api/v1/status latency_human="159.85µs"
2026-07-12 00:45:42 |TRC| method=GET status=200 uri=/api/v1/status latency_human="163.357µs"
2026-07-12 00:45:44 |TRC| method=GET status=200 uri=/api/v1/status latency_human="161.884µs"
2026-07-12 00:45:46 |TRC| method=GET status=200 uri=/api/v1/status latency_human="190.859µs"
2026-07-12 00:45:48 |TRC| method=GET status=200 uri=/api/v1/status latency_human="177.093µs"
2026-07-12 00:45:50 |TRC| method=GET status=200 uri=/api/v1/status latency_human="163.246µs"
2026-07-12 00:45:52 |TRC| method=GET status=200 uri=/api/v1/status latency_human="291.678µs"
2026-07-12 00:45:54 |TRC| method=GET status=200 uri=/api/v1/status latency_human="152.788µs"
2026-07-12 00:45:56 |TRC| method=GET status=200 uri=/api/v1/status latency_human="155.121µs"
2026-07-12 00:45:58 |TRC| method=GET status=200 uri=/api/v1/status latency_human="178.466µs"
2026-07-12 00:46:00 |TRC| method=GET status=200 uri=/api/v1/status latency_human="241.514µs"
2026-07-12 00:46:02 |TRC| method=GET status=200 uri=/api/v1/status latency_human="166.703µs"
2026-07-12 00:46:04 |TRC| method=GET status=200 uri=/api/v1/status latency_human="277.482µs"
2026-07-12 00:46:06 |TRC| method=GET status=200 uri=/api/v1/status latency_human="162.896µs"
2026-07-12 00:46:08 |TRC| method=GET status=200 uri=/api/v1/status latency_human="222.298µs"
2026-07-12 00:46:10 |TRC| method=GET status=200 uri=/api/v1/status latency_human="145.483µs"
2026-07-12 00:46:12 |TRC| method=GET status=200 uri=/api/v1/status latency_human="177.754µs"
2026-07-12 00:46:14 |TRC| method=GET status=200 uri=/api/v1/status latency_human="161.483µs"
2026-07-12 00:46:16 |TRC| method=GET status=200 uri=/api/v1/status latency_human="167.785µs"
2026-07-12 00:46:16 |DBG| anilist > Fetching anime collection
2026-07-12 00:46:17 |TRC| ws > Sending message type=check-for-announcements
2026-07-12 00:46:17 |TRC| method=POST status=200 uri=/api/v1/announcements latency_human="340.56µs"
2026-07-12 00:46:17 |INF| anilist > Successful Request rlr=29 rtt=793ms
2026-07-12 00:46:17 |TRC| ws > Sending message type=refreshed-anilist-anime-collection
2026-07-12 00:46:17 |DBG| anilist > Fetching manga collection
2026-07-12 00:46:17 |TRC| method=GET status=200 uri=/api/v1/library/collection latency_human="106.11µs"
2026-07-12 00:46:17 |TRC| method=GET status=200 uri=/api/v1/library/collection latency_human="124.404µs"
2026-07-12 00:46:17 |TRC| method=GET status=200 uri=/api/v1/anilist/collection latency_human="71.835µs"
2026-07-12 00:46:17 |TRC| method=GET status=200 uri=/api/v1/anilist/collection latency_human="66.274µs"
2026-07-12 00:46:17 |TRC| method=GET status=200 uri=/api/v1/library/missing-episodes latency_human="269.036µs"
2026-07-12 00:46:17 |TRC| method=GET status=200 uri=/api/v1/library/missing-episodes latency_human="118.092µs"
2026-07-12 00:46:17 |INF| anilist > Successful Request rlr=28 rtt=504ms
2026-07-12 00:46:17 |TRC| ws > Sending message type=refreshed-anilist-manga-collection
2026-07-12 00:46:17 |TRC| method=GET status=200 uri=/api/v1/manga/collection latency_human="104.616µs"
2026-07-12 00:46:17 |TRC| method=GET status=200 uri=/api/v1/manga/collection latency_human="84.028µs"
2026-07-12 00:46:18 |TRC| method=GET status=200 uri=/api/v1/status latency_human="174.599µs"
2026-07-12 00:46:20 |TRC| method=GET status=200 uri=/api/v1/status latency_human="173.506µs"
2026-07-12 00:46:22 |TRC| method=GET status=200 uri=/api/v1/status latency_human="166.443µs"
2026-07-12 00:46:24 |TRC| method=GET status=200 uri=/api/v1/status latency_human="245.802µs"
2026-07-12 00:46:26 |TRC| method=GET status=200 uri=/api/v1/status latency_human="272.733µs"
2026-07-12 00:46:28 |TRC| method=GET status=200 uri=/api/v1/status latency_human="176.201µs"
2026-07-12 00:46:30 |TRC| method=GET status=200 uri=/api/v1/status latency_human="156.374µs"
2026-07-12 00:46:32 |TRC| method=GET status=200 uri=/api/v1/status latency_human="167.465µs"
2026-07-12 00:46:34 |TRC| method=GET status=200 uri=/api/v1/status latency_human="161.434µs"
2026-07-12 00:46:36 |TRC| method=GET status=200 uri=/api/v1/status latency_human="259.878µs"
2026-07-12 00:46:38 |TRC| method=GET status=200 uri=/api/v1/status latency_human="151.786µs"
2026-07-12 00:46:40 |TRC| method=GET status=200 uri=/api/v1/status latency_human="147.257µs"
2026-07-12 00:46:42 |TRC| method=GET status=200 uri=/api/v1/status latency_human="182.243µs"
2026-07-12 00:46:44 |TRC| method=GET status=200 uri=/api/v1/status latency_human="208.192µs"
2026-07-12 00:46:46 |TRC| method=GET status=200 uri=/api/v1/status latency_human="419.759µs"
2026-07-12 00:46:48 |TRC| method=GET status=200 uri=/api/v1/status latency_human="423.786µs"
2026-07-12 00:46:50 |TRC| method=GET status=200 uri=/api/v1/status latency_human="400.723µs"
2026-07-12 00:46:52 |TRC| method=GET status=200 uri=/api/v1/status latency_human="641.135µs"
2026-07-12 00:46:54 |TRC| method=GET status=200 uri=/api/v1/status latency_human="467.218µs"
2026-07-12 00:46:56 |TRC| method=GET status=200 uri=/api/v1/status latency_human="556.987µs"
2026-07-12 00:46:58 |TRC| method=GET status=200 uri=/api/v1/status latency_human="387.268µs"
2026-07-12 00:47:00 |TRC| method=GET status=200 uri=/api/v1/status latency_human="229.591µs"
2026-07-12 00:47:02 |TRC| method=GET status=200 uri=/api/v1/status latency_human="179.226µs"
2026-07-12 00:47:04 |TRC| method=GET status=200 uri=/api/v1/status latency_human="168.336µs"
2026-07-12 00:47:06 |TRC| method=GET status=200 uri=/api/v1/status latency_human="179.187µs"
2026-07-12 00:47:08 |TRC| method=GET status=200 uri=/api/v1/status latency_human="150.102µs"
2026-07-12 00:47:10 |TRC| method=GET status=200 uri=/api/v1/status latency_human="153.549µs"
2026-07-12 00:47:12 |TRC| method=GET status=200 uri=/api/v1/status latency_human="518.204µs"
2026-07-12 00:47:14 |TRC| method=GET status=200 uri=/api/v1/status latency_human="471.046µs"
2026-07-12 00:47:16 |TRC| method=GET status=200 uri=/api/v1/status latency_human="302.127µs"
2026-07-12 00:47:18 |TRC| method=GET status=200 uri=/api/v1/status latency_human="180.961µs"
2026-07-12 00:47:20 |TRC| method=GET status=200 uri=/api/v1/status latency_human="232.427µs"
2026-07-12 00:47:22 |TRC| method=GET status=200 uri=/api/v1/status latency_human="221.165µs"
2026-07-12 00:47:24 |TRC| method=GET status=200 uri=/api/v1/status latency_human="143.99µs"
2026-07-12 00:47:26 |TRC| method=GET status=200 uri=/api/v1/status latency_human="254.679µs"
2026-07-12 00:47:28 |TRC| method=GET status=200 uri=/api/v1/status latency_human="180.018µs"
2026-07-12 00:47:30 |TRC| method=GET status=200 uri=/api/v1/status latency_human="196.489µs"
2026-07-12 00:47:32 |TRC| method=GET status=200 uri=/api/v1/status latency_human="172.654µs"
2026-07-12 00:47:34 |TRC| method=GET status=200 uri=/api/v1/status latency_human="156.504µs"
2026-07-12 00:47:36 |TRC| method=GET status=200 uri=/api/v1/status latency_human="217.258µs"
2026-07-12 00:47:38 |TRC| method=GET status=200 uri=/api/v1/status latency_human="473.119µs"
2026-07-12 00:47:40 |TRC| method=GET status=200 uri=/api/v1/status latency_human=1.708733ms
2026-07-12 00:47:42 |TRC| method=GET status=200 uri=/api/v1/status latency_human="173.726µs"
2026-07-12 00:47:44 |TRC| method=GET status=200 uri=/api/v1/status latency_human="224.713µs"
2026-07-12 00:47:46 |TRC| method=GET status=200 uri=/api/v1/status latency_human="184.307µs"
2026-07-12 00:47:48 |TRC| method=GET status=200 uri=/api/v1/status latency_human="259.308µs"
2026-07-12 00:47:50 |TRC| method=GET status=200 uri=/api/v1/status latency_human="223.11µs"
2026-07-12 00:47:52 |TRC| method=GET status=200 uri=/api/v1/status latency_human="176.411µs"
2026-07-12 00:47:54 |TRC| method=GET status=200 uri=/api/v1/status latency_human="320.112µs"
2026-07-12 00:47:56 |TRC| method=GET status=200 uri=/api/v1/status latency_human="190.558µs"
2026-07-12 00:47:58 |TRC| method=GET status=200 uri=/api/v1/status latency_human="171.432µs"
2026-07-12 00:48:00 |TRC| method=GET status=200 uri=/api/v1/status latency_human="216.868µs"
2026-07-12 00:48:02 |TRC| method=GET status=200 uri=/api/v1/status latency_human="159.53µs"
2026-07-12 00:48:04 |TRC| method=GET status=200 uri=/api/v1/status latency_human="164.399µs"
2026-07-12 00:48:06 |TRC| method=GET status=200 uri=/api/v1/status latency_human="151.735µs"
2026-07-12 00:48:08 |TRC| method=GET status=200 uri=/api/v1/status latency_human="489.731µs"
2026-07-12 00:48:10 |TRC| method=GET status=200 uri=/api/v1/status latency_human="178.505µs"
2026-07-12 00:48:12 |TRC| method=GET status=200 uri=/api/v1/status latency_human="180.219µs"
2026-07-12 00:48:14 |TRC| method=GET status=200 uri=/api/v1/status latency_human="189.637µs"
2026-07-12 00:48:16 |TRC| method=GET status=200 uri=/api/v1/status latency_human="202.23µs"
2026-07-12 00:48:18 |TRC| method=GET status=200 uri=/api/v1/status latency_human="210.085µs"
2026-07-12 00:48:20 |TRC| method=GET status=200 uri=/api/v1/status latency_human="249.75µs"
2026-07-12 00:48:22 |TRC| method=GET status=200 uri=/api/v1/status latency_human="166.833µs"
2026-07-12 00:48:24 |TRC| method=GET status=200 uri=/api/v1/status latency_human="220.455µs"
2026-07-12 00:48:26 |TRC| method=GET status=200 uri=/api/v1/status latency_human="170.56µs"
2026-07-12 00:48:28 |TRC| method=GET status=200 uri=/api/v1/status latency_human="175.009µs"
2026-07-12 00:48:30 |TRC| method=GET status=200 uri=/api/v1/status latency_human="191.179µs"
2026-07-12 00:48:32 |TRC| method=GET status=200 uri=/api/v1/status latency_human="269.547µs"
2026-07-12 00:48:34 |TRC| method=GET status=200 uri=/api/v1/status latency_human="269.096µs"
2026-07-12 00:48:36 |TRC| method=GET status=200 uri=/api/v1/status latency_human="168.256µs"
2026-07-12 00:48:38 |TRC| method=GET status=200 uri=/api/v1/status latency_human="159.44µs"
2026-07-12 00:48:40 |TRC| method=GET status=200 uri=/api/v1/status latency_human="248.117µs"
2026-07-12 00:48:42 |TRC| method=GET status=200 uri=/api/v1/status latency_human="278.273µs"
2026-07-12 00:48:44 |TRC| method=GET status=200 uri=/api/v1/status latency_human="155.252µs"
2026-07-12 00:48:46 |TRC| method=GET status=200 uri=/api/v1/status latency_human="167.885µs"
2026-07-12 00:48:48 |TRC| method=GET status=200 uri=/api/v1/status latency_human="190.338µs"
2026-07-12 00:48:50 |TRC| method=GET status=200 uri=/api/v1/status latency_human="215.004µs"
2026-07-12 00:48:52 |TRC| method=GET status=200 uri=/api/v1/status latency_human="229.762µs"
2026-07-12 00:48:54 |TRC| method=GET status=200 uri=/api/v1/status latency_human="199.044µs"
2026-07-12 00:48:56 |TRC| method=GET status=200 uri=/api/v1/status latency_human="253.466µs"
2026-07-12 00:48:58 |TRC| method=GET status=200 uri=/api/v1/status latency_human="260.68µs"
2026-07-12 00:49:00 |TRC| method=GET status=200 uri=/api/v1/status latency_human="213.601µs"
2026-07-12 00:49:02 |TRC| method=GET status=200 uri=/api/v1/status latency_human="208.381µs"
2026-07-12 00:49:04 |TRC| method=GET status=200 uri=/api/v1/status latency_human="217.028µs"
2026-07-12 00:49:06 |TRC| method=GET status=200 uri=/api/v1/status latency_human="282.08µs"
2026-07-12 00:49:08 |TRC| method=GET status=200 uri=/api/v1/status latency_human="201.078µs"
2026-07-12 00:49:10 |TRC| method=GET status=200 uri=/api/v1/status latency_human="184.317µs"
2026-07-12 00:49:12 |TRC| method=GET status=200 uri=/api/v1/status latency_human="162.957µs"
2026-07-12 00:49:14 |TRC| method=GET status=200 uri=/api/v1/status latency_human="195.828µs"
2026-07-12 00:49:16 |TRC| method=GET status=200 uri=/api/v1/status latency_human="158.158µs"
2026-07-12 00:49:18 |TRC| method=GET status=200 uri=/api/v1/status latency_human="152.406µs"
2026-07-12 00:49:20 |TRC| method=GET status=200 uri=/api/v1/status latency_human="222.178µs"
2026-07-12 00:49:22 |TRC| method=GET status=200 uri=/api/v1/status latency_human="197.361µs"
2026-07-12 00:49:24 |TRC| method=GET status=200 uri=/api/v1/status latency_human="227.638µs"
2026-07-12 00:49:26 |TRC| method=GET status=200 uri=/api/v1/status latency_human="197.662µs"
2026-07-12 00:49:28 |TRC| method=GET status=200 uri=/api/v1/status latency_human="175.841µs"
2026-07-12 00:49:30 |TRC| method=GET status=200 uri=/api/v1/status latency_human="151.014µs"
2026-07-12 00:49:32 |TRC| method=GET status=200 uri=/api/v1/status latency_human="150.583µs"
2026-07-12 00:49:34 |TRC| method=GET status=200 uri=/api/v1/status latency_human="274.005µs"
2026-07-12 00:49:36 |TRC| method=GET status=200 uri=/api/v1/status latency_human="204.835µs"
2026-07-12 00:49:38 |TRC| method=GET status=200 uri=/api/v1/status latency_human="149µs"
2026-07-12 00:49:40 |TRC| method=GET status=200 uri=/api/v1/status latency_human="198.543µs"
2026-07-12 00:49:42 |TRC| method=GET status=200 uri=/api/v1/status latency_human="235.703µs"
2026-07-12 00:49:44 |TRC| method=GET status=200 uri=/api/v1/status latency_human="310.584µs"
2026-07-12 00:49:46 |TRC| method=GET status=200 uri=/api/v1/status latency_human="190.278µs"
2026-07-12 00:49:48 |TRC| method=GET status=200 uri=/api/v1/status latency_human="221.366µs"
2026-07-12 00:49:50 |TRC| method=GET status=200 uri=/api/v1/status latency_human="151.174µs"
2026-07-12 00:49:52 |TRC| method=GET status=200 uri=/api/v1/status latency_human="186.301µs"
2026-07-12 00:49:54 |TRC| method=GET status=200 uri=/api/v1/status latency_human="178.015µs"
2026-07-12 00:49:56 |TRC| method=GET status=200 uri=/api/v1/status latency_human="216.136µs"
2026-07-12 00:49:58 |TRC| method=GET status=200 uri=/api/v1/status latency_human="216.648µs"
2026-07-12 00:50:00 |TRC| method=GET status=200 uri=/api/v1/status latency_human="196.81µs"
2026-07-12 00:50:02 |TRC| method=GET status=200 uri=/api/v1/status latency_human="158.368µs"
2026-07-12 00:50:04 |TRC| method=GET status=200 uri=/api/v1/status latency_human="276.279µs"
2026-07-12 00:50:06 |TRC| method=GET status=200 uri=/api/v1/status latency_human="158.879µs"
2026-07-12 00:50:08 |TRC| method=GET status=200 uri=/api/v1/status latency_human="325.502µs"
2026-07-12 00:50:10 |TRC| method=GET status=200 uri=/api/v1/status latency_human="214.674µs"
2026-07-12 00:50:12 |TRC| method=GET status=200 uri=/api/v1/status latency_human="164.55µs"
2026-07-12 00:50:14 |TRC| method=GET status=200 uri=/api/v1/status latency_human="162.766µs"
2026-07-12 00:50:16 |TRC| method=GET status=200 uri=/api/v1/status latency_human="147.728µs"
2026-07-12 00:50:18 |TRC| method=GET status=200 uri=/api/v1/status latency_human="149.652µs"
2026-07-12 00:50:20 |TRC| method=GET status=200 uri=/api/v1/status latency_human="151.675µs"
2026-07-12 00:50:22 |TRC| method=GET status=200 uri=/api/v1/status latency_human="202.37µs"
2026-07-12 00:50:24 |TRC| method=GET status=200 uri=/api/v1/status latency_human="216.207µs"
2026-07-12 00:50:26 |TRC| method=GET status=200 uri=/api/v1/status latency_human="154.741µs"
2026-07-12 00:50:28 |TRC| method=GET status=200 uri=/api/v1/status latency_human="168.447µs"
2026-07-12 00:50:30 |TRC| method=GET status=200 uri=/api/v1/status latency_human="211.538µs"
2026-07-12 00:50:32 |TRC| method=GET status=200 uri=/api/v1/status latency_human="202.772µs"
2026-07-12 00:50:34 |TRC| method=GET status=200 uri=/api/v1/status latency_human="190.939µs"
2026-07-12 00:50:36 |TRC| method=GET status=200 uri=/api/v1/status latency_human="158.778µs"
2026-07-12 00:50:38 |TRC| method=GET status=200 uri=/api/v1/status latency_human="168.126µs"
2026-07-12 00:50:40 |TRC| method=GET status=200 uri=/api/v1/status latency_human="171.463µs"
2026-07-12 00:50:42 |TRC| method=GET status=200 uri=/api/v1/status latency_human="181.491µs"
2026-07-12 00:50:44 |TRC| method=GET status=200 uri=/api/v1/status latency_human="191.27µs"
2026-07-12 00:50:46 |TRC| method=GET status=200 uri=/api/v1/status latency_human="138.771µs"
2026-07-12 00:50:48 |TRC| method=GET status=200 uri=/api/v1/status latency_human="153.298µs"
2026-07-12 00:50:50 |TRC| method=GET status=200 uri=/api/v1/status latency_human="161.163µs"
2026-07-12 00:50:52 |TRC| method=GET status=200 uri=/api/v1/status latency_human="274.486µs"
2026-07-12 00:50:54 |TRC| method=GET status=200 uri=/api/v1/status latency_human="253.647µs"
2026-07-12 00:50:56 |TRC| method=GET status=200 uri=/api/v1/status latency_human="133.992µs"
2026-07-12 00:50:58 |TRC| method=GET status=200 uri=/api/v1/status latency_human="172.635µs"
2026-07-12 00:51:00 |TRC| method=GET status=200 uri=/api/v1/status latency_human="177.544µs"
2026-07-12 00:51:02 |TRC| method=GET status=200 uri=/api/v1/status latency_human="151.855µs"
2026-07-12 00:51:04 |TRC| method=GET status=200 uri=/api/v1/status latency_human="249.599µs"
2026-07-12 00:51:06 |TRC| method=GET status=200 uri=/api/v1/status latency_human="218.02µs"
2026-07-12 00:51:08 |TRC| method=GET status=200 uri=/api/v1/status latency_human="153.509µs"
2026-07-12 00:51:10 |TRC| method=GET status=200 uri=/api/v1/status latency_human="191.269µs"
2026-07-12 00:51:12 |TRC| method=GET status=200 uri=/api/v1/status latency_human="178.125µs"
2026-07-12 00:51:14 |TRC| method=GET status=200 uri=/api/v1/status latency_human="234.561µs"
2026-07-12 00:51:16 |TRC| method=GET status=200 uri=/api/v1/status latency_human="161.564µs"
2026-07-12 00:51:18 |TRC| method=GET status=200 uri=/api/v1/status latency_human="258.786µs"
2026-07-12 00:51:20 |TRC| method=GET status=200 uri=/api/v1/status latency_human="209.233µs"
2026-07-12 00:51:22 |TRC| method=GET status=200 uri=/api/v1/status latency_human="252.926µs"
2026-07-12 00:51:24 |TRC| method=GET status=200 uri=/api/v1/status latency_human="148.349µs"
2026-07-12 00:51:26 |TRC| method=GET status=200 uri=/api/v1/status latency_human="180.289µs"
2026-07-12 00:51:28 |TRC| method=GET status=200 uri=/api/v1/status latency_human="234.551µs"
2026-07-12 00:51:30 |TRC| method=GET status=200 uri=/api/v1/status latency_human="162.916µs"
2026-07-12 00:51:32 |TRC| method=GET status=200 uri=/api/v1/status latency_human="167.725µs"
2026-07-12 00:51:34 |TRC| method=GET status=200 uri=/api/v1/status latency_human="192.132µs"
2026-07-12 00:51:36 |TRC| method=GET status=200 uri=/api/v1/status latency_human="163.348µs"
2026-07-12 00:51:38 |TRC| method=GET status=200 uri=/api/v1/status latency_human="166.673µs"
2026-07-12 00:51:40 |TRC| method=GET status=200 uri=/api/v1/status latency_human="229.302µs"
2026-07-12 00:51:42 |TRC| method=GET status=200 uri=/api/v1/status latency_human="154.01µs"
2026-07-12 00:51:44 |TRC| method=GET status=200 uri=/api/v1/status latency_human="187.723µs"
2026-07-12 00:51:46 |TRC| method=GET status=200 uri=/api/v1/status latency_human="152.096µs"
2026-07-12 00:51:48 |TRC| method=GET status=200 uri=/api/v1/status latency_human="159.259µs"
2026-07-12 00:51:50 |TRC| method=GET status=200 uri=/api/v1/status latency_human="151.265µs"
2026-07-12 00:51:52 |TRC| method=GET status=200 uri=/api/v1/status latency_human="291.288µs"
2026-07-12 00:51:54 |TRC| method=GET status=200 uri=/api/v1/status latency_human="137.138µs"
2026-07-12 00:51:56 |TRC| method=GET status=200 uri=/api/v1/status latency_human="194.636µs"
2026-07-12 00:51:57 |TRC| anilist platform > Fetching anime mediaId=190569
2026-07-12 00:51:58 |INF| anilist > Successful Request rlr=29 rtt=764ms
2026-07-12 00:51:58 |DBG| animap > Fetching metadata for 190569
2026-07-12 00:51:58 |TRC| method=GET status=200 uri=/api/v1/status latency_human="218.26µs"
2026-07-12 00:51:58 |TRC| method=GET status=200 uri=/api/v1/library/anime-entry/190569 latency_human=1.378865107s
2026-07-12 00:52:00 |TRC| method=GET status=200 uri=/api/v1/status latency_human="181.01µs"
2026-07-12 00:52:02 |TRC| method=GET status=200 uri=/api/v1/status latency_human="124.835µs"
2026-07-12 00:52:04 |TRC| method=GET status=200 uri=/api/v1/status latency_human="174.949µs"
2026-07-12 00:52:06 |TRC| method=GET status=200 uri=/api/v1/status latency_human="285.937µs"
2026-07-12 00:52:08 |TRC| method=GET status=200 uri=/api/v1/status latency_human="218.381µs"
2026-07-12 00:52:10 |TRC| method=GET status=200 uri=/api/v1/status latency_human="139.903µs"
2026-07-12 00:52:12 |TRC| method=GET status=200 uri=/api/v1/status latency_human="191.61µs"
2026-07-12 00:52:14 |TRC| method=GET status=200 uri=/api/v1/status latency_human="172.364µs"
2026-07-12 00:52:16 |TRC| method=GET status=200 uri=/api/v1/status latency_human="149.891µs"
2026-07-12 00:52:18 |TRC| method=GET status=200 uri=/api/v1/status latency_human="178.115µs"
2026-07-12 00:52:20 |TRC| method=GET status=200 uri=/api/v1/status latency_human="282.161µs"
2026-07-12 00:52:22 |TRC| method=GET status=200 uri=/api/v1/status latency_human="159.861µs"
2026-07-12 00:52:24 |TRC| method=GET status=200 uri=/api/v1/status latency_human="154.861µs"
2026-07-12 00:52:26 |TRC| method=GET status=200 uri=/api/v1/status latency_human="157.456µs"
2026-07-12 00:52:28 |TRC| method=GET status=200 uri=/api/v1/status latency_human="158.468µs"
2026-07-12 00:52:30 |TRC| method=GET status=200 uri=/api/v1/status latency_human="154.731µs"
2026-07-12 00:52:32 |TRC| method=GET status=200 uri=/api/v1/status latency_human="209.775µs"
2026-07-12 00:52:34 |TRC| method=GET status=200 uri=/api/v1/status latency_human="162.255µs"
2026-07-12 00:52:36 |TRC| method=GET status=200 uri=/api/v1/status latency_human="176.773µs"
2026-07-12 00:52:38 |TRC| method=GET status=200 uri=/api/v1/status latency_human="158.368µs"
2026-07-12 00:52:40 |TRC| method=GET status=200 uri=/api/v1/status latency_human="201.048µs"
2026-07-12 00:52:42 |TRC| method=GET status=200 uri=/api/v1/status latency_human="154.681µs"
2026-07-12 00:52:44 |TRC| method=GET status=200 uri=/api/v1/status latency_human="190.198µs"
2026-07-12 00:52:46 |TRC| method=GET status=200 uri=/api/v1/status latency_human="157.646µs"
2026-07-12 00:52:48 |TRC| method=GET status=200 uri=/api/v1/status latency_human="171.181µs"
2026-07-12 00:52:50 |TRC| method=GET status=200 uri=/api/v1/status latency_human="159.169µs"
2026-07-12 00:52:52 |TRC| method=GET status=200 uri=/api/v1/status latency_human="159.159µs"
2026-07-12 00:52:54 |TRC| method=GET status=200 uri=/api/v1/status latency_human="157.716µs"
2026-07-12 00:52:56 |TRC| method=GET status=200 uri=/api/v1/status latency_human="227.698µs"
2026-07-12 00:52:58 |TRC| method=GET status=200 uri=/api/v1/status latency_human="157.977µs"
2026-07-12 00:53:00 |TRC| method=GET status=200 uri=/api/v1/status latency_human="158.378µs"
2026-07-12 00:53:02 |TRC| method=GET status=200 uri=/api/v1/status latency_human="139.552µs"
2026-07-12 00:53:04 |TRC| method=GET status=200 uri=/api/v1/status latency_human="201.228µs"
2026-07-12 00:53:06 |TRC| method=GET status=200 uri=/api/v1/status latency_human="166.052µs"
2026-07-12 00:53:08 |TRC| method=GET status=200 uri=/api/v1/status latency_human="473.34µs"
2026-07-12 00:53:10 |TRC| method=GET status=200 uri=/api/v1/status latency_human="165.762µs"
2026-07-12 00:53:12 |TRC| method=GET status=200 uri=/api/v1/status latency_human="229.582µs"
2026-07-12 00:53:14 |TRC| method=GET status=200 uri=/api/v1/status latency_human="151.064µs"
2026-07-12 00:53:16 |TRC| method=GET status=200 uri=/api/v1/status latency_human="293.231µs"
2026-07-12 00:53:18 |TRC| method=GET status=200 uri=/api/v1/status latency_human="164.76µs"
2026-07-12 00:53:20 |TRC| method=GET status=200 uri=/api/v1/status latency_human="191.7µs"
2026-07-12 00:53:22 |TRC| method=GET status=200 uri=/api/v1/status latency_human="174.528µs"
2026-07-12 00:53:24 |TRC| method=GET status=200 uri=/api/v1/status latency_human="204.104µs"
2026-07-12 00:53:26 |TRC| method=GET status=200 uri=/api/v1/status latency_human="160.772µs"
2026-07-12 00:53:28 |TRC| method=GET status=200 uri=/api/v1/status latency_human="177.755µs"
2026-07-12 00:53:30 |TRC| method=GET status=200 uri=/api/v1/status latency_human="165.381µs"
2026-07-12 00:53:32 |TRC| method=GET status=200 uri=/api/v1/status latency_human="156.104µs"
2026-07-12 00:53:34 |TRC| method=GET status=200 uri=/api/v1/status latency_human="474.052µs"
2026-07-12 00:53:36 |TRC| method=GET status=200 uri=/api/v1/status latency_human="140.645µs"
2026-07-12 00:53:38 |TRC| method=GET status=200 uri=/api/v1/status latency_human="198.924µs"
2026-07-12 00:53:40 |TRC| method=GET status=200 uri=/api/v1/status latency_human="347.003µs"
2026-07-12 00:53:42 |TRC| method=GET status=200 uri=/api/v1/status latency_human="180.369µs"
2026-07-12 00:53:44 |TRC| method=GET status=200 uri=/api/v1/status latency_human="148.119µs"
2026-07-12 00:53:46 |TRC| method=GET status=200 uri=/api/v1/status latency_human="243.147µs"
2026-07-12 00:53:48 |TRC| method=GET status=200 uri=/api/v1/status latency_human="170.07µs"
2026-07-12 00:53:50 |TRC| method=GET status=200 uri=/api/v1/status latency_human="196.76µs"
2026-07-12 00:53:52 |TRC| method=GET status=200 uri=/api/v1/status latency_human="167.926µs"
2026-07-12 00:53:54 |TRC| method=GET status=200 uri=/api/v1/status latency_human="154.951µs"
2026-07-12 00:53:56 |TRC| method=GET status=200 uri=/api/v1/status latency_human="157.877µs"
2026-07-12 00:53:58 |TRC| method=GET status=200 uri=/api/v1/status latency_human="148.659µs"
2026-07-12 00:54:00 |TRC| method=GET status=200 uri=/api/v1/status latency_human="168.216µs"
2026-07-12 00:54:02 |TRC| method=GET status=200 uri=/api/v1/status latency_human="146.896µs"
2026-07-12 00:54:04 |TRC| method=GET status=200 uri=/api/v1/status latency_human="218.381µs"
2026-07-12 00:54:06 |TRC| method=GET status=200 uri=/api/v1/status latency_human="150.002µs"
2026-07-12 00:54:08 |TRC| method=GET status=200 uri=/api/v1/status latency_human="450.597µs"
2026-07-12 00:54:10 |TRC| method=GET status=200 uri=/api/v1/status latency_human="157.276µs"
2026-07-12 00:54:12 |TRC| method=GET status=200 uri=/api/v1/status latency_human="167.234µs"
2026-07-12 00:54:14 |TRC| method=GET status=200 uri=/api/v1/status latency_human="155.031µs"
2026-07-12 00:54:16 |TRC| method=GET status=200 uri=/api/v1/status latency_human="124.164µs"
2026-07-12 00:54:18 |TRC| method=GET status=200 uri=/api/v1/status latency_human="196.279µs"
2026-07-12 00:54:20 |TRC| method=GET status=200 uri=/api/v1/status latency_human="270.508µs"
2026-07-12 00:54:22 |TRC| method=GET status=200 uri=/api/v1/status latency_human="165.2µs"
2026-07-12 00:54:24 |TRC| method=GET status=200 uri=/api/v1/status latency_human="250.892µs"
2026-07-12 00:54:26 |TRC| method=GET status=200 uri=/api/v1/status latency_human=1.477328ms
2026-07-12 00:54:28 |TRC| method=GET status=200 uri=/api/v1/status latency_human="204.945µs"
2026-07-12 00:54:30 |TRC| method=GET status=200 uri=/api/v1/status latency_human="171.623µs"
2026-07-12 00:54:32 |TRC| method=GET status=200 uri=/api/v1/status latency_human="224.893µs"
2026-07-12 00:54:34 |TRC| method=GET status=200 uri=/api/v1/status latency_human="155.212µs"
2026-07-12 00:54:36 |TRC| method=GET status=200 uri=/api/v1/status latency_human="209.784µs"
2026-07-12 00:54:38 |TRC| method=GET status=200 uri=/api/v1/status latency_human="165.311µs"
2026-07-12 00:54:40 |TRC| method=GET status=200 uri=/api/v1/status latency_human="161.814µs"
2026-07-12 00:54:42 |TRC| method=GET status=200 uri=/api/v1/status latency_human="190.037µs"
2026-07-12 00:54:44 |TRC| method=GET status=200 uri=/api/v1/status latency_human="161.433µs"
2026-07-12 00:54:46 |TRC| method=GET status=200 uri=/api/v1/status latency_human="126.729µs"
2026-07-12 00:54:48 |TRC| method=GET status=200 uri=/api/v1/status latency_human="236.785µs"
2026-07-12 00:54:50 |TRC| method=GET status=200 uri=/api/v1/status latency_human="183.775µs"
2026-07-12 00:54:52 |TRC| method=GET status=200 uri=/api/v1/status latency_human="158.758µs"
2026-07-12 00:54:54 |TRC| method=GET status=200 uri=/api/v1/status latency_human="198.233µs"
2026-07-12 00:54:56 |TRC| method=GET status=200 uri=/api/v1/status latency_human="161.344µs"
2026-07-12 00:54:58 |TRC| method=GET status=200 uri=/api/v1/status latency_human="160.763µs"
2026-07-12 00:55:00 |TRC| method=GET status=200 uri=/api/v1/status latency_human="166.893µs"
2026-07-12 00:55:02 |TRC| method=GET status=200 uri=/api/v1/status latency_human="214.644µs"
2026-07-12 00:55:04 |TRC| method=GET status=200 uri=/api/v1/status latency_human="150.443µs"
2026-07-12 00:55:06 |TRC| method=GET status=200 uri=/api/v1/status latency_human="128.722µs"
2026-07-12 00:55:08 |TRC| method=GET status=200 uri=/api/v1/status latency_human="152.717µs"
2026-07-12 00:55:10 |TRC| method=GET status=200 uri=/api/v1/status latency_human="149.591µs"
2026-07-12 00:55:12 |TRC| method=GET status=200 uri=/api/v1/status latency_human="150.543µs"
2026-07-12 00:55:14 |TRC| method=GET status=200 uri=/api/v1/status latency_human="160.121µs"
2026-07-12 00:55:16 |TRC| method=GET status=200 uri=/api/v1/status latency_human="255.471µs"
2026-07-12 00:55:18 |TRC| method=GET status=200 uri=/api/v1/status latency_human="342.253µs"
2026-07-12 00:55:20 |TRC| method=GET status=200 uri=/api/v1/status latency_human="343.486µs"
2026-07-12 00:55:22 |TRC| method=GET status=200 uri=/api/v1/status latency_human="227.458µs"
2026-07-12 00:55:24 |TRC| method=GET status=200 uri=/api/v1/status latency_human="204.054µs"
2026-07-12 00:55:26 |TRC| method=GET status=200 uri=/api/v1/status latency_human="274.035µs"
2026-07-12 00:55:28 |TRC| method=GET status=200 uri=/api/v1/status latency_human="177.924µs"
2026-07-12 00:55:30 |TRC| method=GET status=200 uri=/api/v1/status latency_human="154.59µs"
2026-07-12 00:55:32 |TRC| method=GET status=200 uri=/api/v1/status latency_human="235.353µs"
2026-07-12 00:55:34 |TRC| method=GET status=200 uri=/api/v1/status latency_human="165.822µs"
2026-07-12 00:55:36 |TRC| method=GET status=200 uri=/api/v1/status latency_human="174.448µs"
2026-07-12 00:55:38 |TRC| method=GET status=200 uri=/api/v1/status latency_human="206.669µs"
2026-07-12 00:55:40 |TRC| method=GET status=200 uri=/api/v1/status latency_human="173.275µs"
2026-07-12 00:55:42 |TRC| method=GET status=200 uri=/api/v1/status latency_human="164.71µs"
2026-07-12 00:55:44 |TRC| method=GET status=200 uri=/api/v1/status latency_human="246.032µs"
2026-07-12 00:55:46 |TRC| method=GET status=200 uri=/api/v1/status latency_human="241.795µs"
2026-07-12 00:55:48 |TRC| method=GET status=200 uri=/api/v1/status latency_human="158.929µs"
2026-07-12 00:55:50 |TRC| method=GET status=200 uri=/api/v1/status latency_human="229.392µs"
2026-07-12 00:55:52 |TRC| method=GET status=200 uri=/api/v1/status latency_human="203.172µs"
2026-07-12 00:55:54 |TRC| method=GET status=200 uri=/api/v1/status latency_human="225.535µs"
2026-07-12 00:55:56 |TRC| method=GET status=200 uri=/api/v1/status latency_human="223.851µs"
2026-07-12 00:55:58 |TRC| method=GET status=200 uri=/api/v1/status latency_human="200.096µs"
2026-07-12 00:56:00 |TRC| method=GET status=200 uri=/api/v1/status latency_human="195.698µs"
2026-07-12 00:56:02 |TRC| method=GET status=200 uri=/api/v1/status latency_human="220.956µs"
2026-07-12 00:56:04 |TRC| method=GET status=200 uri=/api/v1/status latency_human="262.985µs"
2026-07-12 00:56:06 |TRC| method=GET status=200 uri=/api/v1/status latency_human="166.483µs"
2026-07-12 00:56:08 |TRC| method=GET status=200 uri=/api/v1/status latency_human="273.675µs"
2026-07-12 00:56:10 |TRC| method=GET status=200 uri=/api/v1/status latency_human="235.443µs"
2026-07-12 00:56:12 |TRC| method=GET status=200 uri=/api/v1/status latency_human="176.682µs"
2026-07-12 00:56:14 |TRC| method=GET status=200 uri=/api/v1/status latency_human="162.796µs"
2026-07-12 00:56:16 |TRC| method=GET status=200 uri=/api/v1/status latency_human="167.775µs"
2026-07-12 00:56:16 |DBG| anilist > Fetching anime collection
2026-07-12 00:56:16 |TRC| ws > Sending message type=check-for-announcements
2026-07-12 00:56:16 |TRC| method=POST status=200 uri=/api/v1/announcements latency_human="178.916µs"
2026-07-12 00:56:17 |INF| anilist > Successful Request rlr=29 rtt=657ms
2026-07-12 00:56:17 |TRC| ws > Sending message type=refreshed-anilist-anime-collection
2026-07-12 00:56:17 |DBG| anilist > Fetching manga collection
2026-07-12 00:56:17 |TRC| method=GET status=200 uri=/api/v1/library/collection latency_human="132.929µs"
2026-07-12 00:56:17 |TRC| method=GET status=200 uri=/api/v1/library/collection latency_human="137.489µs"
2026-07-12 00:56:17 |TRC| method=GET status=200 uri=/api/v1/anilist/collection latency_human="75.452µs"
2026-07-12 00:56:17 |TRC| method=GET status=200 uri=/api/v1/anilist/collection latency_human="90.21µs"
2026-07-12 00:56:17 |TRC| method=GET status=200 uri=/api/v1/library/missing-episodes latency_human="280.788µs"
2026-07-12 00:56:17 |TRC| method=GET status=200 uri=/api/v1/library/missing-episodes latency_human="67.407µs"
2026-07-12 00:56:17 |INF| anilist > Successful Request rlr=28 rtt=404ms
2026-07-12 00:56:17 |TRC| ws > Sending message type=refreshed-anilist-manga-collection
2026-07-12 00:56:17 |TRC| method=GET status=200 uri=/api/v1/manga/collection latency_human="72.476µs"
2026-07-12 00:56:17 |TRC| method=GET status=200 uri=/api/v1/manga/collection latency_human="75.452µs"
2026-07-12 00:56:18 |TRC| method=GET status=200 uri=/api/v1/status latency_human="239.851µs"
2026-07-12 00:56:20 |TRC| method=GET status=200 uri=/api/v1/status latency_human="151.765µs"
2026-07-12 00:56:22 |TRC| method=GET status=200 uri=/api/v1/status latency_human="164.95µs"
2026-07-12 00:56:24 |TRC| method=GET status=200 uri=/api/v1/status latency_human="175.651µs"
2026-07-12 00:56:26 |TRC| method=GET status=200 uri=/api/v1/status latency_human="180.99µs"
2026-07-12 00:56:28 |TRC| method=GET status=200 uri=/api/v1/status latency_human="245.412µs"
2026-07-12 00:56:30 |TRC| method=GET status=200 uri=/api/v1/status latency_human="177.564µs"
2026-07-12 00:56:32 |TRC| method=GET status=200 uri=/api/v1/status latency_human=1.326755ms
2026-07-12 00:56:34 |TRC| method=GET status=200 uri=/api/v1/status latency_human="199.164µs"
2026-07-12 00:56:36 |TRC| method=GET status=200 uri=/api/v1/status latency_human="206.779µs"
2026-07-12 00:56:38 |TRC| method=GET status=200 uri=/api/v1/status latency_human="198.543µs"
2026-07-12 00:56:40 |TRC| method=GET status=200 uri=/api/v1/status latency_human="154.831µs"
2026-07-12 00:56:42 |TRC| method=GET status=200 uri=/api/v1/status latency_human="191.51µs"
2026-07-12 00:56:44 |TRC| method=GET status=200 uri=/api/v1/status latency_human="240.602µs"
2026-07-12 00:56:46 |TRC| method=GET status=200 uri=/api/v1/status latency_human="159.771µs"
2026-07-12 00:56:48 |TRC| method=GET status=200 uri=/api/v1/status latency_human="158.257µs"
2026-07-12 00:56:50 |TRC| method=GET status=200 uri=/api/v1/status latency_human="166.232µs"
2026-07-12 00:56:52 |TRC| method=GET status=200 uri=/api/v1/status latency_human="199.375µs"
2026-07-12 00:56:54 |TRC| method=GET status=200 uri=/api/v1/status latency_human="171.673µs"
2026-07-12 00:56:56 |TRC| method=GET status=200 uri=/api/v1/status latency_human="212.029µs"
2026-07-12 00:56:58 |TRC| method=GET status=200 uri=/api/v1/status latency_human="186.621µs"
2026-07-12 00:57:00 |TRC| method=GET status=200 uri=/api/v1/status latency_human="184.567µs"
2026-07-12 00:57:02 |TRC| method=GET status=200 uri=/api/v1/status latency_human="164.87µs"
2026-07-12 00:57:04 |TRC| method=GET status=200 uri=/api/v1/status latency_human="183.585µs"
2026-07-12 00:57:06 |TRC| method=GET status=200 uri=/api/v1/status latency_human="145.704µs"
2026-07-12 00:57:08 |TRC| method=GET status=200 uri=/api/v1/status latency_human="167.826µs"
2026-07-12 00:57:10 |TRC| method=GET status=200 uri=/api/v1/status latency_human="293.191µs"
2026-07-12 00:57:12 |TRC| method=GET status=200 uri=/api/v1/status latency_human="156.243µs"
2026-07-12 00:57:14 |TRC| method=GET status=200 uri=/api/v1/status latency_human="225.685µs"
2026-07-12 00:57:16 |TRC| method=GET status=200 uri=/api/v1/status latency_human="155.282µs"
2026-07-12 00:57:18 |TRC| method=GET status=200 uri=/api/v1/status latency_human="150.833µs"
2026-07-12 00:57:20 |TRC| method=GET status=200 uri=/api/v1/status latency_human="177.744µs"
2026-07-12 00:57:22 |TRC| method=GET status=200 uri=/api/v1/status latency_human="166.433µs"
2026-07-12 00:57:24 |TRC| method=GET status=200 uri=/api/v1/status latency_human="171.042µs"
2026-07-12 00:57:26 |TRC| method=GET status=200 uri=/api/v1/status latency_human="225.424µs"
2026-07-12 00:57:28 |TRC| method=GET status=200 uri=/api/v1/status latency_human="200.738µs"
2026-07-12 00:57:30 |TRC| method=GET status=200 uri=/api/v1/status latency_human="156.114µs"
2026-07-12 00:57:32 |TRC| method=GET status=200 uri=/api/v1/status latency_human="154.781µs"
2026-07-12 00:57:34 |TRC| method=GET status=200 uri=/api/v1/status latency_human="320.593µs"
2026-07-12 00:57:36 |TRC| method=GET status=200 uri=/api/v1/status latency_human="265.85µs"
2026-07-12 00:57:38 |TRC| method=GET status=200 uri=/api/v1/status latency_human="206.599µs"
2026-07-12 00:57:40 |TRC| method=GET status=200 uri=/api/v1/status latency_human="173.286µs"
2026-07-12 00:57:42 |TRC| method=GET status=200 uri=/api/v1/status latency_human="227.448µs"
2026-07-12 00:57:44 |TRC| method=GET status=200 uri=/api/v1/status latency_human="168.326µs"
2026-07-12 00:57:46 |TRC| method=GET status=200 uri=/api/v1/status latency_human="164.68µs"
2026-07-12 00:57:48 |TRC| method=GET status=200 uri=/api/v1/status latency_human="222.017µs"
2026-07-12 00:57:50 |TRC| method=GET status=200 uri=/api/v1/status latency_human="164.82µs"
2026-07-12 00:57:52 |TRC| method=GET status=200 uri=/api/v1/status latency_human="178.405µs"
2026-07-12 00:57:54 |TRC| method=GET status=200 uri=/api/v1/status latency_human="153.358µs"
2026-07-12 00:57:56 |TRC| method=GET status=200 uri=/api/v1/status latency_human="194.756µs"
2026-07-12 00:57:58 |TRC| method=GET status=200 uri=/api/v1/status latency_human="254.96µs"
2026-07-12 00:58:00 |TRC| method=GET status=200 uri=/api/v1/status latency_human="150.703µs"
2026-07-12 00:58:02 |TRC| method=GET status=200 uri=/api/v1/status latency_human="174.979µs"
2026-07-12 00:58:04 |TRC| method=GET status=200 uri=/api/v1/status latency_human="217.669µs"
2026-07-12 00:58:06 |TRC| method=GET status=200 uri=/api/v1/status latency_human="157.406µs"
2026-07-12 00:58:08 |TRC| method=GET status=200 uri=/api/v1/status latency_human="346.451µs"
2026-07-12 00:58:10 |TRC| method=GET status=200 uri=/api/v1/status latency_human="264.838µs"
2026-07-12 00:58:12 |TRC| method=GET status=200 uri=/api/v1/status latency_human="166.363µs"
2026-07-12 00:58:14 |TRC| method=GET status=200 uri=/api/v1/status latency_human="193.764µs"
2026-07-12 00:58:16 |TRC| method=GET status=200 uri=/api/v1/status latency_human="151.064µs"
2026-07-12 00:58:18 |TRC| method=GET status=200 uri=/api/v1/status latency_human="150.223µs"
2026-07-12 00:58:20 |TRC| method=GET status=200 uri=/api/v1/status latency_human="172.444µs"
2026-07-12 00:58:22 |TRC| method=GET status=200 uri=/api/v1/status latency_human="175.42µs"
2026-07-12 00:58:24 |TRC| method=GET status=200 uri=/api/v1/status latency_human="217.499µs"
2026-07-12 00:58:26 |TRC| method=GET status=200 uri=/api/v1/status latency_human="171.903µs"
2026-07-12 00:58:28 |TRC| method=GET status=200 uri=/api/v1/status latency_human="180.549µs"
2026-07-12 00:58:30 |TRC| method=GET status=200 uri=/api/v1/status latency_human="185.418µs"
2026-07-12 00:58:32 |TRC| method=GET status=200 uri=/api/v1/status latency_human="170.961µs"
2026-07-12 00:58:34 |TRC| method=GET status=200 uri=/api/v1/status latency_human="161.253µs"
2026-07-12 00:58:36 |TRC| method=GET status=200 uri=/api/v1/status latency_human="152.247µs"
2026-07-12 00:58:38 |TRC| method=GET status=200 uri=/api/v1/status latency_human="195.718µs"
2026-07-12 00:58:40 |TRC| method=GET status=200 uri=/api/v1/status latency_human="158.699µs"
2026-07-12 00:58:42 |TRC| method=GET status=200 uri=/api/v1/status latency_human="185.709µs"
2026-07-12 00:58:44 |TRC| method=GET status=200 uri=/api/v1/status latency_human="190.789µs"
2026-07-12 00:58:46 |TRC| method=GET status=200 uri=/api/v1/status latency_human="168.517µs"
2026-07-12 00:58:48 |TRC| method=GET status=200 uri=/api/v1/status latency_human="175.961µs"
2026-07-12 00:58:50 |TRC| method=GET status=200 uri=/api/v1/status latency_human="179.497µs"
2026-07-12 00:58:52 |TRC| method=GET status=200 uri=/api/v1/status latency_human="152.647µs"
2026-07-12 00:58:54 |TRC| method=GET status=200 uri=/api/v1/status latency_human="163.778µs"
2026-07-12 00:58:56 |TRC| method=GET status=200 uri=/api/v1/status latency_human="173.285µs"
2026-07-12 00:58:58 |TRC| method=GET status=200 uri=/api/v1/status latency_human="154.17µs"
2026-07-12 00:59:00 |TRC| method=GET status=200 uri=/api/v1/status latency_human="421.042µs"
2026-07-12 00:59:02 |TRC| method=GET status=200 uri=/api/v1/status latency_human="165.852µs"
2026-07-12 00:59:04 |TRC| method=GET status=200 uri=/api/v1/status latency_human="180.259µs"
2026-07-12 00:59:06 |TRC| method=GET status=200 uri=/api/v1/status latency_human="175.58µs"
2026-07-12 00:59:08 |TRC| method=GET status=200 uri=/api/v1/status latency_human="181.542µs"
2026-07-12 00:59:10 |TRC| method=GET status=200 uri=/api/v1/status latency_human="169.588µs"
2026-07-12 00:59:12 |TRC| method=GET status=200 uri=/api/v1/status latency_human="160.893µs"
2026-07-12 00:59:14 |TRC| method=GET status=200 uri=/api/v1/status latency_human="156.013µs"
2026-07-12 00:59:16 |TRC| method=GET status=200 uri=/api/v1/status latency_human="208.061µs"
2026-07-12 00:59:18 |TRC| method=GET status=200 uri=/api/v1/status latency_human="179.908µs"
2026-07-12 00:59:20 |TRC| method=GET status=200 uri=/api/v1/status latency_human="272.773µs"
2026-07-12 00:59:22 |TRC| method=GET status=200 uri=/api/v1/status latency_human="157.146µs"
2026-07-12 00:59:24 |TRC| method=GET status=200 uri=/api/v1/status latency_human="144.933µs"
2026-07-12 00:59:26 |TRC| method=GET status=200 uri=/api/v1/status latency_human="235.242µs"
2026-07-12 00:59:28 |TRC| method=GET status=200 uri=/api/v1/status latency_human="247.075µs"
2026-07-12 00:59:30 |TRC| method=GET status=200 uri=/api/v1/status latency_human="174.277µs"
2026-07-12 00:59:32 |TRC| method=GET status=200 uri=/api/v1/status latency_human="166.073µs"
2026-07-12 00:59:34 |TRC| method=GET status=200 uri=/api/v1/status latency_human="164.61µs"
2026-07-12 00:59:36 |TRC| method=GET status=200 uri=/api/v1/status latency_human="190.699µs"
2026-07-12 00:59:38 |TRC| method=GET status=200 uri=/api/v1/status latency_human="178.225µs"
2026-07-12 00:59:40 |TRC| method=GET status=200 uri=/api/v1/status latency_human="158.097µs"
2026-07-12 00:59:42 |TRC| method=GET status=200 uri=/api/v1/status latency_human="170.4µs"
2026-07-12 00:59:44 |TRC| method=GET status=200 uri=/api/v1/status latency_human="217.248µs"
2026-07-12 00:59:46 |TRC| method=GET status=200 uri=/api/v1/status latency_human="162.876µs"
2026-07-12 00:59:48 |TRC| method=GET status=200 uri=/api/v1/status latency_human="164.66µs"
2026-07-12 00:59:50 |TRC| method=GET status=200 uri=/api/v1/status latency_human="153.579µs"
2026-07-12 00:59:52 |TRC| method=GET status=200 uri=/api/v1/status latency_human="191.26µs"
2026-07-12 00:59:54 |TRC| method=GET status=200 uri=/api/v1/status latency_human="158.378µs"
2026-07-12 00:59:56 |TRC| method=GET status=200 uri=/api/v1/status latency_human="182.313µs"
2026-07-12 00:59:58 |TRC| method=GET status=200 uri=/api/v1/status latency_human="163.407µs"
2026-07-12 01:00:00 |TRC| method=GET status=200 uri=/api/v1/status latency_human="299.664µs"
2026-07-12 01:00:02 |TRC| method=GET status=200 uri=/api/v1/status latency_human="170.37µs"
2026-07-12 01:00:04 |TRC| method=GET status=200 uri=/api/v1/status latency_human="153.399µs"
2026-07-12 01:00:06 |TRC| method=GET status=200 uri=/api/v1/status latency_human="148.199µs"
2026-07-12 01:00:08 |TRC| method=GET status=200 uri=/api/v1/status latency_human="288.473µs"
2026-07-12 01:00:10 |TRC| method=GET status=200 uri=/api/v1/status latency_human="153.158µs"
2026-07-12 01:00:12 |TRC| method=GET status=200 uri=/api/v1/status latency_human="153.378µs"
2026-07-12 01:00:14 |TRC| method=GET status=200 uri=/api/v1/status latency_human="195.548µs"
2026-07-12 01:00:16 |TRC| method=GET status=200 uri=/api/v1/status latency_human="190.257µs"
2026-07-12 01:00:18 |TRC| method=GET status=200 uri=/api/v1/status latency_human="254.689µs"
2026-07-12 01:00:20 |TRC| method=GET status=200 uri=/api/v1/status latency_human="169.078µs"
2026-07-12 01:00:22 |TRC| method=GET status=200 uri=/api/v1/status latency_human="150.733µs"
2026-07-12 01:00:24 |TRC| method=GET status=200 uri=/api/v1/status latency_human="195.567µs"
2026-07-12 01:00:26 |TRC| method=GET status=200 uri=/api/v1/status latency_human="171.602µs"
2026-07-12 01:00:28 |TRC| method=GET status=200 uri=/api/v1/status latency_human="189.737µs"
2026-07-12 01:00:30 |TRC| method=GET status=200 uri=/api/v1/status latency_human="185.168µs"
2026-07-12 01:00:32 |TRC| method=GET status=200 uri=/api/v1/status latency_human="219.843µs"
2026-07-12 01:00:34 |TRC| method=GET status=200 uri=/api/v1/status latency_human="190.128µs"
2026-07-12 01:00:36 |TRC| method=GET status=200 uri=/api/v1/status latency_human="163.828µs"
2026-07-12 01:00:38 |TRC| method=GET status=200 uri=/api/v1/status latency_human="151.194µs"
2026-07-12 01:00:40 |TRC| method=GET status=200 uri=/api/v1/status latency_human="191.83µs"
2026-07-12 01:00:42 |TRC| method=GET status=200 uri=/api/v1/status latency_human="153.158µs"
2026-07-12 01:00:44 |TRC| method=GET status=200 uri=/api/v1/status latency_human="161.754µs"
2026-07-12 01:00:46 |TRC| method=GET status=200 uri=/api/v1/status latency_human="168.627µs"
2026-07-12 01:00:48 |TRC| method=GET status=200 uri=/api/v1/status latency_human="163.647µs"
2026-07-12 01:00:50 |TRC| method=GET status=200 uri=/api/v1/status latency_human="186.771µs"
2026-07-12 01:00:52 |TRC| method=GET status=200 uri=/api/v1/status latency_human="138.24µs"
2026-07-12 01:00:54 |TRC| method=GET status=200 uri=/api/v1/status latency_human="164.118µs"
2026-07-12 01:00:56 |TRC| method=GET status=200 uri=/api/v1/status latency_human="163.577µs"
2026-07-12 01:00:58 |TRC| method=GET status=200 uri=/api/v1/status latency_human="152.557µs"
2026-07-12 01:01:00 |TRC| method=GET status=200 uri=/api/v1/status latency_human="176.421µs"
2026-07-12 01:01:02 |TRC| method=GET status=200 uri=/api/v1/status latency_human="159.941µs"
2026-07-12 01:01:04 |TRC| method=GET status=200 uri=/api/v1/status latency_human="207.791µs"
2026-07-12 01:01:06 |TRC| method=GET status=200 uri=/api/v1/status latency_human="145.343µs"
2026-07-12 01:01:08 |TRC| method=GET status=200 uri=/api/v1/status latency_human="156.083µs"
2026-07-12 01:01:10 |TRC| method=GET status=200 uri=/api/v1/status latency_human="255.57µs"
2026-07-12 01:01:12 |TRC| method=GET status=200 uri=/api/v1/status latency_human="201.479µs"
2026-07-12 01:01:14 |TRC| method=GET status=200 uri=/api/v1/status latency_human="196.81µs"
2026-07-12 01:01:16 |TRC| method=GET status=200 uri=/api/v1/status latency_human="244.499µs"
2026-07-12 01:01:18 |TRC| method=GET status=200 uri=/api/v1/status latency_human="209.033µs"
2026-07-12 01:01:20 |TRC| method=GET status=200 uri=/api/v1/status latency_human="211.027µs"
2026-07-12 01:01:22 |TRC| method=GET status=200 uri=/api/v1/status latency_human="170.681µs"
2026-07-12 01:01:24 |TRC| method=GET status=200 uri=/api/v1/status latency_human="192.111µs"
2026-07-12 01:01:26 |TRC| method=GET status=200 uri=/api/v1/status latency_human="155.452µs"
2026-07-12 01:01:28 |TRC| method=GET status=200 uri=/api/v1/status latency_human="207.22µs"
2026-07-12 01:01:30 |TRC| method=GET status=200 uri=/api/v1/status latency_human="202.26µs"
2026-07-12 01:01:32 |TRC| method=GET status=200 uri=/api/v1/status latency_human="187.733µs"
2026-07-12 01:01:34 |TRC| method=GET status=200 uri=/api/v1/status latency_human="176.502µs"
2026-07-12 01:01:36 |TRC| method=GET status=200 uri=/api/v1/status latency_human="172.464µs"
2026-07-12 01:01:38 |TRC| method=GET status=200 uri=/api/v1/status latency_human="205.807µs"
2026-07-12 01:01:40 |TRC| method=GET status=200 uri=/api/v1/status latency_human="234.05µs"
2026-07-12 01:01:42 |TRC| method=GET status=200 uri=/api/v1/status latency_human="169.889µs"
2026-07-12 01:01:44 |TRC| method=GET status=200 uri=/api/v1/status latency_human="274.216µs"
2026-07-12 01:01:46 |TRC| method=GET status=200 uri=/api/v1/status latency_human="157.186µs"
2026-07-12 01:01:48 |TRC| method=GET status=200 uri=/api/v1/status latency_human="214.163µs"
2026-07-12 01:01:50 |TRC| method=GET status=200 uri=/api/v1/status latency_human="159.31µs"
2026-07-12 01:01:52 |TRC| method=GET status=200 uri=/api/v1/status latency_human="250.812µs"
2026-07-12 01:01:54 |TRC| method=GET status=200 uri=/api/v1/status latency_human="220.645µs"
2026-07-12 01:01:56 |TRC| method=GET status=200 uri=/api/v1/status latency_human="190.739µs"
2026-07-12 01:01:58 |TRC| method=GET status=200 uri=/api/v1/status latency_human="176.132µs"
2026-07-12 01:02:00 |TRC| method=GET status=200 uri=/api/v1/status latency_human="221.696µs"
2026-07-12 01:02:02 |TRC| method=GET status=200 uri=/api/v1/status latency_human="200.407µs"
2026-07-12 01:02:04 |TRC| method=GET status=200 uri=/api/v1/status latency_human="153.589µs"
2026-07-12 01:02:06 |TRC| method=GET status=200 uri=/api/v1/status latency_human="230.494µs"
2026-07-12 01:02:08 |TRC| method=GET status=200 uri=/api/v1/status latency_human="227.508µs"
2026-07-12 01:02:10 |TRC| method=GET status=200 uri=/api/v1/status latency_human="232.528µs"
2026-07-12 01:02:12 |TRC| method=GET status=200 uri=/api/v1/status latency_human="187.713µs"
2026-07-12 01:02:14 |TRC| method=GET status=200 uri=/api/v1/status latency_human="224.282µs"
2026-07-12 01:02:16 |TRC| method=GET status=200 uri=/api/v1/status latency_human="167.996µs"
2026-07-12 01:02:18 |TRC| method=GET status=200 uri=/api/v1/status latency_human="168.537µs"
2026-07-12 01:02:20 |TRC| method=GET status=200 uri=/api/v1/status latency_human="269.167µs"
2026-07-12 01:02:22 |TRC| method=GET status=200 uri=/api/v1/status latency_human="224.762µs"
2026-07-12 01:02:24 |TRC| method=GET status=200 uri=/api/v1/status latency_human="292.159µs"
2026-07-12 01:02:26 |TRC| method=GET status=200 uri=/api/v1/status latency_human="154.03µs"
2026-07-12 01:02:28 |TRC| method=GET status=200 uri=/api/v1/status latency_human="169.318µs"
2026-07-12 01:02:30 |TRC| method=GET status=200 uri=/api/v1/status latency_human="160.041µs"
2026-07-12 01:02:32 |TRC| method=GET status=200 uri=/api/v1/status latency_human="226.055µs"
2026-07-12 01:02:34 |TRC| method=GET status=200 uri=/api/v1/status latency_human="202.701µs"
2026-07-12 01:02:36 |TRC| method=GET status=200 uri=/api/v1/status latency_human="220.385µs"
2026-07-12 01:02:38 |TRC| method=GET status=200 uri=/api/v1/status latency_human="153.438µs"
2026-07-12 01:02:40 |TRC| method=GET status=200 uri=/api/v1/status latency_human="152.767µs"
2026-07-12 01:02:42 |TRC| method=GET status=200 uri=/api/v1/status latency_human="170.351µs"
2026-07-12 01:02:44 |TRC| method=GET status=200 uri=/api/v1/status latency_human="290.726µs"
2026-07-12 01:02:46 |TRC| method=GET status=200 uri=/api/v1/status latency_human="199.475µs"
2026-07-12 01:02:48 |TRC| method=GET status=200 uri=/api/v1/status latency_human="190.358µs"
2026-07-12 01:02:50 |TRC| method=GET status=200 uri=/api/v1/status latency_human="224.783µs"
2026-07-12 01:02:52 |TRC| method=GET status=200 uri=/api/v1/status latency_human="218.852µs"
2026-07-12 01:02:54 |TRC| method=GET status=200 uri=/api/v1/status latency_human="188.945µs"
2026-07-12 01:02:56 |TRC| method=GET status=200 uri=/api/v1/status latency_human="168.988µs"
2026-07-12 01:02:58 |TRC| method=GET status=200 uri=/api/v1/status latency_human="184.708µs"
2026-07-12 01:03:00 |TRC| method=GET status=200 uri=/api/v1/status latency_human="192.382µs"
2026-07-12 01:03:02 |TRC| method=GET status=200 uri=/api/v1/status latency_human="201.66µs"
2026-07-12 01:03:04 |TRC| method=GET status=200 uri=/api/v1/status latency_human="257.384µs"
2026-07-12 01:03:06 |TRC| method=GET status=200 uri=/api/v1/status latency_human="161.373µs"
2026-07-12 01:03:08 |TRC| method=GET status=200 uri=/api/v1/status latency_human="155.172µs"
2026-07-12 01:03:10 |TRC| method=GET status=200 uri=/api/v1/status latency_human="333.837µs"
2026-07-12 01:03:12 |TRC| method=GET status=200 uri=/api/v1/status latency_human="220.585µs"
2026-07-12 01:03:14 |TRC| method=GET status=200 uri=/api/v1/status latency_human="198.784µs"
2026-07-12 01:03:16 |TRC| method=GET status=200 uri=/api/v1/status latency_human="172.374µs"
2026-07-12 01:03:18 |TRC| method=GET status=200 uri=/api/v1/status latency_human="186.39µs"
2026-07-12 01:03:20 |TRC| method=GET status=200 uri=/api/v1/status latency_human="162.766µs"
2026-07-12 01:03:22 |TRC| method=GET status=200 uri=/api/v1/status latency_human="161.204µs"
2026-07-12 01:03:24 |TRC| method=GET status=200 uri=/api/v1/status latency_human="178.666µs"
2026-07-12 01:03:26 |TRC| method=GET status=200 uri=/api/v1/status latency_human="173.046µs"
2026-07-12 01:03:28 |TRC| method=GET status=200 uri=/api/v1/status latency_human="137.769µs"
2026-07-12 01:03:30 |TRC| method=GET status=200 uri=/api/v1/status latency_human="161.223µs"
2026-07-12 01:03:32 |TRC| method=GET status=200 uri=/api/v1/status latency_human="166.042µs"
2026-07-12 01:03:34 |TRC| method=GET status=200 uri=/api/v1/status latency_human="217.619µs"
2026-07-12 01:03:36 |TRC| method=GET status=200 uri=/api/v1/status latency_human="180.319µs"
2026-07-12 01:03:38 |TRC| method=GET status=200 uri=/api/v1/status latency_human="160.973µs"
2026-07-12 01:03:40 |TRC| method=GET status=200 uri=/api/v1/status latency_human="260.43µs"
2026-07-12 01:03:42 |TRC| method=GET status=200 uri=/api/v1/status latency_human="214.914µs"
2026-07-12 01:03:44 |TRC| method=GET status=200 uri=/api/v1/status latency_human="222.319µs"
2026-07-12 01:03:46 |TRC| method=GET status=200 uri=/api/v1/status latency_human="249.68µs"
2026-07-12 01:03:48 |TRC| method=GET status=200 uri=/api/v1/status latency_human="168.126µs"
2026-07-12 01:03:50 |TRC| method=GET status=200 uri=/api/v1/status latency_human="172.154µs"
2026-07-12 01:03:52 |TRC| method=GET status=200 uri=/api/v1/status latency_human="161.353µs"
2026-07-12 01:03:54 |TRC| method=GET status=200 uri=/api/v1/status latency_human="163.698µs"
2026-07-12 01:03:55 |TRC| anilist platform > Fetching anime mediaId=199748
2026-07-12 01:03:56 |TRC| method=GET status=200 uri=/api/v1/status latency_human="200.527µs"
2026-07-12 01:03:56 |INF| anilist > Successful Request rlr=29 rtt=795ms
2026-07-12 01:03:56 |DBG| animap > Fetching metadata for 199748
2026-07-12 01:03:57 |TRC| method=GET status=200 uri=/api/v1/library/anime-entry/199748 latency_human=1.81616934s
2026-07-12 01:03:58 |TRC| method=GET status=200 uri=/api/v1/status latency_human="154.761µs"
2026-07-12 01:04:00 |TRC| method=GET status=200 uri=/api/v1/status latency_human="160.762µs"
2026-07-12 01:04:02 |TRC| method=GET status=200 uri=/api/v1/status latency_human="128.251µs"
2026-07-12 01:04:04 |TRC| method=GET status=200 uri=/api/v1/status latency_human="182.513µs"
2026-07-12 01:04:06 |TRC| method=GET status=200 uri=/api/v1/status latency_human="176.733µs"
2026-07-12 01:04:08 |TRC| method=GET status=200 uri=/api/v1/status latency_human="331.283µs"
2026-07-12 01:04:10 |TRC| method=GET status=200 uri=/api/v1/status latency_human="126.278µs"
2026-07-12 01:04:12 |TRC| method=GET status=200 uri=/api/v1/status latency_human="209.474µs"
2026-07-12 01:04:14 |TRC| method=GET status=200 uri=/api/v1/status latency_human="177.524µs"
2026-07-12 01:04:16 |TRC| method=GET status=200 uri=/api/v1/status latency_human="184.797µs"
2026-07-12 01:04:18 |TRC| method=GET status=200 uri=/api/v1/status latency_human="165.451µs"
2026-07-12 01:04:20 |TRC| method=GET status=200 uri=/api/v1/status latency_human="207.861µs"
2026-07-12 01:04:22 |TRC| method=GET status=200 uri=/api/v1/status latency_human="154.08µs"
2026-07-12 01:04:24 |TRC| method=GET status=200 uri=/api/v1/status latency_human="176.592µs"
2026-07-12 01:04:26 |TRC| method=GET status=200 uri=/api/v1/status latency_human="149.982µs"
2026-07-12 01:04:28 |TRC| method=GET status=200 uri=/api/v1/status latency_human="173.436µs"
2026-07-12 01:04:30 |TRC| method=GET status=200 uri=/api/v1/status latency_human="240.613µs"
2026-07-12 01:04:32 |TRC| method=GET status=200 uri=/api/v1/status latency_human="162.886µs"
2026-07-12 01:04:34 |TRC| method=GET status=200 uri=/api/v1/status latency_human="169.229µs"
2026-07-12 01:04:36 |TRC| method=GET status=200 uri=/api/v1/status latency_human="169.439µs"
2026-07-12 01:04:38 |TRC| method=GET status=200 uri=/api/v1/status latency_human="159.82µs"
2026-07-12 01:04:40 |TRC| method=GET status=200 uri=/api/v1/status latency_human="259.348µs"
2026-07-12 01:04:42 |TRC| method=GET status=200 uri=/api/v1/status latency_human="353.134µs"
2026-07-12 01:04:44 |TRC| method=GET status=200 uri=/api/v1/status latency_human="269.536µs"
2026-07-12 01:04:46 |TRC| method=GET status=200 uri=/api/v1/status latency_human="149.15µs"
2026-07-12 01:04:48 |TRC| method=GET status=200 uri=/api/v1/status latency_human="171.292µs"
2026-07-12 01:04:50 |TRC| method=GET status=200 uri=/api/v1/status latency_human="162.105µs"
2026-07-12 01:04:52 |TRC| method=GET status=200 uri=/api/v1/status latency_human="157.707µs"
2026-07-12 01:04:54 |TRC| method=GET status=200 uri=/api/v1/status latency_human="231.175µs"
2026-07-12 01:04:56 |TRC| method=GET status=200 uri=/api/v1/status latency_human="223.921µs"
2026-07-12 01:04:58 |TRC| method=GET status=200 uri=/api/v1/status latency_human="128.382µs"
2026-07-12 01:05:00 |TRC| method=GET status=200 uri=/api/v1/status latency_human="194.316µs"
2026-07-12 01:05:02 |TRC| method=GET status=200 uri=/api/v1/status latency_human="162.786µs"
2026-07-12 01:05:04 |TRC| method=GET status=200 uri=/api/v1/status latency_human="152.497µs"
2026-07-12 01:05:06 |TRC| method=GET status=200 uri=/api/v1/status latency_human="183.294µs"
2026-07-12 01:05:08 |TRC| method=GET status=200 uri=/api/v1/status latency_human="280.617µs"
2026-07-12 01:05:10 |TRC| method=GET status=200 uri=/api/v1/status latency_human="181.12µs"
2026-07-12 01:05:12 |TRC| method=GET status=200 uri=/api/v1/status latency_human="162.967µs"
2026-07-12 01:05:14 |TRC| method=GET status=200 uri=/api/v1/status latency_human="253.607µs"
2026-07-12 01:05:16 |TRC| method=GET status=200 uri=/api/v1/status latency_human="149.28µs"
2026-07-12 01:05:18 |TRC| method=GET status=200 uri=/api/v1/status latency_human="158.829µs"
2026-07-12 01:05:20 |TRC| method=GET status=200 uri=/api/v1/status latency_human="176.532µs"
2026-07-12 01:05:22 |TRC| method=GET status=200 uri=/api/v1/status latency_human="158.218µs"
2026-07-12 01:05:24 |TRC| method=GET status=200 uri=/api/v1/status latency_human="246.654µs"
2026-07-12 01:05:26 |TRC| method=GET status=200 uri=/api/v1/status latency_human="161.314µs"
2026-07-12 01:05:28 |TRC| method=GET status=200 uri=/api/v1/status latency_human="178.395µs"
2026-07-12 01:05:30 |TRC| method=GET status=200 uri=/api/v1/status latency_human="164.99µs"
2026-07-12 01:05:32 |TRC| method=GET status=200 uri=/api/v1/status latency_human="166.994µs"
2026-07-12 01:05:34 |TRC| method=GET status=200 uri=/api/v1/status latency_human="215.856µs"
2026-07-12 01:05:36 |TRC| method=GET status=200 uri=/api/v1/status latency_human="129.884µs"
2026-07-12 01:05:38 |TRC| method=GET status=200 uri=/api/v1/status latency_human="200.487µs"
2026-07-12 01:05:40 |TRC| method=GET status=200 uri=/api/v1/status latency_human="278.554µs"
2026-07-12 01:05:42 |TRC| method=GET status=200 uri=/api/v1/status latency_human="218.601µs"
2026-07-12 01:05:44 |TRC| method=GET status=200 uri=/api/v1/status latency_human="221.367µs"
2026-07-12 01:05:46 |TRC| method=GET status=200 uri=/api/v1/status latency_human="223.671µs"
2026-07-12 01:05:48 |TRC| method=GET status=200 uri=/api/v1/status latency_human="250.241µs"
2026-07-12 01:05:50 |TRC| method=GET status=200 uri=/api/v1/status latency_human="158.809µs"
2026-07-12 01:05:52 |TRC| method=GET status=200 uri=/api/v1/status latency_human="176.322µs"
2026-07-12 01:05:54 |TRC| method=GET status=200 uri=/api/v1/status latency_human="313.82µs"
2026-07-12 01:05:56 |TRC| method=GET status=200 uri=/api/v1/status latency_human="149.542µs"
2026-07-12 01:05:58 |TRC| method=GET status=200 uri=/api/v1/status latency_human="165.141µs"
2026-07-12 01:06:00 |TRC| method=GET status=200 uri=/api/v1/status latency_human="220.415µs"
2026-07-12 01:06:02 |TRC| method=GET status=200 uri=/api/v1/status latency_human="270.209µs"
2026-07-12 01:06:04 |TRC| method=GET status=200 uri=/api/v1/status latency_human="158.267µs"
2026-07-12 01:06:06 |TRC| method=GET status=200 uri=/api/v1/status latency_human="244.78µs"
2026-07-12 01:06:08 |TRC| method=GET status=200 uri=/api/v1/status latency_human="345.84µs"
2026-07-12 01:06:10 |TRC| method=GET status=200 uri=/api/v1/status latency_human="191.16µs"
2026-07-12 01:06:12 |TRC| method=GET status=200 uri=/api/v1/status latency_human="173.276µs"
2026-07-12 01:06:14 |TRC| method=GET status=200 uri=/api/v1/status latency_human="204.295µs"
2026-07-12 01:06:16 |TRC| method=GET status=200 uri=/api/v1/status latency_human="157.817µs"
2026-07-12 01:06:16 |DBG| anilist > Fetching anime collection
2026-07-12 01:06:16 |TRC| ws > Sending message type=check-for-announcements
2026-07-12 01:06:16 |TRC| method=POST status=200 uri=/api/v1/announcements latency_human="332.716µs"
2026-07-12 01:06:17 |INF| anilist > Successful Request rlr=29 rtt=727ms
2026-07-12 01:06:17 |TRC| ws > Sending message type=refreshed-anilist-anime-collection
2026-07-12 01:06:17 |DBG| anilist > Fetching manga collection
2026-07-12 01:06:17 |TRC| method=GET status=200 uri=/api/v1/library/collection latency_human="107.302µs"
2026-07-12 01:06:17 |TRC| method=GET status=200 uri=/api/v1/library/collection latency_human="94.758µs"
2026-07-12 01:06:17 |TRC| method=GET status=200 uri=/api/v1/anilist/collection latency_human="107.602µs"
2026-07-12 01:06:17 |TRC| method=GET status=200 uri=/api/v1/anilist/collection latency_human="86.052µs"
2026-07-12 01:06:17 |TRC| method=GET status=200 uri=/api/v1/library/missing-episodes latency_human="254.899µs"
2026-07-12 01:06:17 |TRC| method=GET status=200 uri=/api/v1/library/missing-episodes latency_human="67.437µs"
2026-07-12 01:06:17 |INF| anilist > Successful Request rlr=28 rtt=401ms
2026-07-12 01:06:17 |TRC| ws > Sending message type=refreshed-anilist-manga-collection
2026-07-12 01:06:17 |TRC| method=GET status=200 uri=/api/v1/manga/collection latency_human="107.572µs"
2026-07-12 01:06:17 |TRC| method=GET status=200 uri=/api/v1/manga/collection latency_human="106.781µs"
2026-07-12 01:06:18 |TRC| method=GET status=200 uri=/api/v1/status latency_human="248.157µs"
2026-07-12 01:06:20 |TRC| method=GET status=200 uri=/api/v1/status latency_human="182.032µs"
2026-07-12 01:06:22 |TRC| method=GET status=200 uri=/api/v1/status latency_human="161.734µs"
2026-07-12 01:06:24 |TRC| method=GET status=200 uri=/api/v1/status latency_human="219.463µs"
2026-07-12 01:06:26 |TRC| method=GET status=200 uri=/api/v1/status latency_human="218.992µs"
2026-07-12 01:06:28 |TRC| method=GET status=200 uri=/api/v1/status latency_human="128.882µs"
2026-07-12 01:06:30 |TRC| method=GET status=200 uri=/api/v1/status latency_human="166.574µs"
2026-07-12 01:06:32 |TRC| method=GET status=200 uri=/api/v1/status latency_human="195.578µs"
2026-07-12 01:06:34 |TRC| method=GET status=200 uri=/api/v1/status latency_human="168.336µs"
2026-07-12 01:06:36 |TRC| method=GET status=200 uri=/api/v1/status latency_human="212.099µs"
2026-07-12 01:06:38 |TRC| method=GET status=200 uri=/api/v1/status latency_human="231.325µs"
2026-07-12 01:06:40 |TRC| method=GET status=200 uri=/api/v1/status latency_human="167.505µs"
2026-07-12 01:06:42 |TRC| method=GET status=200 uri=/api/v1/status latency_human="227.858µs"
2026-07-12 01:06:44 |TRC| method=GET status=200 uri=/api/v1/status latency_human="169.81µs"
2026-07-12 01:06:46 |TRC| method=GET status=200 uri=/api/v1/status latency_human="228.199µs"
2026-07-12 01:06:48 |TRC| method=GET status=200 uri=/api/v1/status latency_human="150.233µs"
2026-07-12 01:06:50 |TRC| method=GET status=200 uri=/api/v1/status latency_human="158.208µs"
2026-07-12 01:06:52 |TRC| method=GET status=200 uri=/api/v1/status latency_human="131.117µs"
2026-07-12 01:06:54 |TRC| method=GET status=200 uri=/api/v1/status latency_human="139.512µs"
2026-07-12 01:06:56 |TRC| method=GET status=200 uri=/api/v1/status latency_human="172.885µs"
2026-07-12 01:06:58 |TRC| method=GET status=200 uri=/api/v1/status latency_human="215.726µs"
2026-07-12 01:07:00 |TRC| method=GET status=200 uri=/api/v1/status latency_human="406.775µs"
2026-07-12 01:07:02 |TRC| method=GET status=200 uri=/api/v1/status latency_human="281.369µs"
2026-07-12 01:07:04 |TRC| method=GET status=200 uri=/api/v1/status latency_human="133.16µs"
2026-07-12 01:07:06 |TRC| method=GET status=200 uri=/api/v1/status latency_human="162.195µs"
2026-07-12 01:07:08 |TRC| method=GET status=200 uri=/api/v1/status latency_human="148.399µs"
2026-07-12 01:07:10 |TRC| method=GET status=200 uri=/api/v1/status latency_human="179.978µs"
2026-07-12 01:07:12 |TRC| method=GET status=200 uri=/api/v1/status latency_human="179.738µs"
2026-07-12 01:07:14 |TRC| method=GET status=200 uri=/api/v1/status latency_human="237.787µs"
2026-07-12 01:07:16 |TRC| method=GET status=200 uri=/api/v1/status latency_human="124.304µs"
2026-07-12 01:07:18 |TRC| method=GET status=200 uri=/api/v1/status latency_human="152.216µs"
2026-07-12 01:07:20 |TRC| method=GET status=200 uri=/api/v1/status latency_human="252.896µs"
2026-07-12 01:07:22 |TRC| method=GET status=200 uri=/api/v1/status latency_human="322.687µs"
2026-07-12 01:07:24 |TRC| method=GET status=200 uri=/api/v1/status latency_human="161.955µs"
2026-07-12 01:07:26 |TRC| method=GET status=200 uri=/api/v1/status latency_human="155.483µs"
2026-07-12 01:07:28 |TRC| method=GET status=200 uri=/api/v1/status latency_human="209.303µs"
2026-07-12 01:07:30 |TRC| method=GET status=200 uri=/api/v1/status latency_human="175.59µs"
2026-07-12 01:07:32 |TRC| method=GET status=200 uri=/api/v1/status latency_human="229.982µs"
2026-07-12 01:07:34 |TRC| method=GET status=200 uri=/api/v1/status latency_human="405.102µs"
2026-07-12 01:07:36 |TRC| method=GET status=200 uri=/api/v1/status latency_human="227.468µs"
2026-07-12 01:07:38 |TRC| method=GET status=200 uri=/api/v1/status latency_human="148.329µs"
2026-07-12 01:07:40 |TRC| method=GET status=200 uri=/api/v1/status latency_human="217.369µs"
2026-07-12 01:07:42 |TRC| method=GET status=200 uri=/api/v1/status latency_human="169.609µs"
2026-07-12 01:07:44 |TRC| method=GET status=200 uri=/api/v1/status latency_human="183.585µs"
2026-07-12 01:07:46 |TRC| method=GET status=200 uri=/api/v1/status latency_human="211.157µs"
2026-07-12 01:07:48 |TRC| method=GET status=200 uri=/api/v1/status latency_human="155.542µs"
2026-07-12 01:07:50 |TRC| method=GET status=200 uri=/api/v1/status latency_human="235.273µs"
2026-07-12 01:07:52 |TRC| method=GET status=200 uri=/api/v1/status latency_human="228.51µs"
2026-07-12 01:07:54 |TRC| method=GET status=200 uri=/api/v1/status latency_human="198.052µs"
2026-07-12 01:07:56 |TRC| method=GET status=200 uri=/api/v1/status latency_human="148.339µs"
2026-07-12 01:07:58 |TRC| method=GET status=200 uri=/api/v1/status latency_human="156.244µs"
2026-07-12 01:08:00 |TRC| method=GET status=200 uri=/api/v1/status latency_human="173.676µs"
2026-07-12 01:08:02 |TRC| method=GET status=200 uri=/api/v1/status latency_human="164.469µs"
2026-07-12 01:08:04 |TRC| method=GET status=200 uri=/api/v1/status latency_human="166.083µs"
2026-07-12 01:08:06 |TRC| method=GET status=200 uri=/api/v1/status latency_human="211.107µs"
2026-07-12 01:08:08 |TRC| method=GET status=200 uri=/api/v1/status latency_human="238.188µs"
2026-07-12 01:08:10 |TRC| method=GET status=200 uri=/api/v1/status latency_human="168.066µs"
2026-07-12 01:08:12 |TRC| method=GET status=200 uri=/api/v1/status latency_human="279.074µs"
2026-07-12 01:08:14 |TRC| method=GET status=200 uri=/api/v1/status latency_human="381.087µs"
2026-07-12 01:08:16 |TRC| method=GET status=200 uri=/api/v1/status latency_human="156.955µs"
2026-07-12 01:08:18 |TRC| method=GET status=200 uri=/api/v1/status latency_human="236.494µs"
2026-07-12 01:08:20 |TRC| method=GET status=200 uri=/api/v1/status latency_human="169.87µs"
2026-07-12 01:08:22 |TRC| method=GET status=200 uri=/api/v1/status latency_human="198.333µs"
2026-07-12 01:08:24 |TRC| method=GET status=200 uri=/api/v1/status latency_human="157.767µs"
2026-07-12 01:08:26 |TRC| method=GET status=200 uri=/api/v1/status latency_human="148.599µs"
2026-07-12 01:08:28 |TRC| method=GET status=200 uri=/api/v1/status latency_human="159.089µs"
2026-07-12 01:08:30 |TRC| method=GET status=200 uri=/api/v1/status latency_human="209.875µs"
2026-07-12 01:08:32 |TRC| method=GET status=200 uri=/api/v1/status latency_human="155.682µs"
2026-07-12 01:08:34 |TRC| method=GET status=200 uri=/api/v1/status latency_human="166.133µs"
2026-07-12 01:08:36 |TRC| method=GET status=200 uri=/api/v1/status latency_human="152.256µs"
2026-07-12 01:08:38 |TRC| method=GET status=200 uri=/api/v1/status latency_human="170.14µs"
2026-07-12 01:08:40 |TRC| method=GET status=200 uri=/api/v1/status latency_human="219.694µs"
2026-07-12 01:08:42 |TRC| method=GET status=200 uri=/api/v1/status latency_human="231.826µs"
2026-07-12 01:08:44 |TRC| method=GET status=200 uri=/api/v1/status latency_human="224.572µs"
2026-07-12 01:08:46 |TRC| method=GET status=200 uri=/api/v1/status latency_human="180.91µs"
2026-07-12 01:08:48 |TRC| method=GET status=200 uri=/api/v1/status latency_human="158.448µs"
2026-07-12 01:08:50 |TRC| method=GET status=200 uri=/api/v1/status latency_human="173.657µs"
2026-07-12 01:08:52 |TRC| method=GET status=200 uri=/api/v1/status latency_human="159.941µs"
2026-07-12 01:08:54 |TRC| method=GET status=200 uri=/api/v1/status latency_human="166.473µs"
2026-07-12 01:08:56 |TRC| method=GET status=200 uri=/api/v1/status latency_human="183.825µs"
2026-07-12 01:08:58 |TRC| method=GET status=200 uri=/api/v1/status latency_human="158.658µs"
2026-07-12 01:09:00 |TRC| method=GET status=200 uri=/api/v1/status latency_human="158.899µs"
2026-07-12 01:09:02 |TRC| method=GET status=200 uri=/api/v1/status latency_human="136.908µs"
2026-07-12 01:09:04 |TRC| method=GET status=200 uri=/api/v1/status latency_human="221.957µs"
2026-07-12 01:09:06 |TRC| method=GET status=200 uri=/api/v1/status latency_human="208.953µs"
2026-07-12 01:09:08 |TRC| method=GET status=200 uri=/api/v1/status latency_human="151.635µs"
2026-07-12 01:09:10 |TRC| method=GET status=200 uri=/api/v1/status latency_human="157.706µs"
2026-07-12 01:09:12 |TRC| method=GET status=200 uri=/api/v1/status latency_human="168.477µs"
2026-07-12 01:09:14 |TRC| method=GET status=200 uri=/api/v1/status latency_human="154.741µs"
2026-07-12 01:09:16 |TRC| method=GET status=200 uri=/api/v1/status latency_human="160.041µs"
2026-07-12 01:09:18 |TRC| method=GET status=200 uri=/api/v1/status latency_human="180.499µs"
2026-07-12 01:09:20 |TRC| method=GET status=200 uri=/api/v1/status latency_human="219.152µs"
2026-07-12 01:09:22 |TRC| method=GET status=200 uri=/api/v1/status latency_human="193.494µs"
2026-07-12 01:09:24 |TRC| method=GET status=200 uri=/api/v1/status latency_human="181.391µs"
2026-07-12 01:09:26 |TRC| method=GET status=200 uri=/api/v1/status latency_human="177.634µs"
2026-07-12 01:09:28 |TRC| method=GET status=200 uri=/api/v1/status latency_human="165.651µs"
2026-07-12 01:09:30 |TRC| method=GET status=200 uri=/api/v1/status latency_human="170.421µs"
2026-07-12 01:09:32 |TRC| method=GET status=200 uri=/api/v1/status latency_human="132.62µs"
2026-07-12 01:09:34 |TRC| method=GET status=200 uri=/api/v1/status latency_human="179.498µs"
2026-07-12 01:09:36 |TRC| method=GET status=200 uri=/api/v1/status latency_human="154.35µs"
2026-07-12 01:09:38 |TRC| method=GET status=200 uri=/api/v1/status latency_human="154.1µs"
2026-07-12 01:09:40 |TRC| method=GET status=200 uri=/api/v1/status latency_human="162.556µs"
2026-07-12 01:09:42 |TRC| method=GET status=200 uri=/api/v1/status latency_human="242.326µs"
2026-07-12 01:09:44 |TRC| method=GET status=200 uri=/api/v1/status latency_human="166.894µs"
2026-07-12 01:09:46 |TRC| method=GET status=200 uri=/api/v1/status latency_human="272.383µs"
2026-07-12 01:09:48 |TRC| method=GET status=200 uri=/api/v1/status latency_human="152.988µs"
2026-07-12 01:09:50 |TRC| method=GET status=200 uri=/api/v1/status latency_human="151.635µs"
2026-07-12 01:09:52 |TRC| method=GET status=200 uri=/api/v1/status latency_human="211.087µs"
2026-07-12 01:09:54 |TRC| method=GET status=200 uri=/api/v1/status latency_human="204.404µs"
2026-07-12 01:09:56 |TRC| method=GET status=200 uri=/api/v1/status latency_human="164.369µs"
2026-07-12 01:09:58 |TRC| method=GET status=200 uri=/api/v1/status latency_human=1.786029ms
2026-07-12 01:10:00 |TRC| method=GET status=200 uri=/api/v1/status latency_human="149.341µs"
2026-07-12 01:10:02 |TRC| method=GET status=200 uri=/api/v1/status latency_human="152.506µs"
2026-07-12 01:10:04 |TRC| method=GET status=200 uri=/api/v1/status latency_human="159.961µs"
2026-07-12 01:10:06 |TRC| method=GET status=200 uri=/api/v1/status latency_human="164.389µs"
2026-07-12 01:10:08 |TRC| method=GET status=200 uri=/api/v1/status latency_human="229.952µs"
2026-07-12 01:10:10 |TRC| method=GET status=200 uri=/api/v1/status latency_human="151.125µs"
2026-07-12 01:10:12 |TRC| method=GET status=200 uri=/api/v1/status latency_human="158.709µs"
2026-07-12 01:10:14 |TRC| method=GET status=200 uri=/api/v1/status latency_human="158.057µs"
2026-07-12 01:10:16 |TRC| method=GET status=200 uri=/api/v1/status latency_human="175.901µs"
2026-07-12 01:10:18 |TRC| method=GET status=200 uri=/api/v1/status latency_human="155.633µs"
2026-07-12 01:10:20 |TRC| method=GET status=200 uri=/api/v1/status latency_human="180.74µs"
2026-07-12 01:10:22 |TRC| method=GET status=200 uri=/api/v1/status latency_human="151.755µs"
2026-07-12 01:10:24 |TRC| method=GET status=200 uri=/api/v1/status latency_human="162.035µs"
2026-07-12 01:10:26 |TRC| method=GET status=200 uri=/api/v1/status latency_human="150.112µs"
2026-07-12 01:10:28 |TRC| method=GET status=200 uri=/api/v1/status latency_human="206.338µs"
2026-07-12 01:10:30 |TRC| method=GET status=200 uri=/api/v1/status latency_human="150.853µs"
2026-07-12 01:10:32 |TRC| method=GET status=200 uri=/api/v1/status latency_human="251.253µs"
2026-07-12 01:10:34 |TRC| method=GET status=200 uri=/api/v1/status latency_human="159.52µs"
2026-07-12 01:10:36 |TRC| method=GET status=200 uri=/api/v1/status latency_human="209.644µs"
2026-07-12 01:10:38 |TRC| method=GET status=200 uri=/api/v1/status latency_human="154.29µs"
2026-07-12 01:10:40 |TRC| method=GET status=200 uri=/api/v1/status latency_human="162.365µs"
2026-07-12 01:10:42 |TRC| method=GET status=200 uri=/api/v1/status latency_human="167.806µs"
2026-07-12 01:10:44 |TRC| method=GET status=200 uri=/api/v1/status latency_human="285.226µs"
2026-07-12 01:10:46 |TRC| method=GET status=200 uri=/api/v1/status latency_human="166.653µs"
2026-07-12 01:10:48 |TRC| method=GET status=200 uri=/api/v1/status latency_human="162.455µs"
2026-07-12 01:10:50 |TRC| method=GET status=200 uri=/api/v1/status latency_human="180.219µs"
2026-07-12 01:10:52 |TRC| method=GET status=200 uri=/api/v1/status latency_human="247.706µs"
2026-07-12 01:10:54 |TRC| method=GET status=200 uri=/api/v1/status latency_human="224.231µs"
2026-07-12 01:10:56 |TRC| method=GET status=200 uri=/api/v1/status latency_human="160.231µs"
2026-07-12 01:10:58 |TRC| method=GET status=200 uri=/api/v1/status latency_human="176.011µs"
2026-07-12 01:11:00 |TRC| method=GET status=200 uri=/api/v1/status latency_human="295.496µs"
2026-07-12 01:11:02 |TRC| method=GET status=200 uri=/api/v1/status latency_human="277.031µs"
2026-07-12 01:11:04 |TRC| method=GET status=200 uri=/api/v1/status latency_human="171.212µs"
2026-07-12 01:11:06 |TRC| method=GET status=200 uri=/api/v1/status latency_human="165.201µs"
2026-07-12 01:11:08 |TRC| method=GET status=200 uri=/api/v1/status latency_human="407.747µs"
2026-07-12 01:11:10 |TRC| method=GET status=200 uri=/api/v1/status latency_human="192.392µs"
2026-07-12 01:11:12 |TRC| method=GET status=200 uri=/api/v1/status latency_human="190.258µs"
2026-07-12 01:11:14 |TRC| method=GET status=200 uri=/api/v1/status latency_human="193.063µs"
2026-07-12 01:11:16 |TRC| method=GET status=200 uri=/api/v1/status latency_human="194.215µs"
2026-07-12 01:11:18 |TRC| method=GET status=200 uri=/api/v1/status latency_human="156.685µs"
2026-07-12 01:11:20 |TRC| method=GET status=200 uri=/api/v1/status latency_human="164.569µs"
2026-07-12 01:11:22 |TRC| method=GET status=200 uri=/api/v1/status latency_human="190.929µs"
2026-07-12 01:11:24 |TRC| method=GET status=200 uri=/api/v1/status latency_human="159.811µs"
2026-07-12 01:11:26 |TRC| method=GET status=200 uri=/api/v1/status latency_human="176.091µs"
2026-07-12 01:11:28 |TRC| method=GET status=200 uri=/api/v1/status latency_human="156.204µs"
2026-07-12 01:11:30 |TRC| method=GET status=200 uri=/api/v1/status latency_human="168.718µs"
2026-07-12 01:11:32 |TRC| method=GET status=200 uri=/api/v1/status latency_human="166.423µs"
2026-07-12 01:11:34 |TRC| method=GET status=200 uri=/api/v1/status latency_human="156.965µs"
2026-07-12 01:11:36 |TRC| method=GET status=200 uri=/api/v1/status latency_human="155.022µs"
2026-07-12 01:11:38 |TRC| method=GET status=200 uri=/api/v1/status latency_human="173.707µs"
2026-07-12 01:11:40 |TRC| method=GET status=200 uri=/api/v1/status latency_human="154.901µs"
2026-07-12 01:11:42 |TRC| method=GET status=200 uri=/api/v1/status latency_human="203.884µs"
2026-07-12 01:11:44 |TRC| method=GET status=200 uri=/api/v1/status latency_human="210.476µs"
2026-07-12 01:11:46 |TRC| method=GET status=200 uri=/api/v1/status latency_human="236.966µs"
2026-07-12 01:11:48 |TRC| method=GET status=200 uri=/api/v1/status latency_human="212.209µs"
2026-07-12 01:11:50 |TRC| method=GET status=200 uri=/api/v1/status latency_human="159.32µs"
2026-07-12 01:11:52 |TRC| method=GET status=200 uri=/api/v1/status latency_human="158.759µs"
2026-07-12 01:11:54 |TRC| method=GET status=200 uri=/api/v1/status latency_human="174.798µs"
2026-07-12 01:11:56 |TRC| method=GET status=200 uri=/api/v1/status latency_human="190.859µs"
2026-07-12 01:11:58 |TRC| method=GET status=200 uri=/api/v1/status latency_human="152.286µs"
2026-07-12 01:12:00 |TRC| method=GET status=200 uri=/api/v1/status latency_human="168.968µs"
2026-07-12 01:12:02 |TRC| method=GET status=200 uri=/api/v1/status latency_human="166.313µs"
2026-07-12 01:12:04 |TRC| method=GET status=200 uri=/api/v1/status latency_human="178.797µs"
2026-07-12 01:12:06 |TRC| method=GET status=200 uri=/api/v1/status latency_human="178.305µs"
2026-07-12 01:12:08 |TRC| method=GET status=200 uri=/api/v1/status latency_human="286.359µs"
2026-07-12 01:12:10 |TRC| method=GET status=200 uri=/api/v1/status latency_human="169.529µs"
2026-07-12 01:12:12 |TRC| method=GET status=200 uri=/api/v1/status latency_human="145.073µs"
2026-07-12 01:12:14 |TRC| method=GET status=200 uri=/api/v1/status latency_human="168.106µs"
2026-07-12 01:12:16 |TRC| method=GET status=200 uri=/api/v1/status latency_human="163.197µs"
2026-07-12 01:12:18 |TRC| method=GET status=200 uri=/api/v1/status latency_human="186.11µs"
2026-07-12 01:12:20 |TRC| method=GET status=200 uri=/api/v1/status latency_human="154.551µs"
2026-07-12 01:12:22 |TRC| method=GET status=200 uri=/api/v1/status latency_human="189.997µs"
2026-07-12 01:12:24 |TRC| method=GET status=200 uri=/api/v1/status latency_human="161.173µs"
2026-07-12 01:12:26 |TRC| method=GET status=200 uri=/api/v1/status latency_human="223.801µs"
2026-07-12 01:12:28 |TRC| method=GET status=200 uri=/api/v1/status latency_human="151.976µs"
2026-07-12 01:12:30 |TRC| method=GET status=200 uri=/api/v1/status latency_human="159.34µs"
2026-07-12 01:12:32 |TRC| method=GET status=200 uri=/api/v1/status latency_human="176.662µs"
2026-07-12 01:12:34 |TRC| method=GET status=200 uri=/api/v1/status latency_human="162.435µs"
2026-07-12 01:12:36 |TRC| method=GET status=200 uri=/api/v1/status latency_human="158.087µs"
2026-07-12 01:12:38 |TRC| method=GET status=200 uri=/api/v1/status latency_human="161.514µs"
2026-07-12 01:12:40 |TRC| method=GET status=200 uri=/api/v1/status latency_human="243.048µs"
2026-07-12 01:12:42 |TRC| method=GET status=200 uri=/api/v1/status latency_human="166.834µs"
2026-07-12 01:12:44 |TRC| method=GET status=200 uri=/api/v1/status latency_human="275.919µs"
2026-07-12 01:12:46 |TRC| method=GET status=200 uri=/api/v1/status latency_human="160.031µs"
2026-07-12 01:12:48 |TRC| method=GET status=200 uri=/api/v1/status latency_human="166.543µs"
2026-07-12 01:12:50 |TRC| method=GET status=200 uri=/api/v1/status latency_human="176.612µs"
2026-07-12 01:12:52 |TRC| method=GET status=200 uri=/api/v1/status latency_human="267.744µs"
2026-07-12 01:12:54 |TRC| method=GET status=200 uri=/api/v1/status latency_human="172.935µs"
2026-07-12 01:12:56 |TRC| method=GET status=200 uri=/api/v1/status latency_human="159.71µs"
2026-07-12 01:12:58 |TRC| method=GET status=200 uri=/api/v1/status latency_human="164.85µs"
2026-07-12 01:13:00 |TRC| method=GET status=200 uri=/api/v1/status latency_human="156.865µs"
2026-07-12 01:13:02 |TRC| method=GET status=200 uri=/api/v1/status latency_human="153.619µs"
2026-07-12 01:13:04 |TRC| method=GET status=200 uri=/api/v1/status latency_human="156.775µs"
2026-07-12 01:13:06 |TRC| method=GET status=200 uri=/api/v1/status latency_human="165.461µs"
2026-07-12 01:13:08 |TRC| method=GET status=200 uri=/api/v1/status latency_human="155.102µs"
2026-07-12 01:13:10 |TRC| method=GET status=200 uri=/api/v1/status latency_human="153.469µs"
2026-07-12 01:13:12 |TRC| method=GET status=200 uri=/api/v1/status latency_human="171.803µs"
2026-07-12 01:13:14 |TRC| method=GET status=200 uri=/api/v1/status latency_human="151.174µs"
2026-07-12 01:13:16 |TRC| method=GET status=200 uri=/api/v1/status latency_human="158.678µs"
2026-07-12 01:13:18 |TRC| method=GET status=200 uri=/api/v1/status latency_human="162.035µs"
2026-07-12 01:13:20 |TRC| method=GET status=200 uri=/api/v1/status latency_human="223.43µs"
2026-07-12 01:13:22 |TRC| method=GET status=200 uri=/api/v1/status latency_human="167.294µs"
2026-07-12 01:13:24 |TRC| method=GET status=200 uri=/api/v1/status latency_human="174.829µs"
2026-07-12 01:13:26 |TRC| method=GET status=200 uri=/api/v1/status latency_human="137.709µs"
2026-07-12 01:13:28 |TRC| method=GET status=200 uri=/api/v1/status latency_human="160.472µs"
2026-07-12 01:13:30 |TRC| method=GET status=200 uri=/api/v1/status latency_human="159.029µs"
2026-07-12 01:13:32 |TRC| method=GET status=200 uri=/api/v1/status latency_human="189.367µs"
2026-07-12 01:13:34 |TRC| method=GET status=200 uri=/api/v1/status latency_human="153.278µs"
2026-07-12 01:13:36 |TRC| method=GET status=200 uri=/api/v1/status latency_human="242.096µs"
2026-07-12 01:13:38 |TRC| method=GET status=200 uri=/api/v1/status latency_human="150.713µs"
2026-07-12 01:13:40 |TRC| method=GET status=200 uri=/api/v1/status latency_human="237.958µs"
2026-07-12 01:13:42 |TRC| method=GET status=200 uri=/api/v1/status latency_human="152.487µs"
2026-07-12 01:13:44 |TRC| method=GET status=200 uri=/api/v1/status latency_human="160.051µs"
2026-07-12 01:13:46 |TRC| method=GET status=200 uri=/api/v1/status latency_human="269.207µs"
2026-07-12 01:13:48 |TRC| method=GET status=200 uri=/api/v1/status latency_human="157.135µs"
2026-07-12 01:13:50 |TRC| method=GET status=200 uri=/api/v1/status latency_human="162.586µs"
2026-07-12 01:13:52 |TRC| method=GET status=200 uri=/api/v1/status latency_human="159.65µs"
2026-07-12 01:13:54 |TRC| method=GET status=200 uri=/api/v1/status latency_human="218.992µs"
2026-07-12 01:13:56 |TRC| method=GET status=200 uri=/api/v1/status latency_human="181.852µs"
2026-07-12 01:13:58 |TRC| method=GET status=200 uri=/api/v1/status latency_human="266.651µs"
2026-07-12 01:14:00 |TRC| method=GET status=200 uri=/api/v1/status latency_human="167.445µs"
2026-07-12 01:14:02 |TRC| method=GET status=200 uri=/api/v1/status latency_human="147.388µs"
2026-07-12 01:14:04 |TRC| method=GET status=200 uri=/api/v1/status latency_human="156.424µs"
2026-07-12 01:14:06 |TRC| method=GET status=200 uri=/api/v1/status latency_human="159.59µs"
2026-07-12 01:14:08 |TRC| method=GET status=200 uri=/api/v1/status latency_human="217.469µs"
2026-07-12 01:14:10 |TRC| method=GET status=200 uri=/api/v1/status latency_human="177.784µs"
2026-07-12 01:14:12 |TRC| method=GET status=200 uri=/api/v1/status latency_human="165.381µs"
2026-07-12 01:14:14 |TRC| method=GET status=200 uri=/api/v1/status latency_human="216.297µs"
2026-07-12 01:14:16 |TRC| method=GET status=200 uri=/api/v1/status latency_human="163.377µs"
2026-07-12 01:14:18 |TRC| method=GET status=200 uri=/api/v1/status latency_human="169.649µs"
2026-07-12 01:14:20 |TRC| method=GET status=200 uri=/api/v1/status latency_human="187.122µs"
2026-07-12 01:14:22 |TRC| method=GET status=200 uri=/api/v1/status latency_human="147.768µs"
2026-07-12 01:14:24 |TRC| method=GET status=200 uri=/api/v1/status latency_human="153.869µs"
2026-07-12 01:14:26 |TRC| method=GET status=200 uri=/api/v1/status latency_human="174.298µs"
2026-07-12 01:14:28 |TRC| method=GET status=200 uri=/api/v1/status latency_human="153.469µs"
2026-07-12 01:14:30 |TRC| method=GET status=200 uri=/api/v1/status latency_human="225.655µs"
2026-07-12 01:14:32 |TRC| method=GET status=200 uri=/api/v1/status latency_human="182.774µs"
2026-07-12 01:14:34 |TRC| method=GET status=200 uri=/api/v1/status latency_human="150.403µs"
2026-07-12 01:14:36 |TRC| method=GET status=200 uri=/api/v1/status latency_human="154.941µs"
2026-07-12 01:14:38 |TRC| method=GET status=200 uri=/api/v1/status latency_human="207.28µs"
2026-07-12 01:14:40 |TRC| method=GET status=200 uri=/api/v1/status latency_human="154.23µs"
2026-07-12 01:14:42 |TRC| method=GET status=200 uri=/api/v1/status latency_human="165.872µs"
2026-07-12 01:14:44 |TRC| method=GET status=200 uri=/api/v1/status latency_human="164.77µs"
2026-07-12 01:14:46 |TRC| method=GET status=200 uri=/api/v1/status latency_human="287µs"
2026-07-12 01:14:48 |TRC| method=GET status=200 uri=/api/v1/status latency_human="154.891µs"
2026-07-12 01:14:50 |TRC| method=GET status=200 uri=/api/v1/status latency_human="276.991µs"
2026-07-12 01:14:52 |TRC| method=GET status=200 uri=/api/v1/status latency_human="151.785µs"
2026-07-12 01:14:54 |TRC| method=GET status=200 uri=/api/v1/status latency_human="166.543µs"
2026-07-12 01:14:56 |TRC| method=GET status=200 uri=/api/v1/status latency_human="185.228µs"
2026-07-12 01:14:58 |TRC| method=GET status=200 uri=/api/v1/status latency_human="159.64µs"
2026-07-12 01:15:00 |TRC| method=GET status=200 uri=/api/v1/status latency_human="247.105µs"
2026-07-12 01:15:02 |TRC| method=GET status=200 uri=/api/v1/status latency_human="200.647µs"
2026-07-12 01:15:04 |TRC| method=GET status=200 uri=/api/v1/status latency_human="160.882µs"
2026-07-12 01:15:06 |TRC| method=GET status=200 uri=/api/v1/status latency_human="174.889µs"
2026-07-12 01:15:08 |TRC| method=GET status=200 uri=/api/v1/status latency_human="258.306µs"
2026-07-12 01:15:10 |TRC| method=GET status=200 uri=/api/v1/status latency_human="231.665µs"
2026-07-12 01:15:12 |TRC| method=GET status=200 uri=/api/v1/status latency_human="243.648µs"
2026-07-12 01:15:14 |TRC| method=GET status=200 uri=/api/v1/status latency_human="165.622µs"
2026-07-12 01:15:16 |TRC| method=GET status=200 uri=/api/v1/status latency_human="157.597µs"
2026-07-12 01:15:18 |TRC| method=GET status=200 uri=/api/v1/status latency_human="162.385µs"
2026-07-12 01:15:20 |TRC| method=GET status=200 uri=/api/v1/status latency_human="155.182µs"
2026-07-12 01:15:22 |TRC| method=GET status=200 uri=/api/v1/status latency_human="241.294µs"
2026-07-12 01:15:24 |TRC| method=GET status=200 uri=/api/v1/status latency_human="195.387µs"
2026-07-12 01:15:26 |TRC| method=GET status=200 uri=/api/v1/status latency_human="151.665µs"
2026-07-12 01:15:28 |TRC| method=GET status=200 uri=/api/v1/status latency_human="266.822µs"
2026-07-12 01:15:30 |TRC| method=GET status=200 uri=/api/v1/status latency_human="191.881µs"
2026-07-12 01:15:32 |TRC| method=GET status=200 uri=/api/v1/status latency_human="254.458µs"
2026-07-12 01:15:34 |TRC| method=GET status=200 uri=/api/v1/status latency_human="211.999µs"
2026-07-12 01:15:36 |TRC| method=GET status=200 uri=/api/v1/status latency_human="176.341µs"
2026-07-12 01:15:38 |TRC| method=GET status=200 uri=/api/v1/status latency_human="155.042µs"
2026-07-12 01:15:40 |TRC| method=GET status=200 uri=/api/v1/status latency_human="180.59µs"
2026-07-12 01:15:42 |TRC| method=GET status=200 uri=/api/v1/status latency_human="153.429µs"
2026-07-12 01:15:44 |TRC| method=GET status=200 uri=/api/v1/status latency_human="150.082µs"
2026-07-12 01:15:46 |TRC| method=GET status=200 uri=/api/v1/status latency_human="151.094µs"
2026-07-12 01:15:48 |TRC| method=GET status=200 uri=/api/v1/status latency_human="159.961µs"
2026-07-12 01:15:50 |TRC| method=GET status=200 uri=/api/v1/status latency_human="221.737µs"
2026-07-12 01:15:52 |TRC| method=GET status=200 uri=/api/v1/status latency_human="157.406µs"
2026-07-12 01:15:54 |TRC| method=GET status=200 uri=/api/v1/status latency_human="170.962µs"
2026-07-12 01:15:56 |TRC| method=GET status=200 uri=/api/v1/status latency_human="161.955µs"
2026-07-12 01:15:58 |TRC| method=GET status=200 uri=/api/v1/status latency_human="172.294µs"
2026-07-12 01:16:00 |TRC| method=GET status=200 uri=/api/v1/status latency_human="201.439µs"
2026-07-12 01:16:02 |TRC| method=GET status=200 uri=/api/v1/status latency_human="147.788µs"
2026-07-12 01:16:04 |TRC| method=GET status=200 uri=/api/v1/status latency_human="163.988µs"
2026-07-12 01:16:06 |TRC| method=GET status=200 uri=/api/v1/status latency_human="167.856µs"
2026-07-12 01:16:08 |TRC| method=GET status=200 uri=/api/v1/status latency_human="228.099µs"
2026-07-12 01:16:10 |TRC| method=GET status=200 uri=/api/v1/status latency_human="153.158µs"
2026-07-12 01:16:12 |TRC| method=GET status=200 uri=/api/v1/status latency_human="145.805µs"
2026-07-12 01:16:14 |TRC| method=GET status=200 uri=/api/v1/status latency_human="167.836µs"
2026-07-12 01:16:16 |TRC| method=GET status=200 uri=/api/v1/status latency_human="167.595µs"
2026-07-12 01:16:16 |DBG| anilist > Fetching anime collection
2026-07-12 01:16:16 |TRC| ws > Sending message type=check-for-announcements
2026-07-12 01:16:16 |TRC| method=POST status=200 uri=/api/v1/announcements latency_human="274.026µs"
2026-07-12 01:16:17 |INF| anilist > Successful Request rlr=29 rtt=697ms
2026-07-12 01:16:17 |TRC| ws > Sending message type=refreshed-anilist-anime-collection
2026-07-12 01:16:17 |DBG| anilist > Fetching manga collection
2026-07-12 01:16:17 |TRC| method=GET status=200 uri=/api/v1/library/collection latency_human="142.087µs"
2026-07-12 01:16:17 |TRC| method=GET status=200 uri=/api/v1/library/collection latency_human="100.259µs"
2026-07-12 01:16:17 |TRC| method=GET status=200 uri=/api/v1/anilist/collection latency_human="78.728µs"
2026-07-12 01:16:17 |TRC| method=GET status=200 uri=/api/v1/anilist/collection latency_human="60.334µs"
2026-07-12 01:16:17 |TRC| method=GET status=200 uri=/api/v1/library/missing-episodes latency_human="275.919µs"
2026-07-12 01:16:17 |TRC| method=GET status=200 uri=/api/v1/library/missing-episodes latency_human="74.3µs"
2026-07-12 01:16:17 |INF| anilist > Successful Request rlr=28 rtt=403ms
2026-07-12 01:16:17 |TRC| ws > Sending message type=refreshed-anilist-manga-collection
2026-07-12 01:16:17 |TRC| method=GET status=200 uri=/api/v1/manga/collection latency_human="132.88µs"
2026-07-12 01:16:17 |TRC| method=GET status=200 uri=/api/v1/manga/collection latency_human="77.916µs"
2026-07-12 01:16:18 |TRC| method=GET status=200 uri=/api/v1/status latency_human="256.302µs"
2026-07-12 01:16:20 |TRC| method=GET status=200 uri=/api/v1/status latency_human="195.668µs"
2026-07-12 01:16:22 |TRC| method=GET status=200 uri=/api/v1/status latency_human="152.227µs"
2026-07-12 01:16:24 |TRC| method=GET status=200 uri=/api/v1/status latency_human="239.189µs"
2026-07-12 01:16:26 |TRC| method=GET status=200 uri=/api/v1/status latency_human="178.035µs"
2026-07-12 01:16:28 |TRC| method=GET status=200 uri=/api/v1/status latency_human="161.444µs"
2026-07-12 01:16:30 |TRC| method=GET status=200 uri=/api/v1/status latency_human="157.646µs"
2026-07-12 01:16:32 |TRC| method=GET status=200 uri=/api/v1/status latency_human="146.896µs"
2026-07-12 01:16:34 |TRC| method=GET status=200 uri=/api/v1/status latency_human="153.068µs"
2026-07-12 01:16:36 |TRC| method=GET status=200 uri=/api/v1/status latency_human="149.191µs"
2026-07-12 01:16:38 |TRC| method=GET status=200 uri=/api/v1/status latency_human="237.035µs"
2026-07-12 01:16:40 |TRC| method=GET status=200 uri=/api/v1/status latency_human="163.277µs"
2026-07-12 01:16:42 |TRC| method=GET status=200 uri=/api/v1/status latency_human="175.03µs"
2026-07-12 01:16:44 |TRC| method=GET status=200 uri=/api/v1/status latency_human="137.058µs"
2026-07-12 01:16:46 |TRC| method=GET status=200 uri=/api/v1/status latency_human="136.597µs"
2026-07-12 01:16:48 |TRC| method=GET status=200 uri=/api/v1/status latency_human="154.741µs"
2026-07-12 01:16:50 |TRC| method=GET status=200 uri=/api/v1/status latency_human="156.885µs"
2026-07-12 01:16:52 |TRC| method=GET status=200 uri=/api/v1/status latency_human="168.988µs"
2026-07-12 01:16:54 |TRC| method=GET status=200 uri=/api/v1/status latency_human="163.056µs"
2026-07-12 01:16:56 |TRC| method=GET status=200 uri=/api/v1/status latency_human="153.679µs"
2026-07-12 01:16:58 |TRC| method=GET status=200 uri=/api/v1/status latency_human="218.451µs"
2026-07-12 01:17:00 |TRC| method=GET status=200 uri=/api/v1/status latency_human="163.818µs"
2026-07-12 01:17:02 |TRC| method=GET status=200 uri=/api/v1/status latency_human="166.553µs"
2026-07-12 01:17:04 |TRC| method=GET status=200 uri=/api/v1/status latency_human="194.276µs"
2026-07-12 01:17:06 |TRC| method=GET status=200 uri=/api/v1/status latency_human="182.222µs"
2026-07-12 01:17:08 |TRC| method=GET status=200 uri=/api/v1/status latency_human="158.278µs"
2026-07-12 01:17:10 |TRC| method=GET status=200 uri=/api/v1/status latency_human="195.718µs"
2026-07-12 01:17:12 |TRC| method=GET status=200 uri=/api/v1/status latency_human="153.89µs"
2026-07-12 01:17:14 |TRC| method=GET status=200 uri=/api/v1/status latency_human="163.617µs"
2026-07-12 01:17:16 |TRC| method=GET status=200 uri=/api/v1/status latency_human="172.274µs"
2026-07-12 01:17:18 |TRC| method=GET status=200 uri=/api/v1/status latency_human="165.031µs"
2026-07-12 01:17:20 |TRC| method=GET status=200 uri=/api/v1/status latency_human="182.693µs"
2026-07-12 01:17:22 |TRC| method=GET status=200 uri=/api/v1/status latency_human="152.377µs"
2026-07-12 01:17:24 |TRC| method=GET status=200 uri=/api/v1/status latency_human=1.304674ms
2026-07-12 01:17:26 |TRC| method=GET status=200 uri=/api/v1/status latency_human="168.807µs"
2026-07-12 01:17:28 |TRC| method=GET status=200 uri=/api/v1/status latency_human="158.428µs"
2026-07-12 01:17:30 |TRC| method=GET status=200 uri=/api/v1/status latency_human="193.855µs"
2026-07-12 01:17:32 |TRC| method=GET status=200 uri=/api/v1/status latency_human="201.088µs"
2026-07-12 01:17:34 |TRC| method=GET status=200 uri=/api/v1/status latency_human="201.679µs"
2026-07-12 01:17:36 |TRC| method=GET status=200 uri=/api/v1/status latency_human="211.167µs"
2026-07-12 01:17:38 |TRC| method=GET status=200 uri=/api/v1/status latency_human="164.159µs"
2026-07-12 01:17:40 |TRC| method=GET status=200 uri=/api/v1/status latency_human="171.963µs"
2026-07-12 01:17:42 |TRC| method=GET status=200 uri=/api/v1/status latency_human="162.265µs"
2026-07-12 01:17:44 |TRC| method=GET status=200 uri=/api/v1/status latency_human="195.227µs"
2026-07-12 01:17:46 |TRC| method=GET status=200 uri=/api/v1/status latency_human="163.608µs"
2026-07-12 01:17:48 |TRC| method=GET status=200 uri=/api/v1/status latency_human="358.795µs"
2026-07-12 01:17:50 |TRC| method=GET status=200 uri=/api/v1/status latency_human="220.747µs"
2026-07-12 01:17:52 |TRC| method=GET status=200 uri=/api/v1/status latency_human="185.417µs"
2026-07-12 01:17:54 |TRC| method=GET status=200 uri=/api/v1/status latency_human="234.573µs"
2026-07-12 01:17:56 |TRC| method=GET status=200 uri=/api/v1/status latency_human="163.644µs"
2026-07-12 01:17:58 |TRC| method=GET status=200 uri=/api/v1/status latency_human="223.451µs"
2026-07-12 01:18:00 |TRC| method=GET status=200 uri=/api/v1/status latency_human="245.334µs"
2026-07-12 01:18:02 |TRC| method=GET status=200 uri=/api/v1/status latency_human="173.323µs"
2026-07-12 01:18:04 |TRC| method=GET status=200 uri=/api/v1/status latency_human="155.657µs"
2026-07-12 01:18:06 |TRC| method=GET status=200 uri=/api/v1/status latency_human="189.504µs"
2026-07-12 01:18:08 |TRC| method=GET status=200 uri=/api/v1/status latency_human="223.551µs"
2026-07-12 01:18:10 |TRC| method=GET status=200 uri=/api/v1/status latency_human="171.869µs"
2026-07-12 01:18:12 |TRC| method=GET status=200 uri=/api/v1/status latency_human="218.992µs"
2026-07-12 01:18:14 |TRC| method=GET status=200 uri=/api/v1/status latency_human="159.394µs"
2026-07-12 01:18:16 |TRC| method=GET status=200 uri=/api/v1/status latency_human="168.062µs"
2026-07-12 01:18:18 |TRC| method=GET status=200 uri=/api/v1/status latency_human="250.224µs"
2026-07-12 01:18:20 |TRC| method=GET status=200 uri=/api/v1/status latency_human="182.14µs"
2026-07-12 01:18:22 |TRC| method=GET status=200 uri=/api/v1/status latency_human="200.365µs"
2026-07-12 01:18:24 |TRC| method=GET status=200 uri=/api/v1/status latency_human="176.068µs"
2026-07-12 01:18:26 |TRC| method=GET status=200 uri=/api/v1/status latency_human="158.863µs"
2026-07-12 01:18:28 |TRC| method=GET status=200 uri=/api/v1/status latency_human="157.811µs"
2026-07-12 01:18:30 |TRC| method=GET status=200 uri=/api/v1/status latency_human="161.548µs"
2026-07-12 01:18:32 |TRC| method=GET status=200 uri=/api/v1/status latency_human="158.813µs"
2026-07-12 01:18:34 |TRC| method=GET status=200 uri=/api/v1/status latency_human="155.096µs"
2026-07-12 01:18:36 |TRC| method=GET status=200 uri=/api/v1/status latency_human="162.14µs"
2026-07-12 01:18:38 |TRC| method=GET status=200 uri=/api/v1/status latency_human="159.033µs"
2026-07-12 01:18:40 |TRC| method=GET status=200 uri=/api/v1/status latency_human="185.114µs"
2026-07-12 01:18:42 |TRC| method=GET status=200 uri=/api/v1/status latency_human="160.496µs"
2026-07-12 01:18:44 |TRC| method=GET status=200 uri=/api/v1/status latency_human="157.06µs"
2026-07-12 01:18:46 |TRC| method=GET status=200 uri=/api/v1/status latency_human="214.302µs"
2026-07-12 01:18:48 |TRC| method=GET status=200 uri=/api/v1/status latency_human="162.37µs"
2026-07-12 01:18:50 |TRC| method=GET status=200 uri=/api/v1/status latency_human="174.924µs"
2026-07-12 01:18:52 |TRC| method=GET status=200 uri=/api/v1/status latency_human="168.471µs"
2026-07-12 01:18:54 |TRC| method=GET status=200 uri=/api/v1/status latency_human="160.436µs"
2026-07-12 01:18:56 |TRC| method=GET status=200 uri=/api/v1/status latency_human="255.142µs"
2026-07-12 01:18:58 |TRC| method=GET status=200 uri=/api/v1/status latency_human="147.09µs"
2026-07-12 01:19:00 |TRC| method=GET status=200 uri=/api/v1/status latency_human="206.416µs"
2026-07-12 01:19:02 |TRC| method=GET status=200 uri=/api/v1/status latency_human="222.517µs"
2026-07-12 01:19:04 |TRC| method=GET status=200 uri=/api/v1/status latency_human="151.558µs"
2026-07-12 01:19:06 |TRC| method=GET status=200 uri=/api/v1/status latency_human="156.869µs"
2026-07-12 01:19:08 |TRC| method=GET status=200 uri=/api/v1/status latency_human="160.445µs"
2026-07-12 01:19:10 |TRC| method=GET status=200 uri=/api/v1/status latency_human="159.043µs"
2026-07-12 01:19:12 |TRC| method=GET status=200 uri=/api/v1/status latency_human="149.964µs"
2026-07-12 01:19:14 |TRC| method=GET status=200 uri=/api/v1/status latency_human="155.085µs"
2026-07-12 01:19:16 |TRC| method=GET status=200 uri=/api/v1/status latency_human="154.503µs"
2026-07-12 01:19:18 |TRC| method=GET status=200 uri=/api/v1/status latency_human="167.118µs"
2026-07-12 01:19:20 |TRC| method=GET status=200 uri=/api/v1/status latency_human="172.75µs"
2026-07-12 01:19:22 |TRC| method=GET status=200 uri=/api/v1/status latency_human="181.296µs"
2026-07-12 01:19:24 |TRC| method=GET status=200 uri=/api/v1/status latency_human="171.647µs"
2026-07-12 01:19:26 |TRC| method=GET status=200 uri=/api/v1/status latency_human="164.884µs"
2026-07-12 01:19:28 |TRC| method=GET status=200 uri=/api/v1/status latency_human="170.114µs"
2026-07-12 01:19:30 |TRC| method=GET status=200 uri=/api/v1/status latency_human="199.882µs"
2026-07-12 01:19:32 |TRC| method=GET status=200 uri=/api/v1/status latency_human="174.973µs"
2026-07-12 01:19:34 |TRC| method=GET status=200 uri=/api/v1/status latency_human="190.314µs"
2026-07-12 01:19:36 |TRC| method=GET status=200 uri=/api/v1/status latency_human="204.041µs"
2026-07-12 01:19:38 |TRC| method=GET status=200 uri=/api/v1/status latency_human="196.315µs"
2026-07-12 01:19:40 |TRC| method=GET status=200 uri=/api/v1/status latency_human="228.959µs"
2026-07-12 01:19:42 |TRC| method=GET status=200 uri=/api/v1/status latency_human="193.109µs"
2026-07-12 01:19:44 |TRC| method=GET status=200 uri=/api/v1/status latency_human="266.151µs"
2026-07-12 01:19:46 |TRC| method=GET status=200 uri=/api/v1/status latency_human="174.863µs"
2026-07-12 01:19:48 |TRC| method=GET status=200 uri=/api/v1/status latency_human="167.809µs"
2026-07-12 01:19:50 |TRC| method=GET status=200 uri=/api/v1/status latency_human="170.684µs"
2026-07-12 01:19:52 |TRC| method=GET status=200 uri=/api/v1/status latency_human="201.474µs"
2026-07-12 01:19:54 |TRC| method=GET status=200 uri=/api/v1/status latency_human="178.56µs"
2026-07-12 01:19:56 |TRC| method=GET status=200 uri=/api/v1/status latency_human="167.649µs"
2026-07-12 01:19:58 |TRC| method=GET status=200 uri=/api/v1/status latency_human="166.035µs"
2026-07-12 01:20:00 |TRC| method=GET status=200 uri=/api/v1/status latency_human="160.474µs"
2026-07-12 01:20:02 |TRC| method=GET status=200 uri=/api/v1/status latency_human="153.04µs"
2026-07-12 01:20:04 |TRC| method=GET status=200 uri=/api/v1/status latency_human="161.897µs"
2026-07-12 01:20:06 |TRC| method=GET status=200 uri=/api/v1/status latency_human="167.218µs"
2026-07-12 01:20:08 |TRC| method=GET status=200 uri=/api/v1/status latency_human="225.281µs"
2026-07-12 01:20:10 |TRC| method=GET status=200 uri=/api/v1/status latency_human="152.979µs"
2026-07-12 01:20:12 |TRC| method=GET status=200 uri=/api/v1/status latency_human="157.578µs"
2026-07-12 01:20:14 |TRC| method=GET status=200 uri=/api/v1/status latency_human="164.081µs"
2026-07-12 01:20:16 |TRC| method=GET status=200 uri=/api/v1/status latency_human="170.824µs"
2026-07-12 01:20:18 |TRC| method=GET status=200 uri=/api/v1/status latency_human="186.735µs"
2026-07-12 01:20:20 |TRC| method=GET status=200 uri=/api/v1/status latency_human="159.011µs"
2026-07-12 01:20:22 |TRC| method=GET status=200 uri=/api/v1/status latency_human="170.012µs"
2026-07-12 01:20:24 |TRC| method=GET status=200 uri=/api/v1/status latency_human="215.301µs"
2026-07-12 01:20:26 |TRC| method=GET status=200 uri=/api/v1/status latency_human="146.998µs"
2026-07-12 01:20:28 |TRC| method=GET status=200 uri=/api/v1/status latency_human="197.927µs"
2026-07-12 01:20:30 |TRC| method=GET status=200 uri=/api/v1/status latency_human="178.118µs"
2026-07-12 01:20:32 |TRC| method=GET status=200 uri=/api/v1/status latency_human="221.734µs"
2026-07-12 01:20:34 |TRC| method=GET status=200 uri=/api/v1/status latency_human="187.797µs"
2026-07-12 01:20:36 |TRC| method=GET status=200 uri=/api/v1/status latency_human="181.885µs"
2026-07-12 01:20:38 |TRC| method=GET status=200 uri=/api/v1/status latency_human="241.612µs"
2026-07-12 01:20:40 |TRC| method=GET status=200 uri=/api/v1/status latency_human="146.827µs"
2026-07-12 01:20:42 |TRC| method=GET status=200 uri=/api/v1/status latency_human="183.299µs"
2026-07-12 01:20:44 |TRC| method=GET status=200 uri=/api/v1/status latency_human="167.968µs"
2026-07-12 01:20:46 |TRC| method=GET status=200 uri=/api/v1/status latency_human="159.362µs"
2026-07-12 01:20:48 |TRC| method=GET status=200 uri=/api/v1/status latency_human="162.377µs"
2026-07-12 01:20:50 |TRC| method=GET status=200 uri=/api/v1/status latency_human="247.183µs"
2026-07-12 01:20:52 |TRC| method=GET status=200 uri=/api/v1/status latency_human="171.064µs"
2026-07-12 01:20:54 |TRC| method=GET status=200 uri=/api/v1/status latency_human="169.24µs"
2026-07-12 01:20:56 |TRC| method=GET status=200 uri=/api/v1/status latency_human="162.196µs"
2026-07-12 01:20:58 |TRC| method=GET status=200 uri=/api/v1/status latency_human="167.487µs"
2026-07-12 01:21:00 |TRC| method=GET status=200 uri=/api/v1/status latency_human="151.826µs"
2026-07-12 01:21:02 |TRC| method=GET status=200 uri=/api/v1/status latency_human="170.693µs"
2026-07-12 01:21:04 |TRC| method=GET status=200 uri=/api/v1/status latency_human="161.826µs"
2026-07-12 01:21:06 |TRC| method=GET status=200 uri=/api/v1/status latency_human="214.839µs"
2026-07-12 01:21:08 |TRC| method=GET status=200 uri=/api/v1/status latency_human="148.31µs"
2026-07-12 01:21:10 |TRC| method=GET status=200 uri=/api/v1/status latency_human="246.04µs"
2026-07-12 01:21:12 |TRC| method=GET status=200 uri=/api/v1/status latency_human="160.814µs"
2026-07-12 01:21:14 |TRC| method=GET status=200 uri=/api/v1/status latency_human="166.424µs"
2026-07-12 01:21:16 |TRC| method=GET status=200 uri=/api/v1/status latency_human="168.949µs"
2026-07-12 01:21:18 |TRC| method=GET status=200 uri=/api/v1/status latency_human="143.951µs"
2026-07-12 01:21:20 |TRC| method=GET status=200 uri=/api/v1/status latency_human="242.041µs"
2026-07-12 01:21:22 |TRC| method=GET status=200 uri=/api/v1/status latency_human="160.903µs"
2026-07-12 01:21:24 |TRC| method=GET status=200 uri=/api/v1/status latency_human="158.739µs"
2026-07-12 01:21:26 |TRC| method=GET status=200 uri=/api/v1/status latency_human="200.28µs"
2026-07-12 01:21:28 |TRC| method=GET status=200 uri=/api/v1/status latency_human="205.921µs"
2026-07-12 01:21:30 |TRC| method=GET status=200 uri=/api/v1/status latency_human="155.573µs"
2026-07-12 01:21:32 |TRC| method=GET status=200 uri=/api/v1/status latency_human="222.313µs"
2026-07-12 01:21:34 |TRC| method=GET status=200 uri=/api/v1/status latency_human="159.01µs"
2026-07-12 01:21:36 |TRC| method=GET status=200 uri=/api/v1/status latency_human="158.669µs"
2026-07-12 01:21:38 |TRC| method=GET status=200 uri=/api/v1/status latency_human="226.431µs"
2026-07-12 01:21:40 |TRC| method=GET status=200 uri=/api/v1/status latency_human="191.994µs"
2026-07-12 01:21:42 |TRC| method=GET status=200 uri=/api/v1/status latency_human="229.637µs"
2026-07-12 01:21:44 |TRC| method=GET status=200 uri=/api/v1/status latency_human="225.87µs"
2026-07-12 01:21:46 |TRC| method=GET status=200 uri=/api/v1/status latency_human="152.407µs"
2026-07-12 01:21:48 |TRC| method=GET status=200 uri=/api/v1/status latency_human="156.124µs"
2026-07-12 01:21:50 |TRC| method=GET status=200 uri=/api/v1/status latency_human="157.176µs"
2026-07-12 01:21:52 |TRC| method=GET status=200 uri=/api/v1/status latency_human="337.467µs"
2026-07-12 01:21:54 |TRC| method=GET status=200 uri=/api/v1/status latency_human="163.499µs"
2026-07-12 01:21:56 |TRC| method=GET status=200 uri=/api/v1/status latency_human="160.903µs"
2026-07-12 01:21:58 |TRC| method=GET status=200 uri=/api/v1/status latency_human="204.217µs"
2026-07-12 01:22:00 |TRC| method=GET status=200 uri=/api/v1/status latency_human="285.185µs"
2026-07-12 01:22:02 |TRC| method=GET status=200 uri=/api/v1/status latency_human="173.478µs"
2026-07-12 01:22:04 |TRC| method=GET status=200 uri=/api/v1/status latency_human="288.512µs"
2026-07-12 01:22:06 |TRC| method=GET status=200 uri=/api/v1/status latency_human="162.867µs"
2026-07-12 01:22:08 |TRC| method=GET status=200 uri=/api/v1/status latency_human="232.883µs"
2026-07-12 01:22:10 |TRC| method=GET status=200 uri=/api/v1/status latency_human="229.687µs"
2026-07-12 01:22:12 |TRC| method=GET status=200 uri=/api/v1/status latency_human="176.874µs"
2026-07-12 01:22:14 |TRC| method=GET status=200 uri=/api/v1/status latency_human="129.051µs"
2026-07-12 01:22:16 |TRC| method=GET status=200 uri=/api/v1/status latency_human="168.518µs"
2026-07-12 01:22:18 |TRC| method=GET status=200 uri=/api/v1/status latency_human="163.227µs"
2026-07-12 01:22:20 |TRC| method=GET status=200 uri=/api/v1/status latency_human="233.233µs"
2026-07-12 01:22:22 |TRC| method=GET status=200 uri=/api/v1/status latency_human="162.466µs"
2026-07-12 01:22:24 |TRC| method=GET status=200 uri=/api/v1/status latency_human="226.791µs"
2026-07-12 01:22:26 |TRC| method=GET status=200 uri=/api/v1/status latency_human="276.356µs"
2026-07-12 01:22:28 |TRC| method=GET status=200 uri=/api/v1/status latency_human="275.666µs"
2026-07-12 01:22:30 |TRC| method=GET status=200 uri=/api/v1/status latency_human="221.49µs"
2026-07-12 01:22:32 |TRC| method=GET status=200 uri=/api/v1/status latency_human="213.434µs"
2026-07-12 01:22:34 |TRC| method=GET status=200 uri=/api/v1/status latency_human="204.257µs"
2026-07-12 01:22:36 |TRC| method=GET status=200 uri=/api/v1/status latency_human="171.843µs"
2026-07-12 01:22:38 |TRC| method=GET status=200 uri=/api/v1/status latency_human="224.466µs"
2026-07-12 01:22:40 |TRC| method=GET status=200 uri=/api/v1/status latency_human="330.341µs"
2026-07-12 01:22:42 |TRC| method=GET status=200 uri=/api/v1/status latency_human="282.499µs"
2026-07-12 01:22:44 |TRC| method=GET status=200 uri=/api/v1/status latency_human="123.61µs"
2026-07-12 01:22:46 |TRC| method=GET status=200 uri=/api/v1/status latency_human="189.959µs"
2026-07-12 01:22:48 |TRC| method=GET status=200 uri=/api/v1/status latency_human="152.306µs"
2026-07-12 01:22:50 |TRC| method=GET status=200 uri=/api/v1/status latency_human="171.533µs"
2026-07-12 01:22:52 |TRC| method=GET status=200 uri=/api/v1/status latency_human="142.767µs"
2026-07-12 01:22:54 |TRC| method=GET status=200 uri=/api/v1/status latency_human="216.27µs"
2026-07-12 01:22:56 |TRC| method=GET status=200 uri=/api/v1/status latency_human="161.003µs"
2026-07-12 01:22:58 |TRC| method=GET status=200 uri=/api/v1/status latency_human="165.612µs"
2026-07-12 01:23:00 |TRC| method=GET status=200 uri=/api/v1/status latency_human="179.688µs"
2026-07-12 01:23:02 |TRC| method=GET status=200 uri=/api/v1/status latency_human="207.082µs"
2026-07-12 01:23:04 |TRC| method=GET status=200 uri=/api/v1/status latency_human="185.68µs"
2026-07-12 01:23:06 |TRC| method=GET status=200 uri=/api/v1/status latency_human="177.705µs"
2026-07-12 01:23:08 |TRC| method=GET status=200 uri=/api/v1/status latency_human="233.543µs"
2026-07-12 01:23:10 |TRC| method=GET status=200 uri=/api/v1/status latency_human="367.613µs"
2026-07-12 01:23:12 |TRC| method=GET status=200 uri=/api/v1/status latency_human="227.431µs"
2026-07-12 01:23:14 |TRC| method=GET status=200 uri=/api/v1/status latency_human="270.294µs"
2026-07-12 01:23:16 |TRC| method=GET status=200 uri=/api/v1/status latency_human="216.399µs"
2026-07-12 01:23:18 |TRC| method=GET status=200 uri=/api/v1/status latency_human="163.968µs"
2026-07-12 01:23:20 |TRC| method=GET status=200 uri=/api/v1/status latency_human="154.82µs"
2026-07-12 01:23:22 |TRC| method=GET status=200 uri=/api/v1/status latency_human="178.306µs"
2026-07-12 01:23:24 |TRC| method=GET status=200 uri=/api/v1/status latency_human="204.316µs"
2026-07-12 01:23:26 |TRC| method=GET status=200 uri=/api/v1/status latency_human="172.284µs"
2026-07-12 01:23:28 |TRC| method=GET status=200 uri=/api/v1/status latency_human="156.383µs"
2026-07-12 01:23:30 |TRC| method=GET status=200 uri=/api/v1/status latency_human="173.706µs"
2026-07-12 01:23:32 |TRC| method=GET status=200 uri=/api/v1/status latency_human="153.077µs"
2026-07-12 01:23:34 |TRC| method=GET status=200 uri=/api/v1/status latency_human="197.603µs"
2026-07-12 01:23:36 |TRC| method=GET status=200 uri=/api/v1/status latency_human="150.982µs"
2026-07-12 01:23:38 |TRC| method=GET status=200 uri=/api/v1/status latency_human="164.538µs"
2026-07-12 01:23:40 |TRC| method=GET status=200 uri=/api/v1/status latency_human="220.778µs"
2026-07-12 01:23:42 |TRC| method=GET status=200 uri=/api/v1/status latency_human="245.785µs"
2026-07-12 01:23:44 |TRC| method=GET status=200 uri=/api/v1/status latency_human="158.136µs"
2026-07-12 01:23:46 |TRC| method=GET status=200 uri=/api/v1/status latency_human="151.223µs"
2026-07-12 01:23:48 |TRC| method=GET status=200 uri=/api/v1/status latency_human="147.796µs"
2026-07-12 01:23:50 |TRC| method=GET status=200 uri=/api/v1/status latency_human="171.121µs"
2026-07-12 01:23:52 |TRC| method=GET status=200 uri=/api/v1/status latency_human="158.277µs"
2026-07-12 01:23:54 |TRC| method=GET status=200 uri=/api/v1/status latency_human="169.729µs"
2026-07-12 01:23:56 |TRC| method=GET status=200 uri=/api/v1/status latency_human="171.693µs"
2026-07-12 01:23:58 |TRC| method=GET status=200 uri=/api/v1/status latency_human="180.79µs"
2026-07-12 01:24:00 |TRC| method=GET status=200 uri=/api/v1/status latency_human="199.125µs"
2026-07-12 01:24:02 |TRC| method=GET status=200 uri=/api/v1/status latency_human="249.784µs"
2026-07-12 01:24:04 |TRC| method=GET status=200 uri=/api/v1/status latency_human="243.33µs"
2026-07-12 01:24:06 |TRC| method=GET status=200 uri=/api/v1/status latency_human="181.751µs"
2026-07-12 01:24:08 |TRC| method=GET status=200 uri=/api/v1/status latency_human="235.976µs"
2026-07-12 01:24:10 |TRC| method=GET status=200 uri=/api/v1/status latency_human="195.698µs"
2026-07-12 01:24:12 |TRC| method=GET status=200 uri=/api/v1/status latency_human="200.337µs"
2026-07-12 01:24:14 |TRC| method=GET status=200 uri=/api/v1/status latency_human="161.772µs"
2026-07-12 01:24:16 |TRC| method=GET status=200 uri=/api/v1/status latency_human="154.73µs"
2026-07-12 01:24:18 |TRC| method=GET status=200 uri=/api/v1/status latency_human="229.333µs"
2026-07-12 01:24:20 |TRC| method=GET status=200 uri=/api/v1/status latency_human="154.148µs"
2026-07-12 01:24:22 |TRC| method=GET status=200 uri=/api/v1/status latency_human="170.54µs"
2026-07-12 01:24:24 |TRC| method=GET status=200 uri=/api/v1/status latency_human="158.897µs"
2026-07-12 01:24:26 |TRC| method=GET status=200 uri=/api/v1/status latency_human="213.392µs"
2026-07-12 01:24:28 |TRC| method=GET status=200 uri=/api/v1/status latency_human="264.571µs"
2026-07-12 01:24:30 |TRC| method=GET status=200 uri=/api/v1/status latency_human="153.396µs"
2026-07-12 01:24:32 |TRC| method=GET status=200 uri=/api/v1/status latency_human="256.927µs"
2026-07-12 01:24:34 |TRC| method=GET status=200 uri=/api/v1/status latency_human="156.522µs"
2026-07-12 01:24:36 |TRC| method=GET status=200 uri=/api/v1/status latency_human="234.803µs"
2026-07-12 01:24:38 |TRC| method=GET status=200 uri=/api/v1/status latency_human="190.267µs"
2026-07-12 01:24:40 |TRC| method=GET status=200 uri=/api/v1/status latency_human="198.433µs"
2026-07-12 01:24:42 |TRC| method=GET status=200 uri=/api/v1/status latency_human="171.982µs"
2026-07-12 01:24:44 |TRC| method=GET status=200 uri=/api/v1/status latency_human="221.297µs"
2026-07-12 01:24:46 |TRC| method=GET status=200 uri=/api/v1/status latency_human="171.481µs"
2026-07-12 01:24:48 |TRC| method=GET status=200 uri=/api/v1/status latency_human="171.341µs"
2026-07-12 01:24:50 |TRC| method=GET status=200 uri=/api/v1/status latency_human="192.071µs"
2026-07-12 01:24:52 |TRC| method=GET status=200 uri=/api/v1/status latency_human="162.634µs"
2026-07-12 01:24:54 |TRC| method=GET status=200 uri=/api/v1/status latency_human="172.223µs"
2026-07-12 01:24:56 |TRC| method=GET status=200 uri=/api/v1/status latency_human="218.511µs"
2026-07-12 01:24:58 |TRC| method=GET status=200 uri=/api/v1/status latency_human="154.328µs"
2026-07-12 01:25:00 |TRC| method=GET status=200 uri=/api/v1/status latency_human="190.247µs"
2026-07-12 01:25:02 |TRC| method=GET status=200 uri=/api/v1/status latency_human="191.69µs"
2026-07-12 01:25:04 |TRC| method=GET status=200 uri=/api/v1/status latency_human="156.312µs"
2026-07-12 01:25:06 |TRC| method=GET status=200 uri=/api/v1/status latency_human="150.57µs"
2026-07-12 01:25:08 |TRC| method=GET status=200 uri=/api/v1/status latency_human="187.672µs"
2026-07-12 01:25:10 |TRC| method=GET status=200 uri=/api/v1/status latency_human="158.466µs"
2026-07-12 01:25:12 |TRC| method=GET status=200 uri=/api/v1/status latency_human="160.74µs"
2026-07-12 01:25:14 |TRC| method=GET status=200 uri=/api/v1/status latency_human="164.738µs"
2026-07-12 01:25:16 |TRC| method=GET status=200 uri=/api/v1/status latency_human="153.235µs"
2026-07-12 01:25:18 |TRC| method=GET status=200 uri=/api/v1/status latency_human="226.977µs"
2026-07-12 01:25:20 |TRC| method=GET status=200 uri=/api/v1/status latency_human="171.5µs"
2026-07-12 01:25:22 |TRC| method=GET status=200 uri=/api/v1/status latency_human="152.895µs"
2026-07-12 01:25:24 |TRC| method=GET status=200 uri=/api/v1/status latency_human="155.4µs"
2026-07-12 01:25:26 |TRC| method=GET status=200 uri=/api/v1/status latency_human="176.972µs"
2026-07-12 01:25:28 |TRC| method=GET status=200 uri=/api/v1/status latency_human="157.574µs"
2026-07-12 01:25:30 |TRC| method=GET status=200 uri=/api/v1/status latency_human="156.982µs"
2026-07-12 01:25:32 |TRC| method=GET status=200 uri=/api/v1/status latency_human="151.101µs"
2026-07-12 01:25:34 |TRC| method=GET status=200 uri=/api/v1/status latency_human="163.946µs"
2026-07-12 01:25:36 |TRC| method=GET status=200 uri=/api/v1/status latency_human="163.525µs"
2026-07-12 01:25:38 |TRC| method=GET status=200 uri=/api/v1/status latency_human="153.666µs"
2026-07-12 01:25:40 |TRC| method=GET status=200 uri=/api/v1/status latency_human="156.641µs"
2026-07-12 01:25:42 |TRC| method=GET status=200 uri=/api/v1/status latency_human="167.021µs"
2026-07-12 01:25:44 |TRC| method=GET status=200 uri=/api/v1/status latency_human="173.995µs"
2026-07-12 01:25:46 |TRC| method=GET status=200 uri=/api/v1/status latency_human="170.027µs"
2026-07-12 01:25:48 |TRC| method=GET status=200 uri=/api/v1/status latency_human="165.318µs"
2026-07-12 01:25:50 |TRC| method=GET status=200 uri=/api/v1/status latency_human="154.428µs"
2026-07-12 01:25:52 |TRC| method=GET status=200 uri=/api/v1/status latency_human="176.941µs"
2026-07-12 01:25:54 |TRC| method=GET status=200 uri=/api/v1/status latency_human="171.32µs"
2026-07-12 01:25:56 |TRC| method=GET status=200 uri=/api/v1/status latency_human="239.111µs"
2026-07-12 01:25:58 |TRC| method=GET status=200 uri=/api/v1/status latency_human="180.288µs"
2026-07-12 01:26:00 |TRC| method=GET status=200 uri=/api/v1/status latency_human="170.489µs"
2026-07-12 01:26:02 |TRC| method=GET status=200 uri=/api/v1/status latency_human="155.83µs"
2026-07-12 01:26:04 |TRC| method=GET status=200 uri=/api/v1/status latency_human="184.335µs"
2026-07-12 01:26:06 |TRC| method=GET status=200 uri=/api/v1/status latency_human="149.558µs"
2026-07-12 01:26:08 |TRC| method=GET status=200 uri=/api/v1/status latency_human="222.469µs"
2026-07-12 01:26:10 |TRC| method=GET status=200 uri=/api/v1/status latency_human="157.854µs"
2026-07-12 01:26:12 |TRC| method=GET status=200 uri=/api/v1/status latency_human="172.021µs"
2026-07-12 01:26:14 |TRC| method=GET status=200 uri=/api/v1/status latency_human="164.156µs"
2026-07-12 01:26:16 |TRC| method=GET status=200 uri=/api/v1/status latency_human="158.435µs"
2026-07-12 01:26:16 |DBG| anilist > Fetching anime collection
2026-07-12 01:26:16 |TRC| ws > Sending message type=check-for-announcements
2026-07-12 01:26:16 |TRC| method=POST status=200 uri=/api/v1/announcements latency_human="212.709µs"
2026-07-12 01:26:17 |WRN| anilist > Successful Request (slow) rlr=29 rtt=905ms
2026-07-12 01:26:17 |TRC| ws > Sending message type=refreshed-anilist-anime-collection
2026-07-12 01:26:17 |DBG| anilist > Fetching manga collection
2026-07-12 01:26:17 |TRC| method=GET status=200 uri=/api/v1/library/collection latency_human="144.468µs"
2026-07-12 01:26:17 |TRC| method=GET status=200 uri=/api/v1/library/collection latency_human="96.506µs"
2026-07-12 01:26:17 |TRC| method=GET status=200 uri=/api/v1/anilist/collection latency_human="78.892µs"
2026-07-12 01:26:17 |TRC| method=GET status=200 uri=/api/v1/anilist/collection latency_human="72.58µs"
2026-07-12 01:26:17 |TRC| method=GET status=200 uri=/api/v1/library/missing-episodes latency_human="263.277µs"
2026-07-12 01:26:17 |TRC| method=GET status=200 uri=/api/v1/library/missing-episodes latency_human="96.556µs"
2026-07-12 01:26:17 |INF| anilist > Successful Request rlr=28 rtt=402ms
2026-07-12 01:26:17 |TRC| ws > Sending message type=refreshed-anilist-manga-collection
2026-07-12 01:26:17 |TRC| method=GET status=200 uri=/api/v1/manga/collection latency_human="107.367µs"
2026-07-12 01:26:17 |TRC| method=GET status=200 uri=/api/v1/manga/collection latency_human="78.131µs"
2026-07-12 01:26:18 |TRC| method=GET status=200 uri=/api/v1/status latency_human="237.497µs"
2026-07-12 01:26:20 |TRC| method=GET status=200 uri=/api/v1/status latency_human="154.698µs"
2026-07-12 01:26:22 |TRC| method=GET status=200 uri=/api/v1/status latency_human="160.7µs"
2026-07-12 01:26:24 |TRC| method=GET status=200 uri=/api/v1/status latency_human="166.38µs"
2026-07-12 01:26:26 |TRC| method=GET status=200 uri=/api/v1/status latency_human="151.231µs"
2026-07-12 01:26:28 |TRC| method=GET status=200 uri=/api/v1/status latency_human="159.987µs"
2026-07-12 01:26:30 |TRC| method=GET status=200 uri=/api/v1/status latency_human="157.844µs"
2026-07-12 01:26:32 |TRC| method=GET status=200 uri=/api/v1/status latency_human="163.595µs"
2026-07-12 01:26:34 |TRC| method=GET status=200 uri=/api/v1/status latency_human="161.751µs"
2026-07-12 01:26:36 |TRC| method=GET status=200 uri=/api/v1/status latency_human="150.62µs"
2026-07-12 01:26:38 |TRC| method=GET status=200 uri=/api/v1/status latency_human="174.966µs"
2026-07-12 01:26:40 |TRC| method=GET status=200 uri=/api/v1/status latency_human="154.166µs"
2026-07-12 01:26:42 |TRC| method=GET status=200 uri=/api/v1/status latency_human="163.554µs"
2026-07-12 01:26:44 |TRC| method=GET status=200 uri=/api/v1/status latency_human="199.263µs"
2026-07-12 01:26:46 |TRC| method=GET status=200 uri=/api/v1/status latency_human="190.216µs"
2026-07-12 01:26:48 |TRC| method=GET status=200 uri=/api/v1/status latency_human="157.192µs"
2026-07-12 01:26:50 |TRC| method=GET status=200 uri=/api/v1/status latency_human="157.794µs"
2026-07-12 01:26:52 |TRC| method=GET status=200 uri=/api/v1/status latency_human="270.049µs"
2026-07-12 01:26:54 |TRC| method=GET status=200 uri=/api/v1/status latency_human="203.781µs"
2026-07-12 01:26:56 |TRC| method=GET status=200 uri=/api/v1/status latency_human="220.624µs"
2026-07-12 01:26:58 |TRC| method=GET status=200 uri=/api/v1/status latency_human="170.889µs"
2026-07-12 01:27:00 |TRC| method=GET status=200 uri=/api/v1/status latency_human="234.691µs"
2026-07-12 01:27:02 |TRC| method=GET status=200 uri=/api/v1/status latency_human="148.866µs"
2026-07-12 01:27:04 |TRC| method=GET status=200 uri=/api/v1/status latency_human="168.393µs"
2026-07-12 01:27:06 |TRC| method=GET status=200 uri=/api/v1/status latency_human="213.67µs"
2026-07-12 01:27:08 |TRC| method=GET status=200 uri=/api/v1/status latency_human="170.177µs"
2026-07-12 01:27:10 |TRC| method=GET status=200 uri=/api/v1/status latency_human="154.276µs"
2026-07-12 01:27:12 |TRC| method=GET status=200 uri=/api/v1/status latency_human="164.356µs"
2026-07-12 01:27:14 |TRC| method=GET status=200 uri=/api/v1/status latency_human="183.843µs"
2026-07-12 01:27:16 |TRC| method=GET status=200 uri=/api/v1/status latency_human="152.804µs"
2026-07-12 01:27:18 |TRC| method=GET status=200 uri=/api/v1/status latency_human="173.814µs"
2026-07-12 01:27:20 |TRC| method=GET status=200 uri=/api/v1/status latency_human="162.372µs"
2026-07-12 01:27:22 |TRC| method=GET status=200 uri=/api/v1/status latency_human="177.852µs"
2026-07-12 01:27:24 |TRC| method=GET status=200 uri=/api/v1/status latency_human="243.357µs"
2026-07-12 01:27:26 |TRC| method=GET status=200 uri=/api/v1/status latency_human="173.704µs"
2026-07-12 01:27:28 |TRC| method=GET status=200 uri=/api/v1/status latency_human="189.885µs"
2026-07-12 01:27:30 |TRC| method=GET status=200 uri=/api/v1/status latency_human="156.591µs"
2026-07-12 01:27:32 |TRC| method=GET status=200 uri=/api/v1/status latency_human="191.708µs"
2026-07-12 01:27:34 |TRC| method=GET status=200 uri=/api/v1/status latency_human="280.959µs"
2026-07-12 01:27:36 |TRC| method=GET status=200 uri=/api/v1/status latency_human="169.315µs"
2026-07-12 01:27:38 |TRC| method=GET status=200 uri=/api/v1/status latency_human="162.673µs"
2026-07-12 01:27:40 |TRC| method=GET status=200 uri=/api/v1/status latency_human="182.671µs"
2026-07-12 01:27:42 |TRC| method=GET status=200 uri=/api/v1/status latency_human="157.993µs"
2026-07-12 01:27:44 |TRC| method=GET status=200 uri=/api/v1/status latency_human="172.031µs"
2026-07-12 01:27:46 |TRC| method=GET status=200 uri=/api/v1/status latency_human="167.271µs"
2026-07-12 01:27:48 |TRC| method=GET status=200 uri=/api/v1/status latency_human="164.616µs"
2026-07-12 01:27:50 |TRC| method=GET status=200 uri=/api/v1/status latency_human="150.198µs"
2026-07-12 01:27:52 |TRC| method=GET status=200 uri=/api/v1/status latency_human="294.255µs"
2026-07-12 01:27:54 |TRC| method=GET status=200 uri=/api/v1/status latency_human="191.978µs"
2026-07-12 01:27:56 |TRC| method=GET status=200 uri=/api/v1/status latency_human="136.542µs"
2026-07-12 01:27:58 |TRC| method=GET status=200 uri=/api/v1/status latency_human="227.436µs"
2026-07-12 01:28:00 |TRC| method=GET status=200 uri=/api/v1/status latency_human="175.267µs"
2026-07-12 01:28:02 |TRC| method=GET status=200 uri=/api/v1/status latency_human="219.952µs"
2026-07-12 01:28:04 |TRC| method=GET status=200 uri=/api/v1/status latency_human="150.709µs"
2026-07-12 01:28:06 |TRC| method=GET status=200 uri=/api/v1/status latency_human="150.238µs"
2026-07-12 01:28:08 |TRC| method=GET status=200 uri=/api/v1/status latency_human="234.82µs"
2026-07-12 01:28:10 |TRC| method=GET status=200 uri=/api/v1/status latency_human="163.364µs"
2026-07-12 01:28:12 |TRC| method=GET status=200 uri=/api/v1/status latency_human="241.012µs"
2026-07-12 01:28:14 |TRC| method=GET status=200 uri=/api/v1/status latency_human="171.96µs"
2026-07-12 01:28:16 |TRC| method=GET status=200 uri=/api/v1/status latency_human="155.649µs"
2026-07-12 01:28:18 |TRC| method=GET status=200 uri=/api/v1/status latency_human="149.967µs"
2026-07-12 01:28:20 |TRC| method=GET status=200 uri=/api/v1/status latency_human="130.31µs"
2026-07-12 01:28:22 |TRC| method=GET status=200 uri=/api/v1/status latency_human="157.402µs"
2026-07-12 01:28:24 |TRC| method=GET status=200 uri=/api/v1/status latency_human="185.676µs"
2026-07-12 01:28:26 |TRC| method=GET status=200 uri=/api/v1/status latency_human="224.541µs"
2026-07-12 01:28:28 |TRC| method=GET status=200 uri=/api/v1/status latency_human="155.699µs"
2026-07-12 01:28:30 |TRC| method=GET status=200 uri=/api/v1/status latency_human="159.315µs"
2026-07-12 01:28:32 |TRC| method=GET status=200 uri=/api/v1/status latency_human="210.925µs"
2026-07-12 01:28:34 |TRC| method=GET status=200 uri=/api/v1/status latency_human="158.303µs"
2026-07-12 01:28:36 |TRC| method=GET status=200 uri=/api/v1/status latency_human="152.112µs"
2026-07-12 01:28:38 |TRC| method=GET status=200 uri=/api/v1/status latency_human="157.371µs"
2026-07-12 01:28:40 |TRC| method=GET status=200 uri=/api/v1/status latency_human="260.239µs"
2026-07-12 01:28:42 |TRC| method=GET status=200 uri=/api/v1/status latency_human="157.051µs"
2026-07-12 01:28:44 |TRC| method=GET status=200 uri=/api/v1/status latency_human="232.746µs"
2026-07-12 01:28:46 |TRC| method=GET status=200 uri=/api/v1/status latency_human="159.475µs"
2026-07-12 01:28:48 |TRC| method=GET status=200 uri=/api/v1/status latency_human="237.405µs"
2026-07-12 01:28:50 |TRC| method=GET status=200 uri=/api/v1/status latency_human="178.642µs"
2026-07-12 01:28:52 |TRC| method=GET status=200 uri=/api/v1/status latency_human="159.406µs"
2026-07-12 01:28:54 |TRC| method=GET status=200 uri=/api/v1/status latency_human="173.472µs"
2026-07-12 01:28:56 |TRC| method=GET status=200 uri=/api/v1/status latency_human="210.955µs"
2026-07-12 01:28:58 |TRC| method=GET status=200 uri=/api/v1/status latency_human="171.358µs"
2026-07-12 01:29:00 |TRC| method=GET status=200 uri=/api/v1/status latency_human="179.414µs"
2026-07-12 01:29:02 |TRC| method=GET status=200 uri=/api/v1/status latency_human="163.404µs"
2026-07-12 01:29:04 |TRC| method=GET status=200 uri=/api/v1/status latency_human="225.402µs"
2026-07-12 01:29:06 |TRC| method=GET status=200 uri=/api/v1/status latency_human="163.383µs"
2026-07-12 01:29:08 |TRC| method=GET status=200 uri=/api/v1/status latency_human="202.939µs"
2026-07-12 01:29:10 |TRC| method=GET status=200 uri=/api/v1/status latency_human="152.061µs"
2026-07-12 01:29:12 |TRC| method=GET status=200 uri=/api/v1/status latency_human="210.824µs"
2026-07-12 01:29:14 |TRC| method=GET status=200 uri=/api/v1/status latency_human="163.263µs"
2026-07-12 01:29:16 |TRC| method=GET status=200 uri=/api/v1/status latency_human="147.763µs"
2026-07-12 01:29:18 |TRC| method=GET status=200 uri=/api/v1/status latency_human="155.197µs"
2026-07-12 01:29:20 |TRC| method=GET status=200 uri=/api/v1/status latency_human="178.893µs"
2026-07-12 01:29:22 |TRC| method=GET status=200 uri=/api/v1/status latency_human="153.173µs"
2026-07-12 01:29:24 |TRC| method=GET status=200 uri=/api/v1/status latency_human="222.897µs"
2026-07-12 01:29:26 |TRC| method=GET status=200 uri=/api/v1/status latency_human="163.853µs"
2026-07-12 01:29:28 |TRC| method=GET status=200 uri=/api/v1/status latency_human="169.785µs"
2026-07-12 01:29:30 |TRC| method=GET status=200 uri=/api/v1/status latency_human="154.566µs"
2026-07-12 01:29:32 |TRC| method=GET status=200 uri=/api/v1/status latency_human="161.209µs"
2026-07-12 01:29:34 |TRC| method=GET status=200 uri=/api/v1/status latency_human="226.544µs"
2026-07-12 01:29:36 |TRC| method=GET status=200 uri=/api/v1/status latency_human="151.44µs"
2026-07-12 01:29:38 |TRC| method=GET status=200 uri=/api/v1/status latency_human="163.283µs"
2026-07-12 01:29:40 |TRC| method=GET status=200 uri=/api/v1/status latency_human="192.819µs"
2026-07-12 01:29:42 |TRC| method=GET status=200 uri=/api/v1/status latency_human="166.339µs"
2026-07-12 01:29:44 |TRC| method=GET status=200 uri=/api/v1/status latency_human="229.9µs"
2026-07-12 01:29:46 |TRC| method=GET status=200 uri=/api/v1/status latency_human="157.612µs"
2026-07-12 01:29:48 |TRC| method=GET status=200 uri=/api/v1/status latency_human="182.9µs"
2026-07-12 01:29:50 |TRC| method=GET status=200 uri=/api/v1/status latency_human="163.764µs"
2026-07-12 01:29:52 |TRC| method=GET status=200 uri=/api/v1/status latency_human="190.405µs"
2026-07-12 01:29:54 |TRC| method=GET status=200 uri=/api/v1/status latency_human="160.607µs"
2026-07-12 01:29:56 |TRC| method=GET status=200 uri=/api/v1/status latency_human="174.043µs"
2026-07-12 01:29:58 |TRC| method=GET status=200 uri=/api/v1/status latency_human="170.176µs"
2026-07-12 01:30:00 |TRC| method=GET status=200 uri=/api/v1/status latency_human="157.011µs"
2026-07-12 01:30:02 |TRC| method=GET status=200 uri=/api/v1/status latency_human="235.45µs"
2026-07-12 01:30:04 |TRC| method=GET status=200 uri=/api/v1/status latency_human="153.774µs"
2026-07-12 01:30:06 |TRC| method=GET status=200 uri=/api/v1/status latency_human="273.954µs"
2026-07-12 01:30:08 |TRC| method=GET status=200 uri=/api/v1/status latency_human="232.214µs"
2026-07-12 01:30:10 |TRC| method=GET status=200 uri=/api/v1/status latency_human="170.567µs"
2026-07-12 01:30:12 |TRC| method=GET status=200 uri=/api/v1/status latency_human="173.372µs"
2026-07-12 01:30:14 |TRC| method=GET status=200 uri=/api/v1/status latency_human="251.22µs"
2026-07-12 01:30:16 |TRC| method=GET status=200 uri=/api/v1/status latency_human="151.18µs"
2026-07-12 01:30:18 |TRC| method=GET status=200 uri=/api/v1/status latency_human="158.674µs"
2026-07-12 01:30:20 |TRC| method=GET status=200 uri=/api/v1/status latency_human="194.742µs"
2026-07-12 01:30:22 |TRC| method=GET status=200 uri=/api/v1/status latency_human="163.593µs"
2026-07-12 01:30:24 |TRC| method=GET status=200 uri=/api/v1/status latency_human="221.955µs"
2026-07-12 01:30:26 |TRC| method=GET status=200 uri=/api/v1/status latency_human="174.815µs"
2026-07-12 01:30:28 |TRC| method=GET status=200 uri=/api/v1/status latency_human="222.366µs"
2026-07-12 01:30:30 |TRC| method=GET status=200 uri=/api/v1/status latency_human="162.991µs"
2026-07-12 01:30:32 |TRC| method=GET status=200 uri=/api/v1/status latency_human="167.951µs"
2026-07-12 01:30:34 |TRC| method=GET status=200 uri=/api/v1/status latency_human="161.058µs"
2026-07-12 01:30:36 |TRC| method=GET status=200 uri=/api/v1/status latency_human="206.204µs"
2026-07-12 01:30:38 |TRC| method=GET status=200 uri=/api/v1/status latency_human="159.215µs"
2026-07-12 01:30:40 |TRC| method=GET status=200 uri=/api/v1/status latency_human="161.358µs"
2026-07-12 01:30:42 |TRC| method=GET status=200 uri=/api/v1/status latency_human="159.926µs"
2026-07-12 01:30:44 |TRC| method=GET status=200 uri=/api/v1/status latency_human="183.16µs"
2026-07-12 01:30:46 |TRC| method=GET status=200 uri=/api/v1/status latency_human="168.292µs"
2026-07-12 01:30:48 |TRC| method=GET status=200 uri=/api/v1/status latency_human="153.754µs"
2026-07-12 01:30:50 |TRC| method=GET status=200 uri=/api/v1/status latency_human="266.77µs"
2026-07-12 01:30:52 |TRC| method=GET status=200 uri=/api/v1/status latency_human="157.932µs"
2026-07-12 01:30:54 |TRC| method=GET status=200 uri=/api/v1/status latency_human="165.206µs"
2026-07-12 01:30:56 |TRC| method=GET status=200 uri=/api/v1/status latency_human="186.437µs"
2026-07-12 01:30:58 |TRC| method=GET status=200 uri=/api/v1/status latency_human="215.562µs"
2026-07-12 01:31:00 |TRC| method=GET status=200 uri=/api/v1/status latency_human="170.967µs"
2026-07-12 01:31:02 |TRC| method=GET status=200 uri=/api/v1/status latency_human="234.388µs"
2026-07-12 01:31:04 |TRC| method=GET status=200 uri=/api/v1/status latency_human="239.628µs"
2026-07-12 01:31:06 |TRC| method=GET status=200 uri=/api/v1/status latency_human="160.477µs"
2026-07-12 01:31:08 |TRC| method=GET status=200 uri=/api/v1/status latency_human="161.408µs"
2026-07-12 01:31:10 |TRC| method=GET status=200 uri=/api/v1/status latency_human="178.461µs"
2026-07-12 01:31:12 |TRC| method=GET status=200 uri=/api/v1/status latency_human="165.516µs"
2026-07-12 01:31:14 |TRC| method=GET status=200 uri=/api/v1/status latency_human="176.206µs"
2026-07-12 01:31:16 |TRC| method=GET status=200 uri=/api/v1/status latency_human="234.959µs"
2026-07-12 01:31:18 |TRC| method=GET status=200 uri=/api/v1/status latency_human="181.698µs"
2026-07-12 01:31:20 |TRC| method=GET status=200 uri=/api/v1/status latency_human="154.576µs"
2026-07-12 01:31:22 |TRC| method=GET status=200 uri=/api/v1/status latency_human="155.046µs"
2026-07-12 01:31:24 |TRC| method=GET status=200 uri=/api/v1/status latency_human="179.523µs"
2026-07-12 01:31:26 |TRC| method=GET status=200 uri=/api/v1/status latency_human="153.944µs"
2026-07-12 01:31:28 |TRC| method=GET status=200 uri=/api/v1/status latency_human="177.339µs"
2026-07-12 01:31:30 |TRC| method=GET status=200 uri=/api/v1/status latency_human="185.043µs"
2026-07-12 01:31:32 |TRC| method=GET status=200 uri=/api/v1/status latency_human="173.963µs"
2026-07-12 01:31:34 |TRC| method=GET status=200 uri=/api/v1/status latency_human="156.98µs"
2026-07-12 01:31:36 |TRC| method=GET status=200 uri=/api/v1/status latency_human="153.583µs"
2026-07-12 01:31:38 |TRC| method=GET status=200 uri=/api/v1/status latency_human="179.452µs"
2026-07-12 01:31:40 |TRC| method=GET status=200 uri=/api/v1/status latency_human="157.32µs"
2026-07-12 01:31:42 |TRC| method=GET status=200 uri=/api/v1/status latency_human="259.245µs"
2026-07-12 01:31:44 |TRC| method=GET status=200 uri=/api/v1/status latency_human="162.971µs"
2026-07-12 01:31:46 |TRC| method=GET status=200 uri=/api/v1/status latency_human="158.583µs"
2026-07-12 01:31:48 |TRC| method=GET status=200 uri=/api/v1/status latency_human="152.451µs"
2026-07-12 01:31:50 |TRC| method=GET status=200 uri=/api/v1/status latency_human="158.082µs"
2026-07-12 01:31:52 |TRC| method=GET status=200 uri=/api/v1/status latency_human="177.58µs"
2026-07-12 01:31:54 |TRC| method=GET status=200 uri=/api/v1/status latency_human="159.184µs"
2026-07-12 01:31:56 |TRC| method=GET status=200 uri=/api/v1/status latency_human="155.547µs"
2026-07-12 01:31:58 |TRC| method=GET status=200 uri=/api/v1/status latency_human="174.233µs"
2026-07-12 01:32:00 |TRC| method=GET status=200 uri=/api/v1/status latency_human="132.423µs"
2026-07-12 01:32:02 |TRC| method=GET status=200 uri=/api/v1/status latency_human="178.11µs"
2026-07-12 01:32:04 |TRC| method=GET status=200 uri=/api/v1/status latency_human="237.834µs"
2026-07-12 01:32:06 |TRC| method=GET status=200 uri=/api/v1/status latency_human="196.666µs"
2026-07-12 01:32:08 |TRC| method=GET status=200 uri=/api/v1/status latency_human="221.253µs"
2026-07-12 01:32:10 |TRC| method=GET status=200 uri=/api/v1/status latency_human="180.254µs"
2026-07-12 01:32:12 |TRC| method=GET status=200 uri=/api/v1/status latency_human="205.743µs"
2026-07-12 01:32:14 |TRC| method=GET status=200 uri=/api/v1/status latency_human="161.258µs"
2026-07-12 01:32:16 |TRC| method=GET status=200 uri=/api/v1/status latency_human="153.754µs"
2026-07-12 01:32:18 |TRC| method=GET status=200 uri=/api/v1/status latency_human="157.561µs"
2026-07-12 01:32:20 |TRC| method=GET status=200 uri=/api/v1/status latency_human="175.825µs"
2026-07-12 01:32:22 |TRC| method=GET status=200 uri=/api/v1/status latency_human="153.123µs"
2026-07-12 01:32:24 |TRC| method=GET status=200 uri=/api/v1/status latency_human="210.291µs"
2026-07-12 01:32:26 |TRC| method=GET status=200 uri=/api/v1/status latency_human="157.681µs"
2026-07-12 01:32:28 |TRC| method=GET status=200 uri=/api/v1/status latency_human="219.94µs"
2026-07-12 01:32:30 |TRC| method=GET status=200 uri=/api/v1/status latency_human="160.066µs"
2026-07-12 01:32:32 |TRC| method=GET status=200 uri=/api/v1/status latency_human="157.28µs"
2026-07-12 01:32:34 |TRC| method=GET status=200 uri=/api/v1/status latency_human="161.098µs"
2026-07-12 01:32:36 |TRC| method=GET status=200 uri=/api/v1/status latency_human="151.52µs"
2026-07-12 01:32:38 |TRC| method=GET status=200 uri=/api/v1/status latency_human="154.225µs"
2026-07-12 01:32:40 |TRC| method=GET status=200 uri=/api/v1/status latency_human="167.54µs"
2026-07-12 01:32:42 |TRC| method=GET status=200 uri=/api/v1/status latency_human="234.468µs"
2026-07-12 01:32:44 |TRC| method=GET status=200 uri=/api/v1/status latency_human="169.614µs"
2026-07-12 01:32:46 |TRC| method=GET status=200 uri=/api/v1/status latency_human="196.275µs"
2026-07-12 01:32:48 |TRC| method=GET status=200 uri=/api/v1/status latency_human="224.268µs"
2026-07-12 01:32:50 |TRC| method=GET status=200 uri=/api/v1/status latency_human="145.868µs"
2026-07-12 01:32:52 |TRC| method=GET status=200 uri=/api/v1/status latency_human="236.612µs"
2026-07-12 01:32:54 |TRC| method=GET status=200 uri=/api/v1/status latency_human="309.25µs"
2026-07-12 01:32:56 |TRC| method=GET status=200 uri=/api/v1/status latency_human="368.964µs"
2026-07-12 01:32:58 |TRC| method=GET status=200 uri=/api/v1/status latency_human="188.85µs"
2026-07-12 01:33:00 |TRC| method=GET status=200 uri=/api/v1/status latency_human="198.769µs"
2026-07-12 01:33:02 |TRC| method=GET status=200 uri=/api/v1/status latency_human="147.571µs"
2026-07-12 01:33:04 |TRC| method=GET status=200 uri=/api/v1/status latency_human="146.971µs"
2026-07-12 01:33:06 |TRC| method=GET status=200 uri=/api/v1/status latency_human="145.358µs"
2026-07-12 01:33:08 |TRC| method=GET status=200 uri=/api/v1/status latency_human="212.736µs"
2026-07-12 01:33:10 |TRC| method=GET status=200 uri=/api/v1/status latency_human="154.816µs"
2026-07-12 01:33:12 |TRC| method=GET status=200 uri=/api/v1/status latency_human="232.954µs"
2026-07-12 01:33:14 |TRC| method=GET status=200 uri=/api/v1/status latency_human="241.721µs"
2026-07-12 01:33:16 |TRC| method=GET status=200 uri=/api/v1/status latency_human="148.092µs"
2026-07-12 01:33:18 |TRC| method=GET status=200 uri=/api/v1/status latency_human="158.552µs"
2026-07-12 01:33:20 |TRC| method=GET status=200 uri=/api/v1/status latency_human="475.657µs"
2026-07-12 01:33:22 |TRC| method=GET status=200 uri=/api/v1/status latency_human="168.612µs"
2026-07-12 01:33:24 |TRC| method=GET status=200 uri=/api/v1/status latency_human="204.82µs"
2026-07-12 01:33:26 |TRC| method=GET status=200 uri=/api/v1/status latency_human="191.816µs"
2026-07-12 01:33:28 |TRC| method=GET status=200 uri=/api/v1/status latency_human="165.566µs"
2026-07-12 01:33:30 |TRC| method=GET status=200 uri=/api/v1/status latency_human="150.888µs"
2026-07-12 01:33:32 |TRC| method=GET status=200 uri=/api/v1/status latency_human="209.9µs"
2026-07-12 01:33:34 |TRC| method=GET status=200 uri=/api/v1/status latency_human="167.429µs"
2026-07-12 01:33:36 |TRC| method=GET status=200 uri=/api/v1/status latency_human="200.031µs"
2026-07-12 01:33:38 |TRC| method=GET status=200 uri=/api/v1/status latency_human="166.277µs"
2026-07-12 01:33:40 |TRC| method=GET status=200 uri=/api/v1/status latency_human="151.529µs"
2026-07-12 01:33:42 |TRC| method=GET status=200 uri=/api/v1/status latency_human="158.793µs"
2026-07-12 01:33:44 |TRC| method=GET status=200 uri=/api/v1/status latency_human="163.272µs"
2026-07-12 01:33:46 |TRC| method=GET status=200 uri=/api/v1/status latency_human="149.646µs"
2026-07-12 01:33:48 |TRC| method=GET status=200 uri=/api/v1/status latency_human="142.442µs"
2026-07-12 01:33:50 |TRC| method=GET status=200 uri=/api/v1/status latency_human="201.324µs"
2026-07-12 01:33:52 |TRC| method=GET status=200 uri=/api/v1/status latency_human="270.987µs"
2026-07-12 01:33:54 |TRC| method=GET status=200 uri=/api/v1/status latency_human="162.549µs"
2026-07-12 01:33:56 |TRC| method=GET status=200 uri=/api/v1/status latency_human="166.768µs"
2026-07-12 01:33:58 |TRC| method=GET status=200 uri=/api/v1/status latency_human="165.826µs"
2026-07-12 01:34:00 |TRC| method=GET status=200 uri=/api/v1/status latency_human="209.329µs"
2026-07-12 01:34:02 |TRC| method=GET status=200 uri=/api/v1/status latency_human="156.118µs"
2026-07-12 01:34:04 |TRC| method=GET status=200 uri=/api/v1/status latency_human="151.99µs"
2026-07-12 01:34:06 |TRC| method=GET status=200 uri=/api/v1/status latency_human="162.44µs"
2026-07-12 01:34:08 |TRC| method=GET status=200 uri=/api/v1/status latency_human="295.553µs"
2026-07-12 01:34:10 |TRC| method=GET status=200 uri=/api/v1/status latency_human="162.4µs"
2026-07-12 01:34:12 |TRC| method=GET status=200 uri=/api/v1/status latency_human="218.977µs"
2026-07-12 01:34:14 |TRC| method=GET status=200 uri=/api/v1/status latency_human="178.981µs"
2026-07-12 01:34:16 |TRC| method=GET status=200 uri=/api/v1/status latency_human="164.484µs"
2026-07-12 01:34:18 |TRC| method=GET status=200 uri=/api/v1/status latency_human="152.07µs"
2026-07-12 01:34:20 |TRC| method=GET status=200 uri=/api/v1/status latency_human="204.72µs"
2026-07-12 01:34:22 |TRC| method=GET status=200 uri=/api/v1/status latency_human="157.921µs"
2026-07-12 01:34:24 |TRC| method=GET status=200 uri=/api/v1/status latency_human="182.057µs"
2026-07-12 01:34:26 |TRC| method=GET status=200 uri=/api/v1/status latency_human="159.724µs"
2026-07-12 01:34:28 |TRC| method=GET status=200 uri=/api/v1/status latency_human="170.315µs"
2026-07-12 01:34:30 |TRC| method=GET status=200 uri=/api/v1/status latency_human="168.12µs"
2026-07-12 01:34:32 |TRC| method=GET status=200 uri=/api/v1/status latency_human="163.792µs"
2026-07-12 01:34:34 |TRC| method=GET status=200 uri=/api/v1/status latency_human="219.768µs"
2026-07-12 01:34:36 |TRC| method=GET status=200 uri=/api/v1/status latency_human="149.114µs"
2026-07-12 01:34:38 |TRC| method=GET status=200 uri=/api/v1/status latency_human="174.683µs"
2026-07-12 01:34:40 |TRC| method=GET status=200 uri=/api/v1/status latency_human="201.073µs"
2026-07-12 01:34:42 |TRC| method=GET status=200 uri=/api/v1/status latency_human="178.711µs"
2026-07-12 01:34:44 |TRC| method=GET status=200 uri=/api/v1/status latency_human="206.564µs"
2026-07-12 01:34:46 |TRC| method=GET status=200 uri=/api/v1/status latency_human="167.719µs"
2026-07-12 01:34:48 |TRC| method=GET status=200 uri=/api/v1/status latency_human="223.295µs"
2026-07-12 01:34:50 |TRC| method=GET status=200 uri=/api/v1/status latency_human="153.452µs"
2026-07-12 01:34:52 |TRC| method=GET status=200 uri=/api/v1/status latency_human="166.607µs"
2026-07-12 01:34:54 |TRC| method=GET status=200 uri=/api/v1/status latency_human="222.143µs"
2026-07-12 01:34:56 |TRC| method=GET status=200 uri=/api/v1/status latency_human="161.328µs"
2026-07-12 01:34:58 |TRC| method=GET status=200 uri=/api/v1/status latency_human="166.116µs"
2026-07-12 01:35:00 |TRC| method=GET status=200 uri=/api/v1/status latency_human="154.945µs"
2026-07-12 01:35:02 |TRC| method=GET status=200 uri=/api/v1/status latency_human="221.402µs"
2026-07-12 01:35:04 |TRC| method=GET status=200 uri=/api/v1/status latency_human="163.462µs"
2026-07-12 01:35:06 |TRC| method=GET status=200 uri=/api/v1/status latency_human="176.186µs"
2026-07-12 01:35:08 |TRC| method=GET status=200 uri=/api/v1/status latency_human="160.636µs"
2026-07-12 01:35:10 |TRC| method=GET status=200 uri=/api/v1/status latency_human="130.489µs"
2026-07-12 01:35:12 |TRC| method=GET status=200 uri=/api/v1/status latency_human="158.833µs"
2026-07-12 01:35:14 |TRC| method=GET status=200 uri=/api/v1/status latency_human="160.596µs"
2026-07-12 01:35:16 |TRC| method=GET status=200 uri=/api/v1/status latency_human="151.368µs"
2026-07-12 01:35:18 |TRC| method=GET status=200 uri=/api/v1/status latency_human="161.377µs"
2026-07-12 01:35:20 |TRC| method=GET status=200 uri=/api/v1/status latency_human="284.302µs"
2026-07-12 01:35:22 |TRC| method=GET status=200 uri=/api/v1/status latency_human="155.166µs"
2026-07-12 01:35:24 |TRC| method=GET status=200 uri=/api/v1/status latency_human="259.324µs"
2026-07-12 01:35:26 |TRC| method=GET status=200 uri=/api/v1/status latency_human="150.907µs"
2026-07-12 01:35:28 |TRC| method=GET status=200 uri=/api/v1/status latency_human="163.411µs"
2026-07-12 01:35:30 |TRC| method=GET status=200 uri=/api/v1/status latency_human="169.392µs"
2026-07-12 01:35:32 |TRC| method=GET status=200 uri=/api/v1/status latency_human="180.444µs"
2026-07-12 01:35:34 |TRC| method=GET status=200 uri=/api/v1/status latency_human="162.941µs"
2026-07-12 01:35:36 |TRC| method=GET status=200 uri=/api/v1/status latency_human="193.919µs"
2026-07-12 01:35:38 |TRC| method=GET status=200 uri=/api/v1/status latency_human="164.072µs"
2026-07-12 01:35:40 |TRC| method=GET status=200 uri=/api/v1/status latency_human="160.736µs"
2026-07-12 01:35:42 |TRC| method=GET status=200 uri=/api/v1/status latency_human="164.654µs"
2026-07-12 01:35:44 |TRC| method=GET status=200 uri=/api/v1/status latency_human="214.218µs"
2026-07-12 01:35:46 |TRC| method=GET status=200 uri=/api/v1/status latency_human="161.638µs"
2026-07-12 01:35:48 |TRC| method=GET status=200 uri=/api/v1/status latency_human="205.942µs"
2026-07-12 01:35:50 |TRC| method=GET status=200 uri=/api/v1/status latency_human="207.094µs"
2026-07-12 01:35:52 |TRC| method=GET status=200 uri=/api/v1/status latency_human="213.917µs"
2026-07-12 01:35:54 |TRC| method=GET status=200 uri=/api/v1/status latency_human="142.882µs"
2026-07-12 01:35:56 |TRC| method=GET status=200 uri=/api/v1/status latency_human="177.698µs"
2026-07-12 01:35:58 |TRC| method=GET status=200 uri=/api/v1/status latency_human="177.138µs"
2026-07-12 01:36:00 |TRC| method=GET status=200 uri=/api/v1/status latency_human="157.119µs"
2026-07-12 01:36:02 |TRC| method=GET status=200 uri=/api/v1/status latency_human="161.508µs"
2026-07-12 01:36:04 |TRC| method=GET status=200 uri=/api/v1/status latency_human="208.157µs"
2026-07-12 01:36:06 |TRC| method=GET status=200 uri=/api/v1/status latency_human="184.21µs"
2026-07-12 01:36:08 |TRC| method=GET status=200 uri=/api/v1/status latency_human="215.471µs"
2026-07-12 01:36:10 |TRC| method=GET status=200 uri=/api/v1/status latency_human="204.058µs"
2026-07-12 01:36:12 |TRC| method=GET status=200 uri=/api/v1/status latency_human="210.331µs"
2026-07-12 01:36:14 |TRC| method=GET status=200 uri=/api/v1/status latency_human="162.369µs"
2026-07-12 01:36:16 |TRC| method=GET status=200 uri=/api/v1/status latency_human="241.93µs"
2026-07-12 01:36:16 |TRC| ws > Sending message type=check-for-updates
2026-07-12 01:36:16 |DBG| anilist > Fetching anime collection
2026-07-12 01:36:16 |TRC| ws > Sending message type=check-for-announcements
2026-07-12 01:36:16 |TRC| method=POST status=200 uri=/api/v1/announcements latency_human="193.999µs"
2026-07-12 01:36:17 |INF| anilist > Successful Request rlr=29 rtt=788ms
2026-07-12 01:36:17 |TRC| ws > Sending message type=refreshed-anilist-anime-collection
2026-07-12 01:36:17 |DBG| anilist > Fetching manga collection
2026-07-12 01:36:17 |TRC| method=GET status=200 uri=/api/v1/library/collection latency_human="108.096µs"
2026-07-12 01:36:17 |TRC| method=GET status=200 uri=/api/v1/library/collection latency_human="101.824µs"
2026-07-12 01:36:17 |TRC| method=GET status=200 uri=/api/v1/anilist/collection latency_human="107.885µs"
2026-07-12 01:36:17 |TRC| method=GET status=200 uri=/api/v1/anilist/collection latency_human="65.324µs"
2026-07-12 01:36:17 |TRC| method=GET status=200 uri=/api/v1/library/missing-episodes latency_human="309.79µs"
2026-07-12 01:36:17 |TRC| method=GET status=200 uri=/api/v1/library/missing-episodes latency_human="87.356µs"
2026-07-12 01:36:17 |INF| anilist > Successful Request rlr=28 rtt=404ms
2026-07-12 01:36:17 |TRC| ws > Sending message type=refreshed-anilist-manga-collection
2026-07-12 01:36:17 |TRC| method=GET status=200 uri=/api/v1/manga/collection latency_human="125.088µs"
2026-07-12 01:36:17 |TRC| method=GET status=200 uri=/api/v1/manga/collection latency_human="82.026µs"
2026-07-12 01:36:18 |TRC| method=GET status=200 uri=/api/v1/latest-update latency_human=1.521367325s
2026-07-12 01:36:18 |TRC| method=GET status=200 uri=/api/v1/status latency_human="229.456µs"
2026-07-12 01:36:20 |TRC| method=GET status=200 uri=/api/v1/status latency_human="222.644µs"
2026-07-12 01:36:22 |TRC| method=GET status=200 uri=/api/v1/status latency_human="175.254µs"
2026-07-12 01:36:24 |TRC| method=GET status=200 uri=/api/v1/status latency_human="903.18µs"
2026-07-12 01:36:26 |TRC| method=GET status=200 uri=/api/v1/status latency_human="167.419µs"
2026-07-12 01:36:28 |TRC| method=GET status=200 uri=/api/v1/status latency_human="137.141µs"
2026-07-12 01:36:30 |TRC| method=GET status=200 uri=/api/v1/status latency_human="219.327µs"
2026-07-12 01:36:32 |TRC| method=GET status=200 uri=/api/v1/status latency_human="185.614µs"
2026-07-12 01:36:34 |TRC| method=GET status=200 uri=/api/v1/status latency_human="155.747µs"
2026-07-12 01:36:36 |TRC| method=GET status=200 uri=/api/v1/status latency_human="177.918µs"
2026-07-12 01:36:38 |TRC| method=GET status=200 uri=/api/v1/status latency_human="153.963µs"
2026-07-12 01:36:40 |TRC| method=GET status=200 uri=/api/v1/status latency_human="163.611µs"
2026-07-12 01:36:42 |TRC| method=GET status=200 uri=/api/v1/status latency_human="199.399µs"
2026-07-12 01:36:44 |TRC| method=GET status=200 uri=/api/v1/status latency_human="160.916µs"
2026-07-12 01:36:46 |TRC| method=GET status=200 uri=/api/v1/status latency_human="137.982µs"
2026-07-12 01:36:48 |TRC| method=GET status=200 uri=/api/v1/status latency_human="260.265µs"
2026-07-12 01:36:50 |TRC| method=GET status=200 uri=/api/v1/status latency_human="167.499µs"
2026-07-12 01:36:52 |TRC| method=GET status=200 uri=/api/v1/status latency_human="188.048µs"
2026-07-12 01:36:54 |TRC| method=GET status=200 uri=/api/v1/status latency_human="152.831µs"
2026-07-12 01:36:56 |TRC| method=GET status=200 uri=/api/v1/status latency_human="136.33µs"
2026-07-12 01:36:58 |TRC| method=GET status=200 uri=/api/v1/status latency_human="158.712µs"
2026-07-12 01:37:00 |TRC| method=GET status=200 uri=/api/v1/status latency_human="199.54µs"
2026-07-12 01:37:02 |TRC| method=GET status=200 uri=/api/v1/status latency_human="188.068µs"
2026-07-12 01:37:04 |TRC| method=GET status=200 uri=/api/v1/status latency_human="157.68µs"
2026-07-12 01:37:06 |TRC| method=GET status=200 uri=/api/v1/status latency_human="148.422µs"
2026-07-12 01:37:08 |TRC| method=GET status=200 uri=/api/v1/status latency_human="162.729µs"
2026-07-12 01:37:10 |TRC| method=GET status=200 uri=/api/v1/status latency_human="137.201µs"
2026-07-12 01:37:12 |TRC| method=GET status=200 uri=/api/v1/status latency_human="158.702µs"
2026-07-12 01:37:14 |TRC| method=GET status=200 uri=/api/v1/status latency_human="169.091µs"
2026-07-12 01:37:16 |TRC| method=GET status=200 uri=/api/v1/status latency_human="184.952µs"
2026-07-12 01:37:18 |TRC| method=GET status=200 uri=/api/v1/status latency_human="151.148µs"
2026-07-12 01:37:20 |TRC| method=GET status=200 uri=/api/v1/status latency_human="139.866µs"
2026-07-12 01:37:22 |TRC| method=GET status=200 uri=/api/v1/status latency_human="184.441µs"
2026-07-12 01:37:24 |TRC| method=GET status=200 uri=/api/v1/status latency_human="217.183µs"
2026-07-12 01:37:26 |TRC| method=GET status=200 uri=/api/v1/status latency_human="170.565µs"
2026-07-12 01:37:28 |TRC| method=GET status=200 uri=/api/v1/status latency_human="140.197µs"
2026-07-12 01:37:30 |TRC| method=GET status=200 uri=/api/v1/status latency_human="138.333µs"
2026-07-12 01:37:32 |TRC| method=GET status=200 uri=/api/v1/status latency_human="167.498µs"
2026-07-12 01:37:34 |TRC| method=GET status=200 uri=/api/v1/status latency_human="233.243µs"
2026-07-12 01:37:36 |TRC| method=GET status=200 uri=/api/v1/status latency_human="171.106µs"
2026-07-12 01:37:38 |TRC| method=GET status=200 uri=/api/v1/status latency_human="168.911µs"
2026-07-12 01:37:40 |TRC| method=GET status=200 uri=/api/v1/status latency_human="158.271µs"
2026-07-12 01:37:42 |TRC| method=GET status=200 uri=/api/v1/status latency_human="161.958µs"
2026-07-12 01:37:44 |TRC| method=GET status=200 uri=/api/v1/status latency_human="158.711µs"
2026-07-12 01:37:46 |TRC| method=GET status=200 uri=/api/v1/status latency_human="154.394µs"
2026-07-12 01:37:48 |TRC| method=GET status=200 uri=/api/v1/status latency_human="177.657µs"
2026-07-12 01:37:50 |TRC| method=GET status=200 uri=/api/v1/status latency_human="155.395µs"
2026-07-12 01:37:52 |TRC| method=GET status=200 uri=/api/v1/status latency_human="152.55µs"
2026-07-12 01:37:54 |TRC| method=GET status=200 uri=/api/v1/status latency_human="193.067µs"
2026-07-12 01:37:56 |TRC| method=GET status=200 uri=/api/v1/status latency_human="180.102µs"
2026-07-12 01:37:56 |TRC| anilist platform > Fetching anime mediaId=21
2026-07-12 01:37:56 |TRC| anilist platform > Fetching anime mediaId=196187
2026-07-12 01:37:56 |INF| anilist > Successful Request rlr=28 rtt=465ms
2026-07-12 01:37:56 |INF| anilist > Successful Request rlr=29 rtt=486ms
2026-07-12 01:37:56 |DBG| animap > Fetching metadata for 196187
2026-07-12 01:37:56 |DBG| animap > Fetching metadata for 21
2026-07-12 01:37:57 |TRC| anilist platform > Fetching anime mediaId=184492
2026-07-12 01:37:57 |INF| anilist > Successful Request rlr=27 rtt=401ms
2026-07-12 01:37:57 |DBG| animap > Fetching metadata for 184492
2026-07-12 01:37:58 |TRC| method=GET status=200 uri=/api/v1/status latency_human="346.619µs"
2026-07-12 01:38:00 |TRC| method=GET status=200 uri=/api/v1/status latency_human="173.039µs"
2026-07-12 01:38:02 |TRC| method=GET status=200 uri=/api/v1/status latency_human="151.608µs"
2026-07-12 01:38:02 |TRC| method=GET status=200 uri=/api/v1/library/anime-entry/196187 latency_human=6.401822839s
2026-07-12 01:38:02 |TRC| method=GET status=200 uri=/api/v1/library/anime-entry/184492 latency_human=5.928879697s
2026-07-12 01:38:04 |TRC| method=GET status=200 uri=/api/v1/status latency_human="158.722µs"
2026-07-12 01:38:04 |TRC| method=GET status=200 uri=/api/v1/library/anime-entry/21 latency_human=7.803447499s
2026-07-12 01:38:06 |TRC| method=GET status=200 uri=/api/v1/status latency_human="252.4µs"
2026-07-12 01:38:08 |TRC| method=GET status=200 uri=/api/v1/status latency_human="513.156µs"
2026-07-12 01:38:10 |TRC| method=GET status=200 uri=/api/v1/status latency_human="222.974µs"
2026-07-12 01:38:12 |TRC| method=GET status=200 uri=/api/v1/status latency_human="218.746µs"
2026-07-12 01:38:14 |TRC| method=GET status=200 uri=/api/v1/status latency_human="227.893µs"
2026-07-12 01:38:16 |TRC| method=GET status=200 uri=/api/v1/status latency_human="160.766µs"
2026-07-12 01:38:18 |TRC| method=GET status=200 uri=/api/v1/status latency_human="185.643µs"
2026-07-12 01:38:20 |TRC| method=GET status=200 uri=/api/v1/status latency_human="265.215µs"
2026-07-12 01:38:22 |TRC| method=GET status=200 uri=/api/v1/status latency_human="162.198µs"
2026-07-12 01:38:24 |TRC| method=GET status=200 uri=/api/v1/status latency_human="153.272µs"
2026-07-12 01:38:26 |TRC| method=GET status=200 uri=/api/v1/status latency_human="156.277µs"
2026-07-12 01:38:28 |TRC| method=GET status=200 uri=/api/v1/status latency_human="169.683µs"
2026-07-12 01:38:30 |TRC| method=GET status=200 uri=/api/v1/status latency_human="207.655µs"
2026-07-12 01:38:32 |TRC| method=GET status=200 uri=/api/v1/status latency_human="218.575µs"
2026-07-12 01:38:34 |TRC| method=GET status=200 uri=/api/v1/status latency_human="159.343µs"
2026-07-12 01:38:36 |TRC| method=GET status=200 uri=/api/v1/status latency_human="223.214µs"
2026-07-12 01:38:38 |TRC| method=GET status=200 uri=/api/v1/status latency_human="190.573µs"
2026-07-12 01:38:40 |TRC| method=GET status=200 uri=/api/v1/status latency_human="163.571µs"
2026-07-12 01:38:42 |TRC| method=GET status=200 uri=/api/v1/status latency_human="187.817µs"
2026-07-12 01:38:44 |TRC| method=GET status=200 uri=/api/v1/status latency_human="173.36µs"
2026-07-12 01:38:46 |TRC| method=GET status=200 uri=/api/v1/status latency_human="170.945µs"
2026-07-12 01:38:48 |TRC| method=GET status=200 uri=/api/v1/status latency_human="216.161µs"
2026-07-12 01:38:50 |TRC| method=GET status=200 uri=/api/v1/status latency_human="163.621µs"
2026-07-12 01:38:52 |TRC| method=GET status=200 uri=/api/v1/status latency_human="153.792µs"
2026-07-12 01:38:54 |TRC| method=GET status=200 uri=/api/v1/status latency_human="155.134µs"
2026-07-12 01:38:56 |TRC| method=GET status=200 uri=/api/v1/status latency_human="151.839µs"
2026-07-12 01:38:58 |TRC| method=GET status=200 uri=/api/v1/status latency_human="151.948µs"
2026-07-12 01:39:00 |TRC| method=GET status=200 uri=/api/v1/status latency_human="173.631µs"
2026-07-12 01:39:02 |TRC| method=GET status=200 uri=/api/v1/status latency_human="305.861µs"
2026-07-12 01:39:04 |TRC| method=GET status=200 uri=/api/v1/status latency_human="159.974µs"
2026-07-12 01:39:06 |TRC| method=GET status=200 uri=/api/v1/status latency_human="188.599µs"
2026-07-12 01:39:08 |TRC| method=GET status=200 uri=/api/v1/status latency_human="185.843µs"
2026-07-12 01:39:10 |TRC| method=GET status=200 uri=/api/v1/status latency_human="241.81µs"
2026-07-12 01:39:12 |TRC| method=GET status=200 uri=/api/v1/status latency_human="212.874µs"
2026-07-12 01:39:14 |TRC| method=GET status=200 uri=/api/v1/status latency_human="133.033µs"
2026-07-12 01:39:16 |TRC| method=GET status=200 uri=/api/v1/status latency_human="290.172µs"
2026-07-12 01:39:18 |TRC| method=GET status=200 uri=/api/v1/status latency_human="234.936µs"
2026-07-12 01:39:20 |TRC| method=GET status=200 uri=/api/v1/status latency_human="214.398µs"
2026-07-12 01:39:22 |TRC| method=GET status=200 uri=/api/v1/status latency_human="170.805µs"
2026-07-12 01:39:24 |TRC| method=GET status=200 uri=/api/v1/status latency_human="146.859µs"
2026-07-12 01:39:26 |TRC| method=GET status=200 uri=/api/v1/status latency_human="265.344µs"
2026-07-12 01:39:28 |TRC| method=GET status=200 uri=/api/v1/status latency_human="233.504µs"
2026-07-12 01:39:30 |TRC| method=GET status=200 uri=/api/v1/status latency_human="128.895µs"
2026-07-12 01:39:32 |TRC| method=GET status=200 uri=/api/v1/status latency_human="210.621µs"
2026-07-12 01:39:34 |TRC| method=GET status=200 uri=/api/v1/status latency_human="218.545µs"
2026-07-12 01:39:36 |TRC| method=GET status=200 uri=/api/v1/status latency_human="193.829µs"
2026-07-12 01:39:38 |TRC| method=GET status=200 uri=/api/v1/status latency_human="187.406µs"
2026-07-12 01:39:40 |TRC| method=GET status=200 uri=/api/v1/status latency_human="163.36µs"
2026-07-12 01:39:42 |TRC| method=GET status=200 uri=/api/v1/status latency_human="279.992µs"
2026-07-12 01:39:44 |TRC| method=GET status=200 uri=/api/v1/status latency_human="141.719µs"
2026-07-12 01:39:46 |TRC| method=GET status=200 uri=/api/v1/status latency_human="156.067µs"
2026-07-12 01:39:48 |TRC| method=GET status=200 uri=/api/v1/status latency_human="159.303µs"
2026-07-12 01:39:50 |TRC| method=GET status=200 uri=/api/v1/status latency_human="173.76µs"
2026-07-12 01:39:52 |TRC| method=GET status=200 uri=/api/v1/status latency_human="174.011µs"
2026-07-12 01:39:54 |TRC| method=GET status=200 uri=/api/v1/status latency_human="157.258µs"
2026-07-12 01:39:56 |TRC| method=GET status=200 uri=/api/v1/status latency_human="172.016µs"
2026-07-12 01:39:58 |TRC| method=GET status=200 uri=/api/v1/status latency_human="196.503µs"
2026-07-12 01:40:00 |TRC| method=GET status=200 uri=/api/v1/status latency_human="191.144µs"
2026-07-12 01:40:02 |TRC| method=GET status=200 uri=/api/v1/status latency_human="242.15µs"
2026-07-12 01:40:04 |TRC| method=GET status=200 uri=/api/v1/status latency_human="185.052µs"
2026-07-12 01:40:06 |TRC| method=GET status=200 uri=/api/v1/status latency_human="470.625µs"
2026-07-12 01:40:08 |TRC| method=GET status=200 uri=/api/v1/status latency_human=1.761337ms
2026-07-12 01:40:10 |TRC| method=GET status=200 uri=/api/v1/status latency_human="154.123µs"
2026-07-12 01:40:12 |TRC| method=GET status=200 uri=/api/v1/status latency_human="197.495µs"
2026-07-12 01:40:14 |TRC| method=GET status=200 uri=/api/v1/status latency_human="149.033µs"
2026-07-12 01:40:16 |TRC| method=GET status=200 uri=/api/v1/status latency_human="241.719µs"
2026-07-12 01:40:18 |TRC| method=GET status=200 uri=/api/v1/status latency_human="188.248µs"
2026-07-12 01:40:20 |TRC| method=GET status=200 uri=/api/v1/status latency_human="149.404µs"
2026-07-12 01:40:22 |TRC| method=GET status=200 uri=/api/v1/status latency_human="149.494µs"
2026-07-12 01:40:24 |TRC| method=GET status=200 uri=/api/v1/status latency_human="150.927µs"
2026-07-12 01:40:26 |TRC| method=GET status=200 uri=/api/v1/status latency_human="148.672µs"
2026-07-12 01:40:28 |TRC| method=GET status=200 uri=/api/v1/status latency_human="128.574µs"
2026-07-12 01:40:30 |TRC| method=GET status=200 uri=/api/v1/status latency_human="206.292µs"
2026-07-12 01:40:32 |TRC| method=GET status=200 uri=/api/v1/status latency_human="155.425µs"
2026-07-12 01:40:34 |TRC| method=GET status=200 uri=/api/v1/status latency_human="171.456µs"
2026-07-12 01:40:36 |TRC| method=GET status=200 uri=/api/v1/status latency_human="198.608µs"
2026-07-12 01:40:38 |TRC| method=GET status=200 uri=/api/v1/status latency_human="232.01µs"
2026-07-12 01:40:40 |TRC| method=GET status=200 uri=/api/v1/status latency_human="317.193µs"
2026-07-12 01:40:42 |TRC| method=GET status=200 uri=/api/v1/status latency_human="177.718µs"
2026-07-12 01:40:44 |TRC| method=GET status=200 uri=/api/v1/status latency_human="160.826µs"
2026-07-12 01:40:46 |TRC| method=GET status=200 uri=/api/v1/status latency_human="223.625µs"
2026-07-12 01:40:48 |TRC| method=GET status=200 uri=/api/v1/status latency_human="259.092µs"
2026-07-12 01:40:50 |TRC| method=GET status=200 uri=/api/v1/status latency_human="180.433µs"
2026-07-12 01:40:52 |TRC| method=GET status=200 uri=/api/v1/status latency_human="268.43µs"
2026-07-12 01:40:54 |TRC| method=GET status=200 uri=/api/v1/status latency_human="163.771µs"
2026-07-12 01:40:56 |TRC| method=GET status=200 uri=/api/v1/status latency_human="146.438µs"
2026-07-12 01:40:58 |TRC| method=GET status=200 uri=/api/v1/status latency_human="132.151µs"
2026-07-12 01:41:00 |TRC| method=GET status=200 uri=/api/v1/status latency_human="312.905µs"
2026-07-12 01:41:02 |TRC| method=GET status=200 uri=/api/v1/status latency_human="210.44µs"
2026-07-12 01:41:04 |TRC| method=GET status=200 uri=/api/v1/status latency_human="232.572µs"
2026-07-12 01:41:06 |TRC| method=GET status=200 uri=/api/v1/status latency_human="220.479µs"
2026-07-12 01:41:08 |TRC| method=GET status=200 uri=/api/v1/status latency_human="193.548µs"
2026-07-12 01:41:10 |TRC| method=GET status=200 uri=/api/v1/status latency_human="155.124µs"
2026-07-12 01:41:12 |TRC| method=GET status=200 uri=/api/v1/status latency_human="224.527µs"
2026-07-12 01:41:14 |TRC| method=GET status=200 uri=/api/v1/status latency_human="185.953µs"
2026-07-12 01:41:16 |TRC| method=GET status=200 uri=/api/v1/status latency_human="163.902µs"
2026-07-12 01:41:18 |TRC| method=GET status=200 uri=/api/v1/status latency_human="177.287µs"
2026-07-12 01:41:20 |TRC| method=GET status=200 uri=/api/v1/status latency_human="166.566µs"
2026-07-12 01:41:22 |TRC| method=GET status=200 uri=/api/v1/status latency_human="168.931µs"
2026-07-12 01:41:24 |TRC| method=GET status=200 uri=/api/v1/status latency_human="165.665µs"
2026-07-12 01:41:26 |TRC| method=GET status=200 uri=/api/v1/status latency_human="120.199µs"
2026-07-12 01:41:28 |TRC| method=GET status=200 uri=/api/v1/status latency_human="215.118µs"
2026-07-12 01:41:30 |TRC| method=GET status=200 uri=/api/v1/status latency_human="154.223µs"
2026-07-12 01:41:32 |TRC| method=GET status=200 uri=/api/v1/status latency_human="203.427µs"
2026-07-12 01:41:34 |TRC| method=GET status=200 uri=/api/v1/status latency_human="311.932µs"
2026-07-12 01:41:36 |TRC| method=GET status=200 uri=/api/v1/status latency_human="190.031µs"
2026-07-12 01:41:38 |TRC| method=GET status=200 uri=/api/v1/status latency_human="169.742µs"
2026-07-12 01:41:40 |TRC| method=GET status=200 uri=/api/v1/status latency_human="253.011µs"
2026-07-12 01:41:42 |TRC| method=GET status=200 uri=/api/v1/status latency_human="267.438µs"
2026-07-12 01:41:44 |TRC| method=GET status=200 uri=/api/v1/status latency_human="168.93µs"
2026-07-12 01:41:46 |TRC| method=GET status=200 uri=/api/v1/status latency_human="178.329µs"
2026-07-12 01:41:48 |TRC| method=GET status=200 uri=/api/v1/status latency_human="163.591µs"
2026-07-12 01:41:50 |TRC| method=GET status=200 uri=/api/v1/status latency_human="165.113µs"
2026-07-12 01:41:52 |TRC| method=GET status=200 uri=/api/v1/status latency_human="158.651µs"
2026-07-12 01:41:54 |TRC| method=GET status=200 uri=/api/v1/status latency_human="225.659µs"
2026-07-12 01:41:56 |TRC| method=GET status=200 uri=/api/v1/status latency_human="224.235µs"
2026-07-12 01:41:58 |TRC| method=GET status=200 uri=/api/v1/status latency_human="214.638µs"
2026-07-12 01:42:00 |TRC| method=GET status=200 uri=/api/v1/status latency_human="219.527µs"
2026-07-12 01:42:02 |TRC| method=GET status=200 uri=/api/v1/status latency_human="182.667µs"
2026-07-12 01:42:04 |TRC| method=GET status=200 uri=/api/v1/status latency_human="169.342µs"
2026-07-12 01:42:06 |TRC| method=GET status=200 uri=/api/v1/status latency_human="270.003µs"
2026-07-12 01:42:08 |TRC| method=GET status=200 uri=/api/v1/status latency_human="243.032µs"
2026-07-12 01:42:10 |TRC| method=GET status=200 uri=/api/v1/status latency_human="241.569µs"
2026-07-12 01:42:12 |TRC| method=GET status=200 uri=/api/v1/status latency_human="188.208µs"
2026-07-12 01:42:14 |TRC| method=GET status=200 uri=/api/v1/status latency_human="268.129µs"
2026-07-12 01:42:16 |TRC| method=GET status=200 uri=/api/v1/status latency_human="156.286µs"
2026-07-12 01:42:18 |TRC| method=GET status=200 uri=/api/v1/status latency_human="132.632µs"
2026-07-12 01:42:20 |TRC| method=GET status=200 uri=/api/v1/status latency_human="224.446µs"
2026-07-12 01:42:22 |TRC| method=GET status=200 uri=/api/v1/status latency_human="156.758µs"
2026-07-12 01:42:24 |TRC| method=GET status=200 uri=/api/v1/status latency_human="225.248µs"
2026-07-12 01:42:26 |TRC| method=GET status=200 uri=/api/v1/status latency_human="153.512µs"
2026-07-12 01:42:28 |TRC| method=GET status=200 uri=/api/v1/status latency_human="221.841µs"
2026-07-12 01:42:30 |TRC| method=GET status=200 uri=/api/v1/status latency_human="166.616µs"
2026-07-12 01:42:32 |TRC| method=GET status=200 uri=/api/v1/status latency_human="165.384µs"
2026-07-12 01:42:34 |TRC| method=GET status=200 uri=/api/v1/status latency_human="157.739µs"
2026-07-12 01:42:36 |TRC| method=GET status=200 uri=/api/v1/status latency_human="182.427µs"
2026-07-12 01:42:38 |TRC| method=GET status=200 uri=/api/v1/status latency_human="188.127µs"
2026-07-12 01:42:40 |TRC| method=GET status=200 uri=/api/v1/status latency_human="154.032µs"
2026-07-12 01:42:42 |TRC| method=GET status=200 uri=/api/v1/status latency_human="161.757µs"
2026-07-12 01:42:44 |TRC| method=GET status=200 uri=/api/v1/status latency_human="159.323µs"
2026-07-12 01:42:46 |TRC| method=GET status=200 uri=/api/v1/status latency_human="161.297µs"
2026-07-12 01:42:48 |TRC| method=GET status=200 uri=/api/v1/status latency_human="157.909µs"
2026-07-12 01:42:50 |TRC| method=GET status=200 uri=/api/v1/status latency_human="159.844µs"
2026-07-12 01:42:52 |TRC| method=GET status=200 uri=/api/v1/status latency_human="163.15µs"
2026-07-12 01:42:54 |TRC| method=GET status=200 uri=/api/v1/status latency_human="264.933µs"
2026-07-12 01:42:56 |TRC| method=GET status=200 uri=/api/v1/status latency_human="153.281µs"
2026-07-12 01:42:58 |TRC| method=GET status=200 uri=/api/v1/status latency_human="161.667µs"
2026-07-12 01:43:00 |TRC| method=GET status=200 uri=/api/v1/status latency_human="170.524µs"
2026-07-12 01:43:02 |TRC| method=GET status=200 uri=/api/v1/status latency_human="254.162µs"
2026-07-12 01:43:04 |TRC| method=GET status=200 uri=/api/v1/status latency_human="190.041µs"
2026-07-12 01:43:06 |TRC| method=GET status=200 uri=/api/v1/status latency_human="143.753µs"
2026-07-12 01:43:08 |TRC| method=GET status=200 uri=/api/v1/status latency_human="225.318µs"
2026-07-12 01:43:10 |TRC| method=GET status=200 uri=/api/v1/status latency_human="186.464µs"
2026-07-12 01:43:12 |TRC| method=GET status=200 uri=/api/v1/status latency_human="164.813µs"
2026-07-12 01:43:14 |TRC| method=GET status=200 uri=/api/v1/status latency_human="162.779µs"
2026-07-12 01:43:16 |TRC| method=GET status=200 uri=/api/v1/status latency_human="152.81µs"
2026-07-12 01:43:18 |TRC| method=GET status=200 uri=/api/v1/status latency_human="163.119µs"
2026-07-12 01:43:20 |TRC| method=GET status=200 uri=/api/v1/status latency_human="169.542µs"
2026-07-12 01:43:22 |TRC| method=GET status=200 uri=/api/v1/status latency_human="155.666µs"
2026-07-12 01:43:24 |TRC| method=GET status=200 uri=/api/v1/status latency_human="181.324µs"
2026-07-12 01:43:26 |TRC| method=GET status=200 uri=/api/v1/status latency_human="169.051µs"
2026-07-12 01:43:28 |TRC| method=GET status=200 uri=/api/v1/status latency_human="167.919µs"
2026-07-12 01:43:30 |TRC| method=GET status=200 uri=/api/v1/status latency_human="208.886µs"
2026-07-12 01:43:32 |TRC| method=GET status=200 uri=/api/v1/status latency_human="181.054µs"
2026-07-12 01:43:34 |TRC| method=GET status=200 uri=/api/v1/status latency_human="150.526µs"
2026-07-12 01:43:36 |TRC| method=GET status=200 uri=/api/v1/status latency_human="157.729µs"
2026-07-12 01:43:38 |TRC| method=GET status=200 uri=/api/v1/status latency_human="151.117µs"
2026-07-12 01:43:40 |TRC| method=GET status=200 uri=/api/v1/status latency_human="191.383µs"
2026-07-12 01:43:42 |TRC| method=GET status=200 uri=/api/v1/status latency_human="240.616µs"
2026-07-12 01:43:44 |TRC| method=GET status=200 uri=/api/v1/status latency_human="161.256µs"
2026-07-12 01:43:46 |TRC| method=GET status=200 uri=/api/v1/status latency_human="158.211µs"
2026-07-12 01:43:48 |TRC| method=GET status=200 uri=/api/v1/status latency_human="175.283µs"
2026-07-12 01:43:50 |TRC| method=GET status=200 uri=/api/v1/status latency_human="225.038µs"
2026-07-12 01:43:52 |TRC| method=GET status=200 uri=/api/v1/status latency_human="189.52µs"
2026-07-12 01:43:54 |TRC| method=GET status=200 uri=/api/v1/status latency_human="150.726µs"
2026-07-12 01:43:56 |TRC| method=GET status=200 uri=/api/v1/status latency_human="311.521µs"
2026-07-12 01:43:58 |TRC| method=GET status=200 uri=/api/v1/status latency_human="245.436µs"
2026-07-12 01:44:00 |TRC| method=GET status=200 uri=/api/v1/status latency_human="151.567µs"
2026-07-12 01:44:02 |TRC| method=GET status=200 uri=/api/v1/status latency_human="195.571µs"
2026-07-12 01:44:04 |TRC| method=GET status=200 uri=/api/v1/status latency_human="194.78µs"
2026-07-12 01:44:06 |TRC| method=GET status=200 uri=/api/v1/status latency_human="351.948µs"
2026-07-12 01:44:08 |TRC| method=GET status=200 uri=/api/v1/status latency_human="375.462µs"
2026-07-12 01:44:10 |TRC| method=GET status=200 uri=/api/v1/status latency_human="178.649µs"
2026-07-12 01:44:12 |TRC| method=GET status=200 uri=/api/v1/status latency_human="171.485µs"
2026-07-12 01:44:14 |TRC| method=GET status=200 uri=/api/v1/status latency_human="240.877µs"
2026-07-12 01:44:16 |TRC| method=GET status=200 uri=/api/v1/status latency_human="154.012µs"
2026-07-12 01:44:18 |TRC| method=GET status=200 uri=/api/v1/status latency_human="232.261µs"
2026-07-12 01:44:20 |TRC| method=GET status=200 uri=/api/v1/status latency_human="177.728µs"
2026-07-12 01:44:22 |TRC| method=GET status=200 uri=/api/v1/status latency_human="164.452µs"
2026-07-12 01:44:24 |TRC| method=GET status=200 uri=/api/v1/status latency_human="156.256µs"
2026-07-12 01:44:26 |TRC| method=GET status=200 uri=/api/v1/status latency_human="136.93µs"
2026-07-12 01:44:28 |TRC| method=GET status=200 uri=/api/v1/status latency_human="210.59µs"
2026-07-12 01:44:30 |TRC| method=GET status=200 uri=/api/v1/status latency_human="219.456µs"
2026-07-12 01:44:32 |TRC| method=GET status=200 uri=/api/v1/status latency_human="170.303µs"
2026-07-12 01:44:34 |TRC| method=GET status=200 uri=/api/v1/status latency_human="263.66µs"
2026-07-12 01:44:36 |TRC| method=GET status=200 uri=/api/v1/status latency_human="156.457µs"
2026-07-12 01:44:38 |TRC| method=GET status=200 uri=/api/v1/status latency_human="156.386µs"
2026-07-12 01:44:40 |TRC| method=GET status=200 uri=/api/v1/status latency_human="153.331µs"
2026-07-12 01:44:42 |TRC| method=GET status=200 uri=/api/v1/status latency_human="199.128µs"
2026-07-12 01:44:44 |TRC| method=GET status=200 uri=/api/v1/status latency_human="125.578µs"
2026-07-12 01:44:46 |TRC| method=GET status=200 uri=/api/v1/status latency_human="344.253µs"
2026-07-12 01:44:48 |TRC| method=GET status=200 uri=/api/v1/status latency_human="167.448µs"
2026-07-12 01:44:50 |TRC| method=GET status=200 uri=/api/v1/status latency_human="223.294µs"
2026-07-12 01:44:52 |TRC| method=GET status=200 uri=/api/v1/status latency_human="163.5µs"
2026-07-12 01:44:54 |TRC| method=GET status=200 uri=/api/v1/status latency_human="165.264µs"
2026-07-12 01:44:56 |TRC| method=GET status=200 uri=/api/v1/status latency_human="161.957µs"
2026-07-12 01:44:58 |TRC| method=GET status=200 uri=/api/v1/status latency_human="156.927µs"
2026-07-12 01:45:00 |TRC| method=GET status=200 uri=/api/v1/status latency_human="158.641µs"
2026-07-12 01:45:02 |TRC| method=GET status=200 uri=/api/v1/status latency_human="170.052µs"
2026-07-12 01:45:04 |TRC| method=GET status=200 uri=/api/v1/status latency_human="162.849µs"
2026-07-12 01:45:06 |TRC| method=GET status=200 uri=/api/v1/status latency_human="160.695µs"
2026-07-12 01:45:08 |TRC| method=GET status=200 uri=/api/v1/status latency_human="306.631µs"
2026-07-12 01:45:10 |TRC| method=GET status=200 uri=/api/v1/status latency_human="164.101µs"
2026-07-12 01:45:12 |TRC| method=GET status=200 uri=/api/v1/status latency_human="159.744µs"
2026-07-12 01:45:14 |TRC| method=GET status=200 uri=/api/v1/status latency_human="155.625µs"
2026-07-12 01:45:16 |TRC| method=GET status=200 uri=/api/v1/status latency_human="165.794µs"
2026-07-12 01:45:18 |TRC| method=GET status=200 uri=/api/v1/status latency_human="209.648µs"
2026-07-12 01:45:20 |TRC| method=GET status=200 uri=/api/v1/status latency_human="151.878µs"
2026-07-12 01:45:22 |TRC| method=GET status=200 uri=/api/v1/status latency_human="180.132µs"
2026-07-12 01:45:24 |TRC| method=GET status=200 uri=/api/v1/status latency_human="197.986µs"
2026-07-12 01:45:26 |TRC| method=GET status=200 uri=/api/v1/status latency_human="229.836µs"
2026-07-12 01:45:28 |TRC| method=GET status=200 uri=/api/v1/status latency_human="279.6µs"
2026-07-12 01:45:30 |TRC| method=GET status=200 uri=/api/v1/status latency_human="217.753µs"
2026-07-12 01:45:32 |TRC| method=GET status=200 uri=/api/v1/status latency_human="182.637µs"
2026-07-12 01:45:34 |TRC| method=GET status=200 uri=/api/v1/status latency_human="227.271µs"
2026-07-12 01:45:36 |TRC| method=GET status=200 uri=/api/v1/status latency_human="242.771µs"
2026-07-12 01:45:38 |TRC| method=GET status=200 uri=/api/v1/status latency_human="277.205µs"
2026-07-12 01:45:40 |TRC| method=GET status=200 uri=/api/v1/status latency_human="177.226µs"
2026-07-12 01:45:42 |TRC| method=GET status=200 uri=/api/v1/status latency_human="223.263µs"
2026-07-12 01:45:44 |TRC| method=GET status=200 uri=/api/v1/status latency_human="239.995µs"
2026-07-12 01:45:46 |TRC| method=GET status=200 uri=/api/v1/status latency_human="202.164µs"
2026-07-12 01:45:48 |TRC| method=GET status=200 uri=/api/v1/status latency_human="235.106µs"
2026-07-12 01:45:50 |TRC| method=GET status=200 uri=/api/v1/status latency_human="208.355µs"
2026-07-12 01:45:52 |TRC| method=GET status=200 uri=/api/v1/status latency_human="223.945µs"
2026-07-12 01:45:54 |TRC| method=GET status=200 uri=/api/v1/status latency_human="201.542µs"
2026-07-12 01:45:56 |TRC| method=GET status=200 uri=/api/v1/status latency_human="264.231µs"
2026-07-12 01:45:58 |TRC| method=GET status=200 uri=/api/v1/status latency_human="197.605µs"
2026-07-12 01:46:00 |TRC| method=GET status=200 uri=/api/v1/status latency_human="223.083µs"
2026-07-12 01:46:02 |TRC| method=GET status=200 uri=/api/v1/status latency_human="190.161µs"
2026-07-12 01:46:04 |TRC| method=GET status=200 uri=/api/v1/status latency_human="222.101µs"
2026-07-12 01:46:06 |TRC| method=GET status=200 uri=/api/v1/status latency_human="344.874µs"
2026-07-12 01:46:08 |TRC| method=GET status=200 uri=/api/v1/status latency_human="198.406µs"
2026-07-12 01:46:10 |TRC| method=GET status=200 uri=/api/v1/status latency_human="314.486µs"
2026-07-12 01:46:12 |TRC| method=GET status=200 uri=/api/v1/status latency_human="246.147µs"
2026-07-12 01:46:14 |TRC| method=GET status=200 uri=/api/v1/status latency_human="191.974µs"
2026-07-12 01:46:16 |TRC| method=GET status=200 uri=/api/v1/status latency_human="298.928µs"
2026-07-12 01:46:16 |DBG| anilist > Fetching anime collection
2026-07-12 01:46:16 |TRC| ws > Sending message type=check-for-announcements
2026-07-12 01:46:16 |TRC| method=POST status=200 uri=/api/v1/announcements latency_human="318.323µs"
2026-07-12 01:46:16 |INF| anilist > Successful Request rlr=29 rtt=461ms
2026-07-12 01:46:16 |TRC| ws > Sending message type=refreshed-anilist-anime-collection
2026-07-12 01:46:16 |DBG| anilist > Fetching manga collection
2026-07-12 01:46:17 |TRC| method=GET status=200 uri=/api/v1/library/collection latency_human="300.991µs"
2026-07-12 01:46:17 |TRC| method=GET status=200 uri=/api/v1/library/collection latency_human="123.033µs"
2026-07-12 01:46:17 |TRC| method=GET status=200 uri=/api/v1/anilist/collection latency_human="66.166µs"
2026-07-12 01:46:17 |TRC| method=GET status=200 uri=/api/v1/anilist/collection latency_human="72.908µs"
2026-07-12 01:46:17 |TRC| method=GET status=200 uri=/api/v1/library/missing-episodes latency_human="232.732µs"
2026-07-12 01:46:17 |TRC| method=GET status=200 uri=/api/v1/library/missing-episodes latency_human="76.195µs"
2026-07-12 01:46:17 |INF| anilist > Successful Request rlr=28 rtt=405ms
2026-07-12 01:46:17 |TRC| ws > Sending message type=refreshed-anilist-manga-collection
2026-07-12 01:46:17 |TRC| method=GET status=200 uri=/api/v1/manga/collection latency_human="77.737µs"
2026-07-12 01:46:17 |TRC| method=GET status=200 uri=/api/v1/manga/collection latency_human="84.3µs"
2026-07-12 01:46:18 |TRC| method=GET status=200 uri=/api/v1/status latency_human="179.681µs"
2026-07-12 01:46:20 |TRC| method=GET status=200 uri=/api/v1/status latency_human="223.894µs"
2026-07-12 01:46:22 |TRC| method=GET status=200 uri=/api/v1/status latency_human="217.813µs"
2026-07-12 01:46:24 |TRC| method=GET status=200 uri=/api/v1/status latency_human="202.394µs"
2026-07-12 01:46:26 |TRC| method=GET status=200 uri=/api/v1/status latency_human="197.584µs"
2026-07-12 01:46:28 |TRC| method=GET status=200 uri=/api/v1/status latency_human="224.656µs"
2026-07-12 01:46:30 |TRC| method=GET status=200 uri=/api/v1/status latency_human="168.139µs"
2026-07-12 01:46:32 |TRC| method=GET status=200 uri=/api/v1/status latency_human="214.778µs"
2026-07-12 01:46:34 |TRC| method=GET status=200 uri=/api/v1/status latency_human="208.005µs"
2026-07-12 01:46:36 |TRC| method=GET status=200 uri=/api/v1/status latency_human="207.774µs"
2026-07-12 01:46:38 |TRC| method=GET status=200 uri=/api/v1/status latency_human="199.739µs"
2026-07-12 01:46:40 |TRC| method=GET status=200 uri=/api/v1/status latency_human="215.279µs"
2026-07-12 01:46:42 |TRC| method=GET status=200 uri=/api/v1/status latency_human="218.825µs"
2026-07-12 01:46:44 |TRC| method=GET status=200 uri=/api/v1/status latency_human="129.766µs"
2026-07-12 01:46:46 |TRC| method=GET status=200 uri=/api/v1/status latency_human="178.759µs"
2026-07-12 01:46:48 |TRC| method=GET status=200 uri=/api/v1/status latency_human="191.273µs"
2026-07-12 01:46:50 |TRC| method=GET status=200 uri=/api/v1/status latency_human="166.646µs"
2026-07-12 01:46:52 |TRC| method=GET status=200 uri=/api/v1/status latency_human="198.577µs"
2026-07-12 01:46:54 |TRC| method=GET status=200 uri=/api/v1/status latency_human="155.234µs"
2026-07-12 01:46:56 |TRC| method=GET status=200 uri=/api/v1/status latency_human="156.306µs"
2026-07-12 01:46:58 |TRC| method=GET status=200 uri=/api/v1/status latency_human="152.399µs"
2026-07-12 01:47:00 |TRC| method=GET status=200 uri=/api/v1/status latency_human="297.996µs"
2026-07-12 01:47:02 |TRC| method=GET status=200 uri=/api/v1/status latency_human="160.966µs"
2026-07-12 01:47:04 |TRC| method=GET status=200 uri=/api/v1/status latency_human="166.897µs"
2026-07-12 01:47:06 |TRC| method=GET status=200 uri=/api/v1/status latency_human="159.513µs"
2026-07-12 01:47:08 |TRC| method=GET status=200 uri=/api/v1/status latency_human="166.025µs"
2026-07-12 01:47:10 |TRC| method=GET status=200 uri=/api/v1/status latency_human="266.305µs"
2026-07-12 01:47:12 |TRC| method=GET status=200 uri=/api/v1/status latency_human="156.176µs"
2026-07-12 01:47:14 |TRC| method=GET status=200 uri=/api/v1/status latency_human="195.29µs"
2026-07-12 01:47:16 |TRC| method=GET status=200 uri=/api/v1/status latency_human="151.407µs"
2026-07-12 01:47:18 |TRC| method=GET status=200 uri=/api/v1/status latency_human="165.794µs"
2026-07-12 01:47:20 |TRC| method=GET status=200 uri=/api/v1/status latency_human="173.8µs"
2026-07-12 01:47:22 |TRC| method=GET status=200 uri=/api/v1/status latency_human="190.02µs"
2026-07-12 01:47:24 |TRC| method=GET status=200 uri=/api/v1/status latency_human="179.38µs"
2026-07-12 01:47:26 |TRC| method=GET status=200 uri=/api/v1/status latency_human="185.131µs"
2026-07-12 01:47:28 |TRC| method=GET status=200 uri=/api/v1/status latency_human="173.349µs"
2026-07-12 01:47:30 |TRC| method=GET status=200 uri=/api/v1/status latency_human="161.587µs"
2026-07-12 01:47:32 |TRC| method=GET status=200 uri=/api/v1/status latency_human="226.41µs"
2026-07-12 01:47:34 |TRC| method=GET status=200 uri=/api/v1/status latency_human="218.053µs"
2026-07-12 01:47:36 |TRC| method=GET status=200 uri=/api/v1/status latency_human="163.56µs"
2026-07-12 01:47:38 |TRC| method=GET status=200 uri=/api/v1/status latency_human="148.181µs"
2026-07-12 01:47:40 |TRC| method=GET status=200 uri=/api/v1/status latency_human="156.106µs"
2026-07-12 01:47:42 |TRC| method=GET status=200 uri=/api/v1/status latency_human="216.801µs"
2026-07-12 01:47:44 |TRC| method=GET status=200 uri=/api/v1/status latency_human="165.133µs"
2026-07-12 01:47:46 |TRC| method=GET status=200 uri=/api/v1/status latency_human="185.722µs"
2026-07-12 01:47:48 |TRC| method=GET status=200 uri=/api/v1/status latency_human="181.935µs"
2026-07-12 01:47:50 |TRC| method=GET status=200 uri=/api/v1/status latency_human="170.814µs"
2026-07-12 01:47:52 |TRC| method=GET status=200 uri=/api/v1/status latency_human="257.739µs"
2026-07-12 01:47:54 |TRC| method=GET status=200 uri=/api/v1/status latency_human="158.671µs"
2026-07-12 01:47:56 |TRC| method=GET status=200 uri=/api/v1/status latency_human="170.172µs"
2026-07-12 01:47:58 |TRC| method=GET status=200 uri=/api/v1/status latency_human="214.607µs"
2026-07-12 01:48:00 |TRC| method=GET status=200 uri=/api/v1/status latency_human="177.938µs"
2026-07-12 01:48:02 |TRC| method=GET status=200 uri=/api/v1/status latency_human="160.415µs"
2026-07-12 01:48:04 |TRC| method=GET status=200 uri=/api/v1/status latency_human="225.177µs"
2026-07-12 01:48:06 |TRC| method=GET status=200 uri=/api/v1/status latency_human="243.271µs"
2026-07-12 01:48:08 |TRC| method=GET status=200 uri=/api/v1/status latency_human="174.06µs"
2026-07-12 01:48:10 |TRC| method=GET status=200 uri=/api/v1/status latency_human="180.111µs"
2026-07-12 01:48:12 |TRC| method=GET status=200 uri=/api/v1/status latency_human="161.006µs"
2026-07-12 01:48:14 |TRC| method=GET status=200 uri=/api/v1/status latency_human="204.087µs"
2026-07-12 01:48:16 |TRC| method=GET status=200 uri=/api/v1/status latency_human="128.804µs"
2026-07-12 01:48:18 |TRC| method=GET status=200 uri=/api/v1/status latency_human="217.904µs"
2026-07-12 01:48:20 |TRC| method=GET status=200 uri=/api/v1/status latency_human="179.08µs"
2026-07-12 01:48:22 |TRC| method=GET status=200 uri=/api/v1/status latency_human="173.61µs"
2026-07-12 01:48:24 |TRC| method=GET status=200 uri=/api/v1/status latency_human="154.553µs"
2026-07-12 01:48:26 |TRC| method=GET status=200 uri=/api/v1/status latency_human="155.535µs"
2026-07-12 01:48:28 |TRC| method=GET status=200 uri=/api/v1/status latency_human="200.52µs"
2026-07-12 01:48:30 |TRC| method=GET status=200 uri=/api/v1/status latency_human="175.072µs"
2026-07-12 01:48:32 |TRC| method=GET status=200 uri=/api/v1/status latency_human="220.848µs"
2026-07-12 01:48:34 |TRC| method=GET status=200 uri=/api/v1/status latency_human="208.024µs"
2026-07-12 01:48:36 |TRC| method=GET status=200 uri=/api/v1/status latency_human="157.077µs"
2026-07-12 01:48:38 |TRC| method=GET status=200 uri=/api/v1/status latency_human="165.354µs"
2026-07-12 01:48:40 |TRC| method=GET status=200 uri=/api/v1/status latency_human="253.42µs"
2026-07-12 01:48:42 |TRC| method=GET status=200 uri=/api/v1/status latency_human="160.774µs"
2026-07-12 01:48:44 |TRC| method=GET status=200 uri=/api/v1/status latency_human="272.757µs"
2026-07-12 01:48:46 |TRC| method=GET status=200 uri=/api/v1/status latency_human="176.815µs"
2026-07-12 01:48:48 |TRC| method=GET status=200 uri=/api/v1/status latency_human="269.06µs"
2026-07-12 01:48:50 |TRC| method=GET status=200 uri=/api/v1/status latency_human="268.249µs"
2026-07-12 01:48:52 |TRC| method=GET status=200 uri=/api/v1/status latency_human="212.883µs"
2026-07-12 01:48:54 |TRC| method=GET status=200 uri=/api/v1/status latency_human="158.3µs"
2026-07-12 01:48:56 |TRC| method=GET status=200 uri=/api/v1/status latency_human="166.395µs"
2026-07-12 01:48:58 |TRC| method=GET status=200 uri=/api/v1/status latency_human="188.758µs"
2026-07-12 01:49:00 |TRC| method=GET status=200 uri=/api/v1/status latency_human="177.407µs"
2026-07-12 01:49:02 |TRC| method=GET status=200 uri=/api/v1/status latency_human="201.192µs"
2026-07-12 01:49:04 |TRC| method=GET status=200 uri=/api/v1/status latency_human="177.196µs"
2026-07-12 01:49:06 |TRC| method=GET status=200 uri=/api/v1/status latency_human="163.229µs"
2026-07-12 01:49:08 |TRC| method=GET status=200 uri=/api/v1/status latency_human="157.829µs"
2026-07-12 01:49:10 |TRC| method=GET status=200 uri=/api/v1/status latency_human="178.599µs"
2026-07-12 01:49:12 |TRC| method=GET status=200 uri=/api/v1/status latency_human="162.738µs"
2026-07-12 01:49:14 |TRC| method=GET status=200 uri=/api/v1/status latency_human="274.64µs"
2026-07-12 01:49:16 |TRC| method=GET status=200 uri=/api/v1/status latency_human="175.392µs"
2026-07-12 01:49:18 |TRC| method=GET status=200 uri=/api/v1/status latency_human="170.082µs"
2026-07-12 01:49:20 |TRC| method=GET status=200 uri=/api/v1/status latency_human="166.115µs"
2026-07-12 01:49:22 |TRC| method=GET status=200 uri=/api/v1/status latency_human="191.303µs"
2026-07-12 01:49:24 |TRC| method=GET status=200 uri=/api/v1/status latency_human="162.609µs"
2026-07-12 01:49:26 |TRC| method=GET status=200 uri=/api/v1/status latency_human="156.467µs"
2026-07-12 01:49:28 |TRC| method=GET status=200 uri=/api/v1/status latency_human="200.2µs"
2026-07-12 01:49:30 |TRC| method=GET status=200 uri=/api/v1/status latency_human="182.987µs"
2026-07-12 01:49:32 |TRC| method=GET status=200 uri=/api/v1/status latency_human="233.312µs"
2026-07-12 01:49:34 |TRC| method=GET status=200 uri=/api/v1/status latency_human="155.706µs"
2026-07-12 01:49:36 |TRC| method=GET status=200 uri=/api/v1/status latency_human="176.615µs"
2026-07-12 01:49:38 |TRC| method=GET status=200 uri=/api/v1/status latency_human="242.359µs"
2026-07-12 01:49:40 |TRC| method=GET status=200 uri=/api/v1/status latency_human="166.045µs"
2026-07-12 01:49:42 |TRC| method=GET status=200 uri=/api/v1/status latency_human="153.301µs"
2026-07-12 01:49:44 |TRC| method=GET status=200 uri=/api/v1/status latency_human="217.533µs"
2026-07-12 01:49:46 |TRC| method=GET status=200 uri=/api/v1/status latency_human="272.236µs"
2026-07-12 01:49:48 |TRC| method=GET status=200 uri=/api/v1/status latency_human="169.131µs"
2026-07-12 01:49:50 |TRC| method=GET status=200 uri=/api/v1/status latency_human="183.437µs"
2026-07-12 01:49:52 |TRC| method=GET status=200 uri=/api/v1/status latency_human="165.865µs"
2026-07-12 01:49:54 |TRC| method=GET status=200 uri=/api/v1/status latency_human="215.558µs"
2026-07-12 01:49:56 |TRC| method=GET status=200 uri=/api/v1/status latency_human="213.335µs"
2026-07-12 01:49:58 |TRC| method=GET status=200 uri=/api/v1/status latency_human="158.721µs"
2026-07-12 01:50:00 |TRC| method=GET status=200 uri=/api/v1/status latency_human="167.117µs"
2026-07-12 01:50:02 |TRC| method=GET status=200 uri=/api/v1/status latency_human="176.715µs"
2026-07-12 01:50:04 |TRC| method=GET status=200 uri=/api/v1/status latency_human="166.275µs"
2026-07-12 01:50:06 |TRC| method=GET status=200 uri=/api/v1/status latency_human="240.065µs"
2026-07-12 01:50:08 |TRC| method=GET status=200 uri=/api/v1/status latency_human="170.363µs"
2026-07-12 01:50:10 |TRC| method=GET status=200 uri=/api/v1/status latency_human="165.664µs"
2026-07-12 01:50:12 |TRC| method=GET status=200 uri=/api/v1/status latency_human="194.218µs"
2026-07-12 01:50:14 |TRC| method=GET status=200 uri=/api/v1/status latency_human="154.603µs"
2026-07-12 01:50:16 |TRC| method=GET status=200 uri=/api/v1/status latency_human="177.036µs"
2026-07-12 01:50:18 |TRC| method=GET status=200 uri=/api/v1/status latency_human="171.115µs"
2026-07-12 01:50:20 |TRC| method=GET status=200 uri=/api/v1/status latency_human="167.948µs"
2026-07-12 01:50:22 |TRC| method=GET status=200 uri=/api/v1/status latency_human="150.245µs"
2026-07-12 01:50:24 |TRC| method=GET status=200 uri=/api/v1/status latency_human="156.897µs"
2026-07-12 01:50:26 |TRC| method=GET status=200 uri=/api/v1/status latency_human="169.101µs"
2026-07-12 01:50:28 |TRC| method=GET status=200 uri=/api/v1/status latency_human="167.939µs"
2026-07-12 01:50:30 |TRC| method=GET status=200 uri=/api/v1/status latency_human="160.805µs"
2026-07-12 01:50:32 |TRC| method=GET status=200 uri=/api/v1/status latency_human="164.803µs"
2026-07-12 01:50:34 |TRC| method=GET status=200 uri=/api/v1/status latency_human="178.267µs"
2026-07-12 01:50:36 |TRC| method=GET status=200 uri=/api/v1/status latency_human="158.29µs"
2026-07-12 01:50:38 |TRC| method=GET status=200 uri=/api/v1/status latency_human="127.602µs"
2026-07-12 01:50:40 |TRC| method=GET status=200 uri=/api/v1/status latency_human="178.588µs"
2026-07-12 01:50:42 |TRC| method=GET status=200 uri=/api/v1/status latency_human="153.681µs"
2026-07-12 01:50:44 |TRC| method=GET status=200 uri=/api/v1/status latency_human="174.22µs"
2026-07-12 01:50:46 |TRC| method=GET status=200 uri=/api/v1/status latency_human="228.894µs"
2026-07-12 01:50:48 |TRC| method=GET status=200 uri=/api/v1/status latency_human="174.23µs"
2026-07-12 01:50:50 |TRC| method=GET status=200 uri=/api/v1/status latency_human="158.831µs"
2026-07-12 01:50:52 |TRC| method=GET status=200 uri=/api/v1/status latency_human="158.881µs"
2026-07-12 01:50:54 |TRC| method=GET status=200 uri=/api/v1/status latency_human="163.139µs"
2026-07-12 01:50:56 |TRC| method=GET status=200 uri=/api/v1/status latency_human="167.217µs"
2026-07-12 01:50:58 |TRC| method=GET status=200 uri=/api/v1/status latency_human="157.489µs"
2026-07-12 01:51:00 |TRC| method=GET status=200 uri=/api/v1/status latency_human="155.084µs"
2026-07-12 01:51:02 |TRC| method=GET status=200 uri=/api/v1/status latency_human="189.71µs"
2026-07-12 01:51:04 |TRC| method=GET status=200 uri=/api/v1/status latency_human="199.388µs"
2026-07-12 01:51:06 |TRC| method=GET status=200 uri=/api/v1/status latency_human="170.704µs"
2026-07-12 01:51:08 |TRC| method=GET status=200 uri=/api/v1/status latency_human="258.399µs"
2026-07-12 01:51:10 |TRC| method=GET status=200 uri=/api/v1/status latency_human="154.874µs"
2026-07-12 01:51:12 |TRC| method=GET status=200 uri=/api/v1/status latency_human="155.865µs"
2026-07-12 01:51:14 |TRC| method=GET status=200 uri=/api/v1/status latency_human="158.35µs"
2026-07-12 01:51:16 |TRC| method=GET status=200 uri=/api/v1/status latency_human="179.821µs"
2026-07-12 01:51:18 |TRC| method=GET status=200 uri=/api/v1/status latency_human="271.335µs"
2026-07-12 01:51:20 |TRC| method=GET status=200 uri=/api/v1/status latency_human="176.024µs"
2026-07-12 01:51:22 |TRC| method=GET status=200 uri=/api/v1/status latency_human="180.192µs"
2026-07-12 01:51:24 |TRC| method=GET status=200 uri=/api/v1/status latency_human="161.286µs"
2026-07-12 01:51:26 |TRC| method=GET status=200 uri=/api/v1/status latency_human="175.503µs"
2026-07-12 01:51:28 |TRC| method=GET status=200 uri=/api/v1/status latency_human="166.576µs"
2026-07-12 01:51:30 |TRC| method=GET status=200 uri=/api/v1/status latency_human="167.357µs"
2026-07-12 01:51:32 |TRC| method=GET status=200 uri=/api/v1/status latency_human="170.523µs"
2026-07-12 01:51:34 |TRC| method=GET status=200 uri=/api/v1/status latency_human="195.019µs"
2026-07-12 01:51:36 |TRC| method=GET status=200 uri=/api/v1/status latency_human="193.266µs"
2026-07-12 01:51:38 |TRC| method=GET status=200 uri=/api/v1/status latency_human="286.112µs"
2026-07-12 01:51:40 |TRC| method=GET status=200 uri=/api/v1/status latency_human="279.279µs"
2026-07-12 01:51:42 |TRC| method=GET status=200 uri=/api/v1/status latency_human="158.641µs"
2026-07-12 01:51:44 |TRC| method=GET status=200 uri=/api/v1/status latency_human="184.95µs"
2026-07-12 01:51:46 |TRC| method=GET status=200 uri=/api/v1/status latency_human="160.684µs"
2026-07-12 01:51:48 |TRC| method=GET status=200 uri=/api/v1/status latency_human="234.805µs"
2026-07-12 01:51:50 |TRC| method=GET status=200 uri=/api/v1/status latency_human="238.461µs"
2026-07-12 01:51:52 |TRC| method=GET status=200 uri=/api/v1/status latency_human="212.603µs"
2026-07-12 01:51:54 |TRC| method=GET status=200 uri=/api/v1/status latency_human="233.763µs"
2026-07-12 01:51:56 |TRC| method=GET status=200 uri=/api/v1/status latency_human="164.492µs"
2026-07-12 01:51:58 |TRC| method=GET status=200 uri=/api/v1/status latency_human="479.158µs"
2026-07-12 01:52:00 |TRC| method=GET status=200 uri=/api/v1/status latency_human="176.194µs"
2026-07-12 01:52:02 |TRC| method=GET status=200 uri=/api/v1/status latency_human="152.429µs"
2026-07-12 01:52:04 |TRC| method=GET status=200 uri=/api/v1/status latency_human="176.875µs"
2026-07-12 01:52:06 |TRC| method=GET status=200 uri=/api/v1/status latency_human="418.593µs"
2026-07-12 01:52:08 |TRC| method=GET status=200 uri=/api/v1/status latency_human="244.653µs"
2026-07-12 01:52:10 |TRC| method=GET status=200 uri=/api/v1/status latency_human="209.858µs"
2026-07-12 01:52:12 |TRC| method=GET status=200 uri=/api/v1/status latency_human="239.724µs"
2026-07-12 01:52:14 |TRC| method=GET status=200 uri=/api/v1/status latency_human="215.338µs"
2026-07-12 01:52:16 |TRC| method=GET status=200 uri=/api/v1/status latency_human="234.414µs"
2026-07-12 01:52:18 |TRC| method=GET status=200 uri=/api/v1/status latency_human="272.256µs"
2026-07-12 01:52:20 |TRC| method=GET status=200 uri=/api/v1/status latency_human="203.966µs"
2026-07-12 01:52:22 |TRC| method=GET status=200 uri=/api/v1/status latency_human="205.66µs"
2026-07-12 01:52:24 |TRC| method=GET status=200 uri=/api/v1/status latency_human="216.24µs"
2026-07-12 01:52:26 |TRC| method=GET status=200 uri=/api/v1/status latency_human="183.748µs"
2026-07-12 01:52:28 |TRC| method=GET status=200 uri=/api/v1/status latency_human="155.535µs"
2026-07-12 01:52:30 |TRC| method=GET status=200 uri=/api/v1/status latency_human="157.278µs"
2026-07-12 01:52:32 |TRC| method=GET status=200 uri=/api/v1/status latency_human="164.512µs"
2026-07-12 01:52:34 |TRC| method=GET status=200 uri=/api/v1/status latency_human="153.932µs"
2026-07-12 01:52:36 |TRC| method=GET status=200 uri=/api/v1/status latency_human="233.031µs"
2026-07-12 01:52:38 |TRC| method=GET status=200 uri=/api/v1/status latency_human="172.987µs"
2026-07-12 01:52:40 |TRC| method=GET status=200 uri=/api/v1/status latency_human="248.491µs"
2026-07-12 01:52:42 |TRC| method=GET status=200 uri=/api/v1/status latency_human="164.813µs"
2026-07-12 01:52:44 |TRC| method=GET status=200 uri=/api/v1/status latency_human="154.403µs"
2026-07-12 01:52:46 |TRC| method=GET status=200 uri=/api/v1/status latency_human="171.285µs"
2026-07-12 01:52:48 |TRC| method=GET status=200 uri=/api/v1/status latency_human="178.208µs"
2026-07-12 01:52:50 |TRC| method=GET status=200 uri=/api/v1/status latency_human="227.261µs"
2026-07-12 01:52:52 |TRC| method=GET status=200 uri=/api/v1/status latency_human="178.788µs"
2026-07-12 01:52:54 |TRC| method=GET status=200 uri=/api/v1/status latency_human="185.431µs"
2026-07-12 01:52:56 |TRC| method=GET status=200 uri=/api/v1/status latency_human="177.687µs"
2026-07-12 01:52:58 |TRC| method=GET status=200 uri=/api/v1/status latency_human="179.049µs"
2026-07-12 01:53:00 |TRC| method=GET status=200 uri=/api/v1/status latency_human="177.296µs"
2026-07-12 01:53:02 |TRC| method=GET status=200 uri=/api/v1/status latency_human="182.286µs"
2026-07-12 01:53:04 |TRC| method=GET status=200 uri=/api/v1/status latency_human="177.676µs"
2026-07-12 01:53:06 |TRC| method=GET status=200 uri=/api/v1/status latency_human="171.876µs"
2026-07-12 01:53:08 |TRC| method=GET status=200 uri=/api/v1/status latency_human="190.281µs"
2026-07-12 01:53:10 |TRC| method=GET status=200 uri=/api/v1/status latency_human="193.296µs"
2026-07-12 01:53:12 |TRC| method=GET status=200 uri=/api/v1/status latency_human="209.076µs"
2026-07-12 01:53:14 |TRC| method=GET status=200 uri=/api/v1/status latency_human="173.018µs"
2026-07-12 01:53:16 |TRC| method=GET status=200 uri=/api/v1/status latency_human="207.733µs"
2026-07-12 01:53:18 |TRC| method=GET status=200 uri=/api/v1/status latency_human="204.637µs"
2026-07-12 01:53:20 |TRC| method=GET status=200 uri=/api/v1/status latency_human="198.276µs"
2026-07-12 01:53:22 |TRC| method=GET status=200 uri=/api/v1/status latency_human="288.416µs"
2026-07-12 01:53:24 |TRC| method=GET status=200 uri=/api/v1/status latency_human="204.498µs"
2026-07-12 01:53:26 |TRC| method=GET status=200 uri=/api/v1/status latency_human="209.948µs"
2026-07-12 01:53:28 |TRC| method=GET status=200 uri=/api/v1/status latency_human="215.358µs"
2026-07-12 01:53:30 |TRC| method=GET status=200 uri=/api/v1/status latency_human="195.2µs"
2026-07-12 01:53:32 |TRC| method=GET status=200 uri=/api/v1/status latency_human="226.76µs"
2026-07-12 01:53:34 |TRC| method=GET status=200 uri=/api/v1/status latency_human="185.451µs"
2026-07-12 01:53:36 |TRC| method=GET status=200 uri=/api/v1/status latency_human="222.291µs"
2026-07-12 01:53:38 |TRC| method=GET status=200 uri=/api/v1/status latency_human="217.171µs"
2026-07-12 01:53:40 |TRC| method=GET status=200 uri=/api/v1/status latency_human="168.83µs"
2026-07-12 01:53:42 |TRC| method=GET status=200 uri=/api/v1/status latency_human="239.924µs"
2026-07-12 01:53:44 |TRC| method=GET status=200 uri=/api/v1/status latency_human="240.215µs"
2026-07-12 01:53:46 |TRC| method=GET status=200 uri=/api/v1/status latency_human="225.638µs"
2026-07-12 01:53:48 |TRC| method=GET status=200 uri=/api/v1/status latency_human="179.3µs"
2026-07-12 01:53:50 |TRC| method=GET status=200 uri=/api/v1/status latency_human="226.7µs"
2026-07-12 01:53:52 |TRC| method=GET status=200 uri=/api/v1/status latency_human="166.906µs"
2026-07-12 01:53:54 |TRC| method=GET status=200 uri=/api/v1/status latency_human="312.081µs"
2026-07-12 01:53:56 |TRC| method=GET status=200 uri=/api/v1/status latency_human="171.365µs"
2026-07-12 01:53:58 |TRC| method=GET status=200 uri=/api/v1/status latency_human="243.13µs"
2026-07-12 01:54:00 |TRC| method=GET status=200 uri=/api/v1/status latency_human="293.055µs"
2026-07-12 01:54:02 |TRC| method=GET status=200 uri=/api/v1/status latency_human="280.381µs"
2026-07-12 01:54:04 |TRC| method=GET status=200 uri=/api/v1/status latency_human="231.699µs"
2026-07-12 01:54:06 |TRC| method=GET status=200 uri=/api/v1/status latency_human="245.375µs"
2026-07-12 01:54:08 |TRC| method=GET status=200 uri=/api/v1/status latency_human="309.927µs"
2026-07-12 01:54:10 |TRC| method=GET status=200 uri=/api/v1/status latency_human="223.513µs"
2026-07-12 01:54:12 |TRC| method=GET status=200 uri=/api/v1/status latency_human="206.431µs"
2026-07-12 01:54:14 |TRC| method=GET status=200 uri=/api/v1/status latency_human="194.629µs"
2026-07-12 01:54:16 |TRC| method=GET status=200 uri=/api/v1/status latency_human="289.478µs"
2026-07-12 01:54:18 |TRC| method=GET status=200 uri=/api/v1/status latency_human="247.389µs"
2026-07-12 01:54:20 |TRC| method=GET status=200 uri=/api/v1/status latency_human="198.816µs"
2026-07-12 01:54:22 |TRC| method=GET status=200 uri=/api/v1/status latency_human="179.48µs"
2026-07-12 01:54:24 |TRC| method=GET status=200 uri=/api/v1/status latency_human="182.196µs"
2026-07-12 01:54:26 |TRC| method=GET status=200 uri=/api/v1/status latency_human="188.197µs"
2026-07-12 01:54:28 |TRC| method=GET status=200 uri=/api/v1/status latency_human="198.376µs"
2026-07-12 01:54:30 |TRC| method=GET status=200 uri=/api/v1/status latency_human="217.663µs"
2026-07-12 01:54:32 |TRC| method=GET status=200 uri=/api/v1/status latency_human="314.185µs"
2026-07-12 01:54:34 |TRC| method=GET status=200 uri=/api/v1/status latency_human="164.352µs"
2026-07-12 01:54:36 |TRC| method=GET status=200 uri=/api/v1/status latency_human="192.494µs"
2026-07-12 01:54:38 |TRC| method=GET status=200 uri=/api/v1/status latency_human="148.361µs"
2026-07-12 01:54:40 |TRC| method=GET status=200 uri=/api/v1/status latency_human="257.608µs"
2026-07-12 01:54:42 |TRC| method=GET status=200 uri=/api/v1/status latency_human="156.025µs"
2026-07-12 01:54:44 |TRC| method=GET status=200 uri=/api/v1/status latency_human="190.11µs"
2026-07-12 01:54:46 |TRC| method=GET status=200 uri=/api/v1/status latency_human="161.185µs"
2026-07-12 01:54:48 |TRC| method=GET status=200 uri=/api/v1/status latency_human="167.587µs"
2026-07-12 01:54:50 |TRC| method=GET status=200 uri=/api/v1/status latency_human="166.375µs"
2026-07-12 01:54:52 |TRC| method=GET status=200 uri=/api/v1/status latency_human="145.145µs"
2026-07-12 01:54:54 |TRC| method=GET status=200 uri=/api/v1/status latency_human="236.357µs"
2026-07-12 01:54:56 |TRC| method=GET status=200 uri=/api/v1/status latency_human="166.966µs"
2026-07-12 01:54:58 |TRC| method=GET status=200 uri=/api/v1/status latency_human="205.49µs"
2026-07-12 01:55:00 |TRC| method=GET status=200 uri=/api/v1/status latency_human="240.967µs"
2026-07-12 01:55:02 |TRC| method=GET status=200 uri=/api/v1/status latency_human="164.091µs"
2026-07-12 01:55:04 |TRC| method=GET status=200 uri=/api/v1/status latency_human="151.066µs"
2026-07-12 01:55:06 |TRC| method=GET status=200 uri=/api/v1/status latency_human="150.605µs"
2026-07-12 01:55:08 |TRC| method=GET status=200 uri=/api/v1/status latency_human="155.775µs"
2026-07-12 01:55:10 |TRC| method=GET status=200 uri=/api/v1/status latency_human="161.686µs"
2026-07-12 01:55:12 |TRC| method=GET status=200 uri=/api/v1/status latency_human="159.793µs"
2026-07-12 01:55:14 |TRC| method=GET status=200 uri=/api/v1/status latency_human="230.757µs"
2026-07-12 01:55:16 |TRC| method=GET status=200 uri=/api/v1/status latency_human="230.918µs"
2026-07-12 01:55:18 |TRC| method=GET status=200 uri=/api/v1/status latency_human="155.344µs"
2026-07-12 01:55:20 |TRC| method=GET status=200 uri=/api/v1/status latency_human="156.016µs"
2026-07-12 01:55:22 |TRC| method=GET status=200 uri=/api/v1/status latency_human="159.202µs"
2026-07-12 01:55:24 |TRC| method=GET status=200 uri=/api/v1/status latency_human="189.069µs"
2026-07-12 01:55:26 |TRC| method=GET status=200 uri=/api/v1/status latency_human="151.137µs"
2026-07-12 01:55:28 |TRC| method=GET status=200 uri=/api/v1/status latency_human="168.81µs"
2026-07-12 01:55:30 |TRC| method=GET status=200 uri=/api/v1/status latency_human="135.847µs"
2026-07-12 01:55:32 |TRC| method=GET status=200 uri=/api/v1/status latency_human="248.871µs"
2026-07-12 01:55:34 |TRC| method=GET status=200 uri=/api/v1/status latency_human="167.908µs"
2026-07-12 01:55:36 |TRC| method=GET status=200 uri=/api/v1/status latency_human="126.219µs"
2026-07-12 01:55:38 |TRC| method=GET status=200 uri=/api/v1/status latency_human="163.99µs"
2026-07-12 01:55:40 |TRC| method=GET status=200 uri=/api/v1/status latency_human="157.248µs"
2026-07-12 01:55:42 |TRC| method=GET status=200 uri=/api/v1/status latency_human="166.866µs"
2026-07-12 01:55:44 |TRC| method=GET status=200 uri=/api/v1/status latency_human="184.59µs"
2026-07-12 01:55:46 |TRC| method=GET status=200 uri=/api/v1/status latency_human="159.723µs"
2026-07-12 01:55:48 |TRC| method=GET status=200 uri=/api/v1/status latency_human="155.395µs"
2026-07-12 01:55:50 |TRC| method=GET status=200 uri=/api/v1/status latency_human="262.066µs"
2026-07-12 01:55:52 |TRC| method=GET status=200 uri=/api/v1/status latency_human="152.86µs"
2026-07-12 01:55:54 |TRC| method=GET status=200 uri=/api/v1/status latency_human="246.547µs"
2026-07-12 01:55:56 |TRC| method=GET status=200 uri=/api/v1/status latency_human="221.65µs"
2026-07-12 01:55:58 |TRC| method=GET status=200 uri=/api/v1/status latency_human="157.308µs"
2026-07-12 01:56:00 |TRC| method=GET status=200 uri=/api/v1/status latency_human="183.147µs"
2026-07-12 01:56:02 |TRC| method=GET status=200 uri=/api/v1/status latency_human="162.288µs"
2026-07-12 01:56:04 |TRC| method=GET status=200 uri=/api/v1/status latency_human="161.446µs"
2026-07-12 01:56:06 |TRC| method=GET status=200 uri=/api/v1/status latency_human="238.793µs"
2026-07-12 01:56:08 |TRC| method=GET status=200 uri=/api/v1/status latency_human="234.003µs"
2026-07-12 01:56:10 |TRC| method=GET status=200 uri=/api/v1/status latency_human="147.64µs"
2026-07-12 01:56:12 |TRC| method=GET status=200 uri=/api/v1/status latency_human="164.482µs"
2026-07-12 01:56:14 |TRC| method=GET status=200 uri=/api/v1/status latency_human="152.258µs"
2026-07-12 01:56:16 |TRC| method=GET status=200 uri=/api/v1/status latency_human="184.329µs"
2026-07-12 01:56:16 |DBG| anilist > Fetching anime collection
2026-07-12 01:56:16 |TRC| ws > Sending message type=check-for-announcements
2026-07-12 01:56:16 |TRC| method=POST status=200 uri=/api/v1/announcements latency_human="182.265µs"
2026-07-12 01:56:17 |INF| anilist > Successful Request rlr=29 rtt=744ms
2026-07-12 01:56:17 |TRC| ws > Sending message type=refreshed-anilist-anime-collection
2026-07-12 01:56:17 |DBG| anilist > Fetching manga collection
2026-07-12 01:56:17 |TRC| method=GET status=200 uri=/api/v1/library/collection latency_human="144.253µs"
2026-07-12 01:56:17 |TRC| method=GET status=200 uri=/api/v1/library/collection latency_human="97.415µs"
2026-07-12 01:56:17 |TRC| method=GET status=200 uri=/api/v1/anilist/collection latency_human="66.997µs"
2026-07-12 01:56:17 |TRC| method=GET status=200 uri=/api/v1/anilist/collection latency_human="66.827µs"
2026-07-12 01:56:17 |TRC| method=GET status=200 uri=/api/v1/library/missing-episodes latency_human="409.546µs"
2026-07-12 01:56:17 |TRC| method=GET status=200 uri=/api/v1/library/missing-episodes latency_human="67.378µs"
2026-07-12 01:56:17 |INF| anilist > Successful Request rlr=28 rtt=404ms
2026-07-12 01:56:17 |TRC| ws > Sending message type=refreshed-anilist-manga-collection
2026-07-12 01:56:17 |TRC| method=GET status=200 uri=/api/v1/manga/collection latency_human="137.38µs"
2026-07-12 01:56:17 |TRC| method=GET status=200 uri=/api/v1/manga/collection latency_human="113.305µs"
2026-07-12 01:56:18 |TRC| method=GET status=200 uri=/api/v1/status latency_human="340.395µs"
2026-07-12 01:56:20 |TRC| method=GET status=200 uri=/api/v1/status latency_human="227.06µs"
2026-07-12 01:56:22 |TRC| method=GET status=200 uri=/api/v1/status latency_human="210.329µs"
2026-07-12 01:56:24 |TRC| method=GET status=200 uri=/api/v1/status latency_human="159.032µs"
2026-07-12 01:56:26 |TRC| method=GET status=200 uri=/api/v1/status latency_human="242.87µs"
2026-07-12 01:56:28 |TRC| method=GET status=200 uri=/api/v1/status latency_human="252.749µs"
2026-07-12 01:56:30 |TRC| method=GET status=200 uri=/api/v1/status latency_human="179.681µs"
2026-07-12 01:56:32 |TRC| method=GET status=200 uri=/api/v1/status latency_human="190.271µs"
2026-07-12 01:56:34 |TRC| method=GET status=200 uri=/api/v1/status latency_human="157.489µs"
2026-07-12 01:56:36 |TRC| method=GET status=200 uri=/api/v1/status latency_human="163.58µs"
2026-07-12 01:56:38 |TRC| method=GET status=200 uri=/api/v1/status latency_human="173.459µs"
2026-07-12 01:56:40 |TRC| method=GET status=200 uri=/api/v1/status latency_human="187.695µs"
2026-07-12 01:56:42 |TRC| method=GET status=200 uri=/api/v1/status latency_human="181.384µs"
2026-07-12 01:56:44 |TRC| method=GET status=200 uri=/api/v1/status latency_human="232.641µs"
2026-07-12 01:56:46 |TRC| method=GET status=200 uri=/api/v1/status latency_human="160.033µs"
2026-07-12 01:56:48 |TRC| method=GET status=200 uri=/api/v1/status latency_human="182.235µs"
2026-07-12 01:56:50 |TRC| method=GET status=200 uri=/api/v1/status latency_human="164.712µs"
2026-07-12 01:56:52 |TRC| method=GET status=200 uri=/api/v1/status latency_human="255.614µs"
2026-07-12 01:56:54 |TRC| method=GET status=200 uri=/api/v1/status latency_human="191.613µs"
2026-07-12 01:56:56 |TRC| method=GET status=200 uri=/api/v1/status latency_human="261.465µs"
2026-07-12 01:56:58 |TRC| method=GET status=200 uri=/api/v1/status latency_human="175.012µs"
2026-07-12 01:57:00 |TRC| method=GET status=200 uri=/api/v1/status latency_human="187.465µs"
2026-07-12 01:57:02 |TRC| method=GET status=200 uri=/api/v1/status latency_human="196.823µs"
2026-07-12 01:57:04 |TRC| method=GET status=200 uri=/api/v1/status latency_human="189.82µs"
2026-07-12 01:57:06 |TRC| method=GET status=200 uri=/api/v1/status latency_human="161.165µs"
2026-07-12 01:57:08 |TRC| method=GET status=200 uri=/api/v1/status latency_human="171.605µs"
2026-07-12 01:57:10 |TRC| method=GET status=200 uri=/api/v1/status latency_human="200.951µs"
2026-07-12 01:57:12 |TRC| method=GET status=200 uri=/api/v1/status latency_human="156.887µs"
2026-07-12 01:57:14 |TRC| method=GET status=200 uri=/api/v1/status latency_human="244.473µs"
2026-07-12 01:57:16 |TRC| method=GET status=200 uri=/api/v1/status latency_human="127.842µs"
2026-07-12 01:57:18 |TRC| method=GET status=200 uri=/api/v1/status latency_human="225.478µs"
2026-07-12 01:57:20 |TRC| method=GET status=200 uri=/api/v1/status latency_human="193.897µs"
2026-07-12 01:57:22 |TRC| method=GET status=200 uri=/api/v1/status latency_human="153.361µs"
2026-07-12 01:57:24 |TRC| method=GET status=200 uri=/api/v1/status latency_human="270.793µs"
2026-07-12 01:57:26 |TRC| method=GET status=200 uri=/api/v1/status latency_human="164.902µs"
2026-07-12 01:57:28 |TRC| method=GET status=200 uri=/api/v1/status latency_human="242.78µs"
2026-07-12 01:57:30 |TRC| method=GET status=200 uri=/api/v1/status latency_human="159.713µs"
2026-07-12 01:57:32 |TRC| method=GET status=200 uri=/api/v1/status latency_human="178.448µs"
2026-07-12 01:57:34 |TRC| method=GET status=200 uri=/api/v1/status latency_human="363.458µs"
2026-07-12 01:57:36 |TRC| method=GET status=200 uri=/api/v1/status latency_human="158.169µs"
2026-07-12 01:57:38 |TRC| method=GET status=200 uri=/api/v1/status latency_human="155.755µs"
2026-07-12 01:57:40 |TRC| method=GET status=200 uri=/api/v1/status latency_human="155.234µs"
2026-07-12 01:57:42 |TRC| method=GET status=200 uri=/api/v1/status latency_human="150.565µs"
2026-07-12 01:57:44 |TRC| method=GET status=200 uri=/api/v1/status latency_human="196.883µs"
2026-07-12 01:57:46 |TRC| method=GET status=200 uri=/api/v1/status latency_human="327.731µs"
2026-07-12 01:57:48 |TRC| method=GET status=200 uri=/api/v1/status latency_human="170.122µs"
2026-07-12 01:57:50 |TRC| method=GET status=200 uri=/api/v1/status latency_human="364.58µs"
2026-07-12 01:57:52 |TRC| method=GET status=200 uri=/api/v1/status latency_human="307.793µs"
2026-07-12 01:57:54 |TRC| method=GET status=200 uri=/api/v1/status latency_human="227.19µs"
2026-07-12 01:57:56 |TRC| method=GET status=200 uri=/api/v1/status latency_human="191.352µs"
2026-07-12 01:57:58 |TRC| method=GET status=200 uri=/api/v1/status latency_human="194.068µs"
2026-07-12 01:58:00 |TRC| method=GET status=200 uri=/api/v1/status latency_human="170.172µs"
2026-07-12 01:58:02 |TRC| method=GET status=200 uri=/api/v1/status latency_human="384.458µs"
2026-07-12 01:58:04 |TRC| method=GET status=200 uri=/api/v1/status latency_human="284.058µs"
2026-07-12 01:58:06 |TRC| method=GET status=200 uri=/api/v1/status latency_human="185.902µs"
2026-07-12 01:58:08 |TRC| method=GET status=200 uri=/api/v1/status latency_human="226.88µs"
2026-07-12 01:58:10 |TRC| method=GET status=200 uri=/api/v1/status latency_human="202.294µs"
2026-07-12 01:58:12 |TRC| method=GET status=200 uri=/api/v1/status latency_human="160.795µs"
2026-07-12 01:58:14 |TRC| method=GET status=200 uri=/api/v1/status latency_human="172.187µs"
2026-07-12 01:58:16 |TRC| method=GET status=200 uri=/api/v1/status latency_human="173.569µs"
2026-07-12 01:58:18 |TRC| method=GET status=200 uri=/api/v1/status latency_human="134.164µs"
2026-07-12 01:58:20 |TRC| method=GET status=200 uri=/api/v1/status latency_human="148.512µs"
2026-07-12 01:58:22 |TRC| method=GET status=200 uri=/api/v1/status latency_human="163.3µs"
2026-07-12 01:58:24 |TRC| method=GET status=200 uri=/api/v1/status latency_human="157.017µs"
2026-07-12 01:58:26 |TRC| method=GET status=200 uri=/api/v1/status latency_human="281.773µs"
2026-07-12 01:58:28 |TRC| method=GET status=200 uri=/api/v1/status latency_human="161.726µs"
2026-07-12 01:58:30 |TRC| method=GET status=200 uri=/api/v1/status latency_human="241.097µs"
2026-07-12 01:58:32 |TRC| method=GET status=200 uri=/api/v1/status latency_human="225.337µs"
2026-07-12 01:58:34 |TRC| method=GET status=200 uri=/api/v1/status latency_human="151.907µs"
2026-07-12 01:58:36 |TRC| method=GET status=200 uri=/api/v1/status latency_human="168.429µs"
2026-07-12 01:58:38 |TRC| method=GET status=200 uri=/api/v1/status latency_human="159.983µs"
2026-07-12 01:58:40 |TRC| method=GET status=200 uri=/api/v1/status latency_human="171.335µs"
2026-07-12 01:58:42 |TRC| method=GET status=200 uri=/api/v1/status latency_human="169.612µs"
2026-07-12 01:58:44 |TRC| method=GET status=200 uri=/api/v1/status latency_human="174.099µs"
2026-07-12 01:58:46 |TRC| method=GET status=200 uri=/api/v1/status latency_human="226.298µs"
2026-07-12 01:58:48 |TRC| method=GET status=200 uri=/api/v1/status latency_human="176.976µs"
2026-07-12 01:58:50 |TRC| method=GET status=200 uri=/api/v1/status latency_human="159.312µs"
2026-07-12 01:58:52 |TRC| method=GET status=200 uri=/api/v1/status latency_human="164.081µs"
2026-07-12 01:58:54 |TRC| method=GET status=200 uri=/api/v1/status latency_human="161.285µs"
2026-07-12 01:58:56 |TRC| method=GET status=200 uri=/api/v1/status latency_human="159.282µs"
2026-07-12 01:58:58 |TRC| method=GET status=200 uri=/api/v1/status latency_human="211.411µs"
2026-07-12 01:59:00 |TRC| method=GET status=200 uri=/api/v1/status latency_human="248.992µs"
2026-07-12 01:59:02 |TRC| method=GET status=200 uri=/api/v1/status latency_human="143.642µs"
2026-07-12 01:59:04 |TRC| method=GET status=200 uri=/api/v1/status latency_human="192.595µs"
2026-07-12 01:59:06 |TRC| method=GET status=200 uri=/api/v1/status latency_human="168.469µs"
2026-07-12 01:59:08 |TRC| method=GET status=200 uri=/api/v1/status latency_human="201.843µs"
2026-07-12 01:59:10 |TRC| method=GET status=200 uri=/api/v1/status latency_human="227.13µs"
2026-07-12 01:59:12 |TRC| method=GET status=200 uri=/api/v1/status latency_human="158.18µs"
2026-07-12 01:59:14 |TRC| method=GET status=200 uri=/api/v1/status latency_human="163.56µs"
2026-07-12 01:59:16 |TRC| method=GET status=200 uri=/api/v1/status latency_human="154.934µs"
2026-07-12 01:59:18 |TRC| method=GET status=200 uri=/api/v1/status latency_human="183.678µs"
2026-07-12 01:59:20 |TRC| method=GET status=200 uri=/api/v1/status latency_human="164.772µs"
2026-07-12 01:59:22 |TRC| method=GET status=200 uri=/api/v1/status latency_human="154.804µs"
2026-07-12 01:59:24 |TRC| method=GET status=200 uri=/api/v1/status latency_human="156.747µs"
2026-07-12 01:59:26 |TRC| method=GET status=200 uri=/api/v1/status latency_human="158.861µs"
2026-07-12 01:59:28 |TRC| method=GET status=200 uri=/api/v1/status latency_human="157.538µs"
2026-07-12 01:59:30 |TRC| method=GET status=200 uri=/api/v1/status latency_human="167.317µs"
2026-07-12 01:59:32 |TRC| method=GET status=200 uri=/api/v1/status latency_human="174.231µs"
2026-07-12 01:59:34 |TRC| method=GET status=200 uri=/api/v1/status latency_human="161.195µs"
2026-07-12 01:59:36 |TRC| method=GET status=200 uri=/api/v1/status latency_human="156.657µs"
2026-07-12 01:59:38 |TRC| method=GET status=200 uri=/api/v1/status latency_human="168.629µs"
2026-07-12 01:59:40 |TRC| method=GET status=200 uri=/api/v1/status latency_human="266.545µs"
2026-07-12 01:59:42 |TRC| method=GET status=200 uri=/api/v1/status latency_human="165.574µs"
2026-07-12 01:59:44 |TRC| method=GET status=200 uri=/api/v1/status latency_human="251.196µs"
2026-07-12 01:59:46 |TRC| method=GET status=200 uri=/api/v1/status latency_human="157.007µs"
2026-07-12 01:59:48 |TRC| method=GET status=200 uri=/api/v1/status latency_human="221.941µs"
2026-07-12 01:59:50 |TRC| method=GET status=200 uri=/api/v1/status latency_human="242.7µs"
2026-07-12 01:59:52 |TRC| method=GET status=200 uri=/api/v1/status latency_human="241.438µs"
2026-07-12 01:59:54 |TRC| method=GET status=200 uri=/api/v1/status latency_human="167.217µs"
2026-07-12 01:59:56 |TRC| method=GET status=200 uri=/api/v1/status latency_human="265.573µs"
2026-07-12 01:59:58 |TRC| method=GET status=200 uri=/api/v1/status latency_human="248.621µs"
2026-07-12 02:00:00 |TRC| method=GET status=200 uri=/api/v1/status latency_human="154.252µs"
2026-07-12 02:00:02 |TRC| method=GET status=200 uri=/api/v1/status latency_human="160.183µs"
2026-07-12 02:00:04 |TRC| method=GET status=200 uri=/api/v1/status latency_human="160.624µs"
2026-07-12 02:00:06 |TRC| method=GET status=200 uri=/api/v1/status latency_human="160.093µs"
2026-07-12 02:00:08 |TRC| method=GET status=200 uri=/api/v1/status latency_human="217.743µs"
2026-07-12 02:00:10 |TRC| method=GET status=200 uri=/api/v1/status latency_human="156.927µs"
2026-07-12 02:00:12 |TRC| method=GET status=200 uri=/api/v1/status latency_human="157.308µs"
2026-07-12 02:00:14 |TRC| method=GET status=200 uri=/api/v1/status latency_human="162.869µs"
2026-07-12 02:00:16 |TRC| method=GET status=200 uri=/api/v1/status latency_human="232.27µs"
2026-07-12 02:00:18 |TRC| method=GET status=200 uri=/api/v1/status latency_human="165.003µs"
2026-07-12 02:00:20 |TRC| method=GET status=200 uri=/api/v1/status latency_human="165.123µs"
2026-07-12 02:00:22 |TRC| method=GET status=200 uri=/api/v1/status latency_human="160.344µs"
2026-07-12 02:00:24 |TRC| method=GET status=200 uri=/api/v1/status latency_human="138.863µs"
2026-07-12 02:00:26 |TRC| method=GET status=200 uri=/api/v1/status latency_human="156.817µs"
2026-07-12 02:00:28 |TRC| method=GET status=200 uri=/api/v1/status latency_human="160.454µs"
2026-07-12 02:00:30 |TRC| method=GET status=200 uri=/api/v1/status latency_human="169.04µs"
2026-07-12 02:00:32 |TRC| method=GET status=200 uri=/api/v1/status latency_human="158.811µs"
2026-07-12 02:00:34 |TRC| method=GET status=200 uri=/api/v1/status latency_human="129.275µs"
2026-07-12 02:00:36 |TRC| method=GET status=200 uri=/api/v1/status latency_human="161.345µs"
2026-07-12 02:00:38 |TRC| method=GET status=200 uri=/api/v1/status latency_human="159.592µs"
2026-07-12 02:00:40 |TRC| method=GET status=200 uri=/api/v1/status latency_human="159.282µs"
2026-07-12 02:00:42 |TRC| method=GET status=200 uri=/api/v1/status latency_human="160.825µs"
2026-07-12 02:00:44 |TRC| method=GET status=200 uri=/api/v1/status latency_human="159.151µs"
2026-07-12 02:00:46 |TRC| method=GET status=200 uri=/api/v1/status latency_human="158.451µs"
2026-07-12 02:00:48 |TRC| method=GET status=200 uri=/api/v1/status latency_human="159.893µs"
2026-07-12 02:00:50 |TRC| method=GET status=200 uri=/api/v1/status latency_human="189.409µs"
2026-07-12 02:00:52 |TRC| method=GET status=200 uri=/api/v1/status latency_human="185.642µs"
2026-07-12 02:00:54 |TRC| method=GET status=200 uri=/api/v1/status latency_human="151.557µs"
2026-07-12 02:00:56 |TRC| method=GET status=200 uri=/api/v1/status latency_human="247.188µs"
2026-07-12 02:00:58 |TRC| method=GET status=200 uri=/api/v1/status latency_human="161.856µs"
2026-07-12 02:01:00 |TRC| method=GET status=200 uri=/api/v1/status latency_human="176.123µs"
2026-07-12 02:01:02 |TRC| method=GET status=200 uri=/api/v1/status latency_human="189.269µs"
2026-07-12 02:01:04 |TRC| method=GET status=200 uri=/api/v1/status latency_human="213.174µs"
2026-07-12 02:01:06 |TRC| method=GET status=200 uri=/api/v1/status latency_human="191.022µs"
2026-07-12 02:01:08 |TRC| method=GET status=200 uri=/api/v1/status latency_human="194.558µs"
2026-07-12 02:01:10 |TRC| method=GET status=200 uri=/api/v1/status latency_human="186.774µs"
2026-07-12 02:01:12 |TRC| method=GET status=200 uri=/api/v1/status latency_human="208.295µs"
2026-07-12 02:01:14 |TRC| method=GET status=200 uri=/api/v1/status latency_human="205.78µs"
2026-07-12 02:01:16 |TRC| method=GET status=200 uri=/api/v1/status latency_human="217.111µs"
2026-07-12 02:01:18 |TRC| method=GET status=200 uri=/api/v1/status latency_human="202.163µs"
2026-07-12 02:01:20 |TRC| method=GET status=200 uri=/api/v1/status latency_human="184.168µs"
2026-07-12 02:01:22 |TRC| method=GET status=200 uri=/api/v1/status latency_human="344.262µs"
2026-07-12 02:01:24 |TRC| method=GET status=200 uri=/api/v1/status latency_human="223.583µs"
2026-07-12 02:01:26 |TRC| method=GET status=200 uri=/api/v1/status latency_human="237.25µs"
2026-07-12 02:01:28 |TRC| method=GET status=200 uri=/api/v1/status latency_human="177.185µs"
2026-07-12 02:01:30 |TRC| method=GET status=200 uri=/api/v1/status latency_human="195.771µs"
2026-07-12 02:01:32 |TRC| method=GET status=200 uri=/api/v1/status latency_human="198.586µs"
2026-07-12 02:01:34 |TRC| method=GET status=200 uri=/api/v1/status latency_human="242.79µs"
2026-07-12 02:01:36 |TRC| method=GET status=200 uri=/api/v1/status latency_human="246.226µs"
2026-07-12 02:01:38 |TRC| method=GET status=200 uri=/api/v1/status latency_human="223.614µs"
2026-07-12 02:01:40 |TRC| method=GET status=200 uri=/api/v1/status latency_human="182.456µs"
2026-07-12 02:01:42 |TRC| method=GET status=200 uri=/api/v1/status latency_human=1.121896ms
2026-07-12 02:01:44 |TRC| method=GET status=200 uri=/api/v1/status latency_human="305.549µs"
2026-07-12 02:01:46 |TRC| method=GET status=200 uri=/api/v1/status latency_human="205.279µs"
2026-07-12 02:01:48 |TRC| method=GET status=200 uri=/api/v1/status latency_human="225.067µs"
2026-07-12 02:01:50 |TRC| method=GET status=200 uri=/api/v1/status latency_human="209.156µs"
2026-07-12 02:01:52 |TRC| method=GET status=200 uri=/api/v1/status latency_human="233.071µs"
2026-07-12 02:01:54 |TRC| method=GET status=200 uri=/api/v1/status latency_human="239.353µs"
2026-07-12 02:01:56 |TRC| method=GET status=200 uri=/api/v1/status latency_human="181.173µs"
2026-07-12 02:01:58 |TRC| method=GET status=200 uri=/api/v1/status latency_human="261.556µs"
2026-07-12 02:02:00 |TRC| method=GET status=200 uri=/api/v1/status latency_human="285.752µs"
2026-07-12 02:02:02 |TRC| method=GET status=200 uri=/api/v1/status latency_human="222.281µs"
2026-07-12 02:02:04 |TRC| method=GET status=200 uri=/api/v1/status latency_human="221.459µs"
2026-07-12 02:02:06 |TRC| method=GET status=200 uri=/api/v1/status latency_human="250.614µs"
2026-07-12 02:02:08 |TRC| method=GET status=200 uri=/api/v1/status latency_human="304.146µs"
2026-07-12 02:02:10 |TRC| method=GET status=200 uri=/api/v1/status latency_human="179.55µs"
2026-07-12 02:02:12 |TRC| method=GET status=200 uri=/api/v1/status latency_human="211.461µs"
2026-07-12 02:02:14 |TRC| method=GET status=200 uri=/api/v1/status latency_human="325.176µs"
2026-07-12 02:02:16 |TRC| method=GET status=200 uri=/api/v1/status latency_human="218.664µs"
2026-07-12 02:02:18 |TRC| method=GET status=200 uri=/api/v1/status latency_human="214.707µs"
2026-07-12 02:02:20 |TRC| method=GET status=200 uri=/api/v1/status latency_human="250.455µs"
2026-07-12 02:02:22 |TRC| method=GET status=200 uri=/api/v1/status latency_human="245.385µs"
2026-07-12 02:02:24 |TRC| method=GET status=200 uri=/api/v1/status latency_human="212.212µs"
2026-07-12 02:02:26 |TRC| method=GET status=200 uri=/api/v1/status latency_human="308.395µs"
2026-07-12 02:02:28 |TRC| method=GET status=200 uri=/api/v1/status latency_human=2.442838ms
2026-07-12 02:02:30 |TRC| method=GET status=200 uri=/api/v1/status latency_human="262.718µs"
2026-07-12 02:02:32 |TRC| method=GET status=200 uri=/api/v1/status latency_human="253.531µs"
2026-07-12 02:02:34 |TRC| method=GET status=200 uri=/api/v1/status latency_human="175.012µs"
2026-07-12 02:02:36 |TRC| method=GET status=200 uri=/api/v1/status latency_human="224.485µs"
2026-07-12 02:02:38 |TRC| method=GET status=200 uri=/api/v1/status latency_human="288.767µs"
2026-07-12 02:02:40 |TRC| method=GET status=200 uri=/api/v1/status latency_human="228.873µs"
2026-07-12 02:02:42 |TRC| method=GET status=200 uri=/api/v1/status latency_human="287.064µs"
2026-07-12 02:02:44 |TRC| method=GET status=200 uri=/api/v1/status latency_human="268.098µs"
2026-07-12 02:02:46 |TRC| method=GET status=200 uri=/api/v1/status latency_human="186.353µs"
2026-07-12 02:02:48 |TRC| method=GET status=200 uri=/api/v1/status latency_human="245.014µs"
2026-07-12 02:02:50 |TRC| method=GET status=200 uri=/api/v1/status latency_human="277.205µs"
2026-07-12 02:02:52 |TRC| method=GET status=200 uri=/api/v1/status latency_human="202.644µs"
2026-07-12 02:02:54 |TRC| method=GET status=200 uri=/api/v1/status latency_human="206.14µs"
2026-07-12 02:02:56 |TRC| method=GET status=200 uri=/api/v1/status latency_human="219.916µs"
2026-07-12 02:02:58 |TRC| method=GET status=200 uri=/api/v1/status latency_human="152.289µs"
2026-07-12 02:03:00 |TRC| method=GET status=200 uri=/api/v1/status latency_human="182.445µs"
2026-07-12 02:03:02 |TRC| method=GET status=200 uri=/api/v1/status latency_human="218.905µs"
2026-07-12 02:03:04 |TRC| method=GET status=200 uri=/api/v1/status latency_human="256.827µs"
2026-07-12 02:03:06 |TRC| method=GET status=200 uri=/api/v1/status latency_human="183.167µs"
2026-07-12 02:03:08 |TRC| method=GET status=200 uri=/api/v1/status latency_human="434.042µs"
2026-07-12 02:03:10 |TRC| method=GET status=200 uri=/api/v1/status latency_human="268.198µs"
2026-07-12 02:03:12 |TRC| method=GET status=200 uri=/api/v1/status latency_human="164.732µs"
2026-07-12 02:03:14 |TRC| method=GET status=200 uri=/api/v1/status latency_human="192.475µs"
2026-07-12 02:03:16 |TRC| method=GET status=200 uri=/api/v1/status latency_human="174.351µs"
2026-07-12 02:03:18 |TRC| method=GET status=200 uri=/api/v1/status latency_human="192.084µs"
2026-07-12 02:03:20 |TRC| method=GET status=200 uri=/api/v1/status latency_human="167.026µs"
2026-07-12 02:03:22 |TRC| method=GET status=200 uri=/api/v1/status latency_human="235.206µs"
2026-07-12 02:03:24 |TRC| method=GET status=200 uri=/api/v1/status latency_human="179.57µs"
2026-07-12 02:03:26 |TRC| method=GET status=200 uri=/api/v1/status latency_human="188.217µs"
2026-07-12 02:03:28 |TRC| method=GET status=200 uri=/api/v1/status latency_human="166.776µs"
2026-07-12 02:03:30 |TRC| method=GET status=200 uri=/api/v1/status latency_human="159.723µs"
2026-07-12 02:03:32 |TRC| method=GET status=200 uri=/api/v1/status latency_human="182.435µs"
2026-07-12 02:03:34 |TRC| method=GET status=200 uri=/api/v1/status latency_human="178.498µs"
2026-07-12 02:03:36 |TRC| method=GET status=200 uri=/api/v1/status latency_human="159.863µs"
2026-07-12 02:03:38 |TRC| method=GET status=200 uri=/api/v1/status latency_human="265.874µs"
2026-07-12 02:03:40 |TRC| method=GET status=200 uri=/api/v1/status latency_human="165.403µs"
2026-07-12 02:03:42 |TRC| method=GET status=200 uri=/api/v1/status latency_human="222.361µs"
2026-07-12 02:03:44 |TRC| method=GET status=200 uri=/api/v1/status latency_human="243.171µs"
2026-07-12 02:03:46 |TRC| method=GET status=200 uri=/api/v1/status latency_human="153.08µs"
2026-07-12 02:03:48 |TRC| method=GET status=200 uri=/api/v1/status latency_human="203.816µs"
2026-07-12 02:03:50 |TRC| method=GET status=200 uri=/api/v1/status latency_human="154.302µs"
2026-07-12 02:03:52 |TRC| method=GET status=200 uri=/api/v1/status latency_human="157.709µs"
2026-07-12 02:03:54 |TRC| method=GET status=200 uri=/api/v1/status latency_human="155.675µs"
2026-07-12 02:03:56 |TRC| method=GET status=200 uri=/api/v1/status latency_human="225.407µs"
2026-07-12 02:03:58 |TRC| method=GET status=200 uri=/api/v1/status latency_human="322.621µs"
2026-07-12 02:04:00 |TRC| method=GET status=200 uri=/api/v1/status latency_human="158.109µs"
2026-07-12 02:04:02 |TRC| method=GET status=200 uri=/api/v1/status latency_human="231.749µs"
2026-07-12 02:04:04 |TRC| method=GET status=200 uri=/api/v1/status latency_human="161.576µs"
2026-07-12 02:04:06 |TRC| method=GET status=200 uri=/api/v1/status latency_human="191.002µs"
2026-07-12 02:04:08 |TRC| method=GET status=200 uri=/api/v1/status latency_human="235.476µs"
2026-07-12 02:04:10 |TRC| method=GET status=200 uri=/api/v1/status latency_human="162.037µs"
2026-07-12 02:04:12 |TRC| method=GET status=200 uri=/api/v1/status latency_human="278.458µs"
2026-07-12 02:04:14 |TRC| method=GET status=200 uri=/api/v1/status latency_human="227.571µs"
2026-07-12 02:04:16 |TRC| method=GET status=200 uri=/api/v1/status latency_human="170.824µs"
2026-07-12 02:04:18 |TRC| method=GET status=200 uri=/api/v1/status latency_human="168.188µs"
2026-07-12 02:04:20 |TRC| method=GET status=200 uri=/api/v1/status latency_human="181.043µs"
2026-07-12 02:04:22 |TRC| method=GET status=200 uri=/api/v1/status latency_human="156.347µs"
2026-07-12 02:04:24 |TRC| method=GET status=200 uri=/api/v1/status latency_human="179.48µs"
2026-07-12 02:04:26 |TRC| method=GET status=200 uri=/api/v1/status latency_human="258.339µs"
2026-07-12 02:04:28 |TRC| method=GET status=200 uri=/api/v1/status latency_human="169.35µs"
2026-07-12 02:04:30 |TRC| method=GET status=200 uri=/api/v1/status latency_human="219.756µs"
2026-07-12 02:04:32 |TRC| method=GET status=200 uri=/api/v1/status latency_human="160.474µs"
2026-07-12 02:04:34 |TRC| method=GET status=200 uri=/api/v1/status latency_human="161.867µs"
2026-07-12 02:04:36 |TRC| method=GET status=200 uri=/api/v1/status latency_human="169.14µs"
2026-07-12 02:04:38 |TRC| method=GET status=200 uri=/api/v1/status latency_human="166.005µs"
2026-07-12 02:04:40 |TRC| method=GET status=200 uri=/api/v1/status latency_human="275.531µs"
2026-07-12 02:04:42 |TRC| method=GET status=200 uri=/api/v1/status latency_human="265.273µs"
2026-07-12 02:04:44 |TRC| method=GET status=200 uri=/api/v1/status latency_human="155.054µs"
2026-07-12 02:04:46 |TRC| method=GET status=200 uri=/api/v1/status latency_human="200.42µs"
2026-07-12 02:04:48 |TRC| method=GET status=200 uri=/api/v1/status latency_human="198.886µs"
2026-07-12 02:04:50 |TRC| method=GET status=200 uri=/api/v1/status latency_human="173.368µs"
2026-07-12 02:04:52 |TRC| method=GET status=200 uri=/api/v1/status latency_human="175.152µs"
2026-07-12 02:04:54 |TRC| method=GET status=200 uri=/api/v1/status latency_human="153.961µs"
2026-07-12 02:04:56 |TRC| method=GET status=200 uri=/api/v1/status latency_human="163.52µs"
2026-07-12 02:04:58 |TRC| method=GET status=200 uri=/api/v1/status latency_human="208.565µs"
2026-07-12 02:05:00 |TRC| method=GET status=200 uri=/api/v1/status latency_human="154.252µs"
2026-07-12 02:05:02 |TRC| method=GET status=200 uri=/api/v1/status latency_human="153.3µs"
2026-07-12 02:05:04 |TRC| method=GET status=200 uri=/api/v1/status latency_human="173.459µs"
2026-07-12 02:05:06 |TRC| method=GET status=200 uri=/api/v1/status latency_human="204.697µs"
2026-07-12 02:05:08 |TRC| method=GET status=200 uri=/api/v1/status latency_human="367.676µs"
2026-07-12 02:05:10 |TRC| method=GET status=200 uri=/api/v1/status latency_human="203.215µs"
2026-07-12 02:05:12 |TRC| method=GET status=200 uri=/api/v1/status latency_human="173.89µs"
2026-07-12 02:05:14 |TRC| method=GET status=200 uri=/api/v1/status latency_human="174.721µs"
2026-07-12 02:05:16 |TRC| method=GET status=200 uri=/api/v1/status latency_human="182.496µs"
2026-07-12 02:05:18 |TRC| method=GET status=200 uri=/api/v1/status latency_human="268.037µs"
2026-07-12 02:05:20 |TRC| method=GET status=200 uri=/api/v1/status latency_human="163.069µs"
2026-07-12 02:05:22 |TRC| method=GET status=200 uri=/api/v1/status latency_human="165.664µs"
2026-07-12 02:05:24 |TRC| method=GET status=200 uri=/api/v1/status latency_human="161.205µs"
2026-07-12 02:05:26 |TRC| method=GET status=200 uri=/api/v1/status latency_human="160.584µs"
2026-07-12 02:05:28 |TRC| method=GET status=200 uri=/api/v1/status latency_human="271.214µs"
2026-07-12 02:05:30 |TRC| method=GET status=200 uri=/api/v1/status latency_human="274.249µs"
2026-07-12 02:05:32 |TRC| method=GET status=200 uri=/api/v1/status latency_human="134.034µs"
2026-07-12 02:05:34 |TRC| method=GET status=200 uri=/api/v1/status latency_human="157.559µs"
2026-07-12 02:05:36 |TRC| method=GET status=200 uri=/api/v1/status latency_human="149.844µs"
2026-07-12 02:05:38 |TRC| method=GET status=200 uri=/api/v1/status latency_human="135.928µs"
2026-07-12 02:05:40 |TRC| method=GET status=200 uri=/api/v1/status latency_human="136.168µs"
2026-07-12 02:05:42 |TRC| method=GET status=200 uri=/api/v1/status latency_human="271.584µs"
2026-07-12 02:05:44 |TRC| method=GET status=200 uri=/api/v1/status latency_human="266.225µs"
2026-07-12 02:05:46 |TRC| method=GET status=200 uri=/api/v1/status latency_human="223.283µs"
2026-07-12 02:05:48 |TRC| method=GET status=200 uri=/api/v1/status latency_human="162.929µs"
2026-07-12 02:05:50 |TRC| method=GET status=200 uri=/api/v1/status latency_human="158.37µs"
2026-07-12 02:05:52 |TRC| method=GET status=200 uri=/api/v1/status latency_human="201.722µs"
2026-07-12 02:05:54 |TRC| method=GET status=200 uri=/api/v1/status latency_human="182.175µs"
2026-07-12 02:05:56 |TRC| method=GET status=200 uri=/api/v1/status latency_human="265.232µs"
2026-07-12 02:05:58 |TRC| method=GET status=200 uri=/api/v1/status latency_human="258.21µs"
2026-07-12 02:06:00 |TRC| method=GET status=200 uri=/api/v1/status latency_human="170.503µs"
2026-07-12 02:06:02 |TRC| method=GET status=200 uri=/api/v1/status latency_human="231.018µs"
2026-07-12 02:06:04 |TRC| method=GET status=200 uri=/api/v1/status latency_human="160.164µs"
2026-07-12 02:06:06 |TRC| method=GET status=200 uri=/api/v1/status latency_human="244.503µs"
2026-07-12 02:06:08 |TRC| method=GET status=200 uri=/api/v1/status latency_human="244.323µs"
2026-07-12 02:06:10 |TRC| method=GET status=200 uri=/api/v1/status latency_human="167.728µs"
2026-07-12 02:06:12 |TRC| method=GET status=200 uri=/api/v1/status latency_human="178.027µs"
2026-07-12 02:06:14 |TRC| method=GET status=200 uri=/api/v1/status latency_human="204.447µs"
2026-07-12 02:06:16 |TRC| method=GET status=200 uri=/api/v1/status latency_human="164.321µs"
2026-07-12 02:06:16 |DBG| anilist > Fetching anime collection
2026-07-12 02:06:16 |TRC| ws > Sending message type=check-for-announcements
2026-07-12 02:06:16 |TRC| method=POST status=200 uri=/api/v1/announcements latency_human="187.736µs"
2026-07-12 02:06:17 |INF| anilist > Successful Request rlr=29 rtt=720ms
2026-07-12 02:06:17 |TRC| ws > Sending message type=refreshed-anilist-anime-collection
2026-07-12 02:06:17 |DBG| anilist > Fetching manga collection
2026-07-12 02:06:17 |TRC| method=GET status=200 uri=/api/v1/library/collection latency_human="112.313µs"
2026-07-12 02:06:17 |TRC| method=GET status=200 uri=/api/v1/library/collection latency_human="111.562µs"
2026-07-12 02:06:17 |TRC| method=GET status=200 uri=/api/v1/anilist/collection latency_human="71.906µs"
2026-07-12 02:06:17 |TRC| method=GET status=200 uri=/api/v1/anilist/collection latency_human="60.184µs"
2026-07-12 02:06:17 |TRC| method=GET status=200 uri=/api/v1/library/missing-episodes latency_human="259.862µs"
2026-07-12 02:06:17 |TRC| method=GET status=200 uri=/api/v1/library/missing-episodes latency_human="63.21µs"
2026-07-12 02:06:17 |INF| anilist > Successful Request rlr=28 rtt=504ms
2026-07-12 02:06:17 |TRC| ws > Sending message type=refreshed-anilist-manga-collection
2026-07-12 02:06:17 |TRC| method=GET status=200 uri=/api/v1/manga/collection latency_human="82.556µs"
2026-07-12 02:06:17 |TRC| method=GET status=200 uri=/api/v1/manga/collection latency_human="73.68µs"
2026-07-12 02:06:18 |TRC| method=GET status=200 uri=/api/v1/status latency_human="243.752µs"
2026-07-12 02:06:20 |TRC| method=GET status=200 uri=/api/v1/status latency_human="161.767µs"
2026-07-12 02:06:22 |TRC| method=GET status=200 uri=/api/v1/status latency_human="193.436µs"
2026-07-12 02:06:24 |TRC| method=GET status=200 uri=/api/v1/status latency_human="147.319µs"
2026-07-12 02:06:26 |TRC| method=GET status=200 uri=/api/v1/status latency_human="197.625µs"
2026-07-12 02:06:28 |TRC| method=GET status=200 uri=/api/v1/status latency_human="162.177µs"
2026-07-12 02:06:30 |TRC| method=GET status=200 uri=/api/v1/status latency_human="162.147µs"
2026-07-12 02:06:32 |TRC| method=GET status=200 uri=/api/v1/status latency_human="165.132µs"
2026-07-12 02:06:34 |TRC| method=GET status=200 uri=/api/v1/status latency_human="142.66µs"
2026-07-12 02:06:36 |TRC| method=GET status=200 uri=/api/v1/status latency_human="191.783µs"
2026-07-12 02:06:38 |TRC| method=GET status=200 uri=/api/v1/status latency_human="162.889µs"
2026-07-12 02:06:40 |TRC| method=GET status=200 uri=/api/v1/status latency_human="188.487µs"
2026-07-12 02:06:42 |TRC| method=GET status=200 uri=/api/v1/status latency_human="278.317µs"
2026-07-12 02:06:44 |TRC| method=GET status=200 uri=/api/v1/status latency_human="278.838µs"
2026-07-12 02:06:46 |TRC| method=GET status=200 uri=/api/v1/status latency_human="223.713µs"
2026-07-12 02:06:48 |TRC| method=GET status=200 uri=/api/v1/status latency_human="187.635µs"
2026-07-12 02:06:50 |TRC| method=GET status=200 uri=/api/v1/status latency_human="200.359µs"
2026-07-12 02:06:52 |TRC| method=GET status=200 uri=/api/v1/status latency_human="265.663µs"
2026-07-12 02:06:54 |TRC| method=GET status=200 uri=/api/v1/status latency_human="161.636µs"
2026-07-12 02:06:56 |TRC| method=GET status=200 uri=/api/v1/status latency_human="247.69µs"
2026-07-12 02:06:58 |TRC| method=GET status=200 uri=/api/v1/status latency_human="238.943µs"
2026-07-12 02:07:00 |TRC| method=GET status=200 uri=/api/v1/status latency_human="151.958µs"
2026-07-12 02:07:02 |TRC| method=GET status=200 uri=/api/v1/status latency_human="273.287µs"
2026-07-12 02:07:04 |TRC| method=GET status=200 uri=/api/v1/status latency_human="193.006µs"
2026-07-12 02:07:06 |TRC| method=GET status=200 uri=/api/v1/status latency_human="171.135µs"
2026-07-12 02:07:08 |TRC| method=GET status=200 uri=/api/v1/status latency_human="169.752µs"
2026-07-12 02:07:10 |TRC| method=GET status=200 uri=/api/v1/status latency_human="255.624µs"
2026-07-12 02:07:12 |TRC| method=GET status=200 uri=/api/v1/status latency_human="157.549µs"
2026-07-12 02:07:14 |TRC| method=GET status=200 uri=/api/v1/status latency_human="253.971µs"
2026-07-12 02:07:16 |TRC| method=GET status=200 uri=/api/v1/status latency_human="163.941µs"
2026-07-12 02:07:18 |TRC| method=GET status=200 uri=/api/v1/status latency_human="200.63µs"
2026-07-12 02:07:20 |TRC| method=GET status=200 uri=/api/v1/status latency_human="147.74µs"
2026-07-12 02:07:22 |TRC| method=GET status=200 uri=/api/v1/status latency_human="187.746µs"
2026-07-12 02:07:24 |TRC| method=GET status=200 uri=/api/v1/status latency_human="149.964µs"
2026-07-12 02:07:26 |TRC| method=GET status=200 uri=/api/v1/status latency_human="197.494µs"
2026-07-12 02:07:28 |TRC| method=GET status=200 uri=/api/v1/status latency_human="239.213µs"
2026-07-12 02:07:30 |TRC| method=GET status=200 uri=/api/v1/status latency_human="160.915µs"
2026-07-12 02:07:32 |TRC| method=GET status=200 uri=/api/v1/status latency_human="221.239µs"
2026-07-12 02:07:34 |TRC| method=GET status=200 uri=/api/v1/status latency_human="138.482µs"
2026-07-12 02:07:36 |TRC| method=GET status=200 uri=/api/v1/status latency_human="229.004µs"
2026-07-12 02:07:38 |TRC| method=GET status=200 uri=/api/v1/status latency_human="178.067µs"
2026-07-12 02:07:40 |TRC| method=GET status=200 uri=/api/v1/status latency_human="185.632µs"
2026-07-12 02:07:42 |TRC| method=GET status=200 uri=/api/v1/status latency_human="136.288µs"
2026-07-12 02:07:44 |TRC| method=GET status=200 uri=/api/v1/status latency_human="189.569µs"
2026-07-12 02:07:46 |TRC| method=GET status=200 uri=/api/v1/status latency_human="185.151µs"
2026-07-12 02:07:48 |TRC| method=GET status=200 uri=/api/v1/status latency_human="155.033µs"
2026-07-12 02:07:50 |TRC| method=GET status=200 uri=/api/v1/status latency_human="155.976µs"
2026-07-12 02:07:52 |TRC| method=GET status=200 uri=/api/v1/status latency_human="245.816µs"
2026-07-12 02:07:54 |TRC| method=GET status=200 uri=/api/v1/status latency_human="169.651µs"
2026-07-12 02:07:56 |TRC| method=GET status=200 uri=/api/v1/status latency_human="252.198µs"
2026-07-12 02:07:58 |TRC| method=GET status=200 uri=/api/v1/status latency_human="166.114µs"
2026-07-12 02:08:00 |TRC| method=GET status=200 uri=/api/v1/status latency_human="161.015µs"
2026-07-12 02:08:02 |TRC| method=GET status=200 uri=/api/v1/status latency_human="153.33µs"
2026-07-12 02:08:04 |TRC| method=GET status=200 uri=/api/v1/status latency_human="240.596µs"
2026-07-12 02:08:06 |TRC| method=GET status=200 uri=/api/v1/status latency_human="171.565µs"
2026-07-12 02:08:08 |TRC| method=GET status=200 uri=/api/v1/status latency_human="266.334µs"
2026-07-12 02:08:10 |TRC| method=GET status=200 uri=/api/v1/status latency_human="266.815µs"
2026-07-12 02:08:12 |TRC| method=GET status=200 uri=/api/v1/status latency_human="121.821µs"
2026-07-12 02:08:14 |TRC| method=GET status=200 uri=/api/v1/status latency_human="160.283µs"
2026-07-12 02:08:16 |TRC| method=GET status=200 uri=/api/v1/status latency_human="179.29µs"
2026-07-12 02:08:18 |TRC| method=GET status=200 uri=/api/v1/status latency_human="164.091µs"
2026-07-12 02:08:20 |TRC| method=GET status=200 uri=/api/v1/status latency_human="161.196µs"
2026-07-12 02:08:22 |TRC| method=GET status=200 uri=/api/v1/status latency_human="239.735µs"
2026-07-12 02:08:24 |TRC| method=GET status=200 uri=/api/v1/status latency_human="170.433µs"
2026-07-12 02:08:26 |TRC| method=GET status=200 uri=/api/v1/status latency_human="220.617µs"
2026-07-12 02:08:28 |TRC| method=GET status=200 uri=/api/v1/status latency_human="233.181µs"
2026-07-12 02:08:30 |TRC| method=GET status=200 uri=/api/v1/status latency_human="160.534µs"
2026-07-12 02:08:32 |TRC| method=GET status=200 uri=/api/v1/status latency_human="229.926µs"
2026-07-12 02:08:34 |TRC| method=GET status=200 uri=/api/v1/status latency_human="195.309µs"
2026-07-12 02:08:36 |TRC| method=GET status=200 uri=/api/v1/status latency_human="159.302µs"
2026-07-12 02:08:38 |TRC| method=GET status=200 uri=/api/v1/status latency_human="185.842µs"
2026-07-12 02:08:40 |TRC| method=GET status=200 uri=/api/v1/status latency_human="239.012µs"
2026-07-12 02:08:42 |TRC| method=GET status=200 uri=/api/v1/status latency_human="226.77µs"
2026-07-12 02:08:44 |TRC| method=GET status=200 uri=/api/v1/status latency_human="157.849µs"
2026-07-12 02:08:46 |TRC| method=GET status=200 uri=/api/v1/status latency_human="159.923µs"
2026-07-12 02:08:48 |TRC| method=GET status=200 uri=/api/v1/status latency_human="162.348µs"
2026-07-12 02:08:50 |TRC| method=GET status=200 uri=/api/v1/status latency_human="164.321µs"
2026-07-12 02:08:52 |TRC| method=GET status=200 uri=/api/v1/status latency_human="171.374µs"
2026-07-12 02:08:54 |TRC| method=GET status=200 uri=/api/v1/status latency_human="160.274µs"
2026-07-12 02:08:56 |TRC| method=GET status=200 uri=/api/v1/status latency_human="155.765µs"
2026-07-12 02:08:58 |TRC| method=GET status=200 uri=/api/v1/status latency_human="180.803µs"
2026-07-12 02:09:00 |TRC| method=GET status=200 uri=/api/v1/status latency_human="191.784µs"
2026-07-12 02:09:02 |TRC| method=GET status=200 uri=/api/v1/status latency_human="166.339µs"
2026-07-12 02:09:04 |TRC| method=GET status=200 uri=/api/v1/status latency_human="154.087µs"
2026-07-12 02:09:06 |TRC| method=GET status=200 uri=/api/v1/status latency_human="149.789µs"
2026-07-12 02:09:08 |TRC| method=GET status=200 uri=/api/v1/status latency_human="155.781µs"
2026-07-12 02:09:10 |TRC| method=GET status=200 uri=/api/v1/status latency_human="192.557µs"
2026-07-12 02:09:12 |TRC| method=GET status=200 uri=/api/v1/status latency_human="172.761µs"
2026-07-12 02:09:14 |TRC| method=GET status=200 uri=/api/v1/status latency_human="152.624µs"
2026-07-12 02:09:16 |TRC| method=GET status=200 uri=/api/v1/status latency_human="165.428µs"
2026-07-12 02:09:18 |TRC| method=GET status=200 uri=/api/v1/status latency_human="175.255µs"
2026-07-12 02:09:20 |TRC| method=GET status=200 uri=/api/v1/status latency_human="166.019µs"
2026-07-12 02:09:22 |TRC| method=GET status=200 uri=/api/v1/status latency_human="226.758µs"
2026-07-12 02:09:24 |TRC| method=GET status=200 uri=/api/v1/status latency_human="154.077µs"
2026-07-12 02:09:26 |TRC| method=GET status=200 uri=/api/v1/status latency_human="201.032µs"
2026-07-12 02:09:28 |TRC| method=GET status=200 uri=/api/v1/status latency_human="171.95µs"
2026-07-12 02:09:30 |TRC| method=GET status=200 uri=/api/v1/status latency_human="303.938µs"
2026-07-12 02:09:32 |TRC| method=GET status=200 uri=/api/v1/status latency_human="164.606µs"
2026-07-12 02:09:34 |TRC| method=GET status=200 uri=/api/v1/status latency_human="258.446µs"
2026-07-12 02:09:36 |TRC| method=GET status=200 uri=/api/v1/status latency_human="168.193µs"
2026-07-12 02:09:38 |TRC| method=GET status=200 uri=/api/v1/status latency_human="226.749µs"
2026-07-12 02:09:40 |TRC| method=GET status=200 uri=/api/v1/status latency_human="146.273µs"
2026-07-12 02:09:42 |TRC| method=GET status=200 uri=/api/v1/status latency_human="157.274µs"
2026-07-12 02:09:44 |TRC| method=GET status=200 uri=/api/v1/status latency_human="182.9µs"
2026-07-12 02:09:46 |TRC| method=GET status=200 uri=/api/v1/status latency_human="155.36µs"
2026-07-12 02:09:48 |TRC| method=GET status=200 uri=/api/v1/status latency_human="190.033µs"
2026-07-12 02:09:50 |TRC| method=GET status=200 uri=/api/v1/status latency_human="160.39µs"
2026-07-12 02:09:52 |TRC| method=GET status=200 uri=/api/v1/status latency_human="150.993µs"
2026-07-12 02:09:54 |TRC| method=GET status=200 uri=/api/v1/status latency_human="168.534µs"
2026-07-12 02:09:56 |TRC| method=GET status=200 uri=/api/v1/status latency_human="243.249µs"
2026-07-12 02:09:58 |TRC| method=GET status=200 uri=/api/v1/status latency_human="124.314µs"
2026-07-12 02:10:00 |TRC| method=GET status=200 uri=/api/v1/status latency_human="171.98µs"
2026-07-12 02:10:02 |TRC| method=GET status=200 uri=/api/v1/status latency_human="263.015µs"
2026-07-12 02:10:04 |TRC| method=GET status=200 uri=/api/v1/status latency_human="255.512µs"
2026-07-12 02:10:06 |TRC| method=GET status=200 uri=/api/v1/status latency_human="155.491µs"
2026-07-12 02:10:08 |TRC| method=GET status=200 uri=/api/v1/status latency_human="296.576µs"
2026-07-12 02:10:10 |TRC| method=GET status=200 uri=/api/v1/status latency_human="254.92µs"
2026-07-12 02:10:12 |TRC| method=GET status=200 uri=/api/v1/status latency_human="242.789µs"
2026-07-12 02:10:14 |TRC| method=GET status=200 uri=/api/v1/status latency_human="183.171µs"
2026-07-12 02:10:16 |TRC| method=GET status=200 uri=/api/v1/status latency_human="152.426µs"
2026-07-12 02:10:18 |TRC| method=GET status=200 uri=/api/v1/status latency_human="159.969µs"
2026-07-12 02:10:20 |TRC| method=GET status=200 uri=/api/v1/status latency_human="156.052µs"
2026-07-12 02:10:22 |TRC| method=GET status=200 uri=/api/v1/status latency_human="155.281µs"
2026-07-12 02:10:24 |TRC| method=GET status=200 uri=/api/v1/status latency_human="263.036µs"
2026-07-12 02:10:26 |TRC| method=GET status=200 uri=/api/v1/status latency_human="159.148µs"
2026-07-12 02:10:28 |TRC| method=GET status=200 uri=/api/v1/status latency_human="233.994µs"
2026-07-12 02:10:30 |TRC| method=GET status=200 uri=/api/v1/status latency_human="126.248µs"
2026-07-12 02:10:32 |TRC| method=GET status=200 uri=/api/v1/status latency_human="153.658µs"
2026-07-12 02:10:34 |TRC| method=GET status=200 uri=/api/v1/status latency_human="161.112µs"
2026-07-12 02:10:36 |TRC| method=GET status=200 uri=/api/v1/status latency_human="257.406µs"
2026-07-12 02:10:38 |TRC| method=GET status=200 uri=/api/v1/status latency_human="149.17µs"
2026-07-12 02:10:40 |TRC| method=GET status=200 uri=/api/v1/status latency_human="160.24µs"
2026-07-12 02:10:42 |TRC| method=GET status=200 uri=/api/v1/status latency_human="186.177µs"
2026-07-12 02:10:44 |TRC| method=GET status=200 uri=/api/v1/status latency_human="259.921µs"
2026-07-12 02:10:46 |TRC| method=GET status=200 uri=/api/v1/status latency_human="160.05µs"
2026-07-12 02:10:48 |TRC| method=GET status=200 uri=/api/v1/status latency_human="167.314µs"
2026-07-12 02:10:50 |TRC| method=GET status=200 uri=/api/v1/status latency_human="264.861µs"
2026-07-12 02:10:52 |TRC| method=GET status=200 uri=/api/v1/status latency_human="152.978µs"
2026-07-12 02:10:54 |TRC| method=GET status=200 uri=/api/v1/status latency_human="163.706µs"
2026-07-12 02:10:56 |TRC| method=GET status=200 uri=/api/v1/status latency_human="214.018µs"
2026-07-12 02:10:58 |TRC| method=GET status=200 uri=/api/v1/status latency_human="167.043µs"
2026-07-12 02:11:00 |TRC| method=GET status=200 uri=/api/v1/status latency_human="158.377µs"
2026-07-12 02:11:02 |TRC| method=GET status=200 uri=/api/v1/status latency_human="195.154µs"
2026-07-12 02:11:04 |TRC| method=GET status=200 uri=/api/v1/status latency_human="155.492µs"
2026-07-12 02:11:06 |TRC| method=GET status=200 uri=/api/v1/status latency_human="154.43µs"
2026-07-12 02:11:08 |TRC| method=GET status=200 uri=/api/v1/status latency_human="200.404µs"
2026-07-12 02:11:10 |TRC| method=GET status=200 uri=/api/v1/status latency_human="167.424µs"
2026-07-12 02:11:12 |TRC| method=GET status=200 uri=/api/v1/status latency_human="247.559µs"
2026-07-12 02:11:14 |TRC| method=GET status=200 uri=/api/v1/status latency_human="249.914µs"
2026-07-12 02:11:16 |TRC| method=GET status=200 uri=/api/v1/status latency_human="164.108µs"
2026-07-12 02:11:18 |TRC| method=GET status=200 uri=/api/v1/status latency_human="271.904µs"
2026-07-12 02:11:20 |TRC| method=GET status=200 uri=/api/v1/status latency_human="157.226µs"
2026-07-12 02:11:22 |TRC| method=GET status=200 uri=/api/v1/status latency_human="757.527µs"
2026-07-12 02:11:24 |TRC| method=GET status=200 uri=/api/v1/status latency_human="196.817µs"
2026-07-12 02:11:26 |TRC| method=GET status=200 uri=/api/v1/status latency_human="283.375µs"
2026-07-12 02:11:28 |TRC| method=GET status=200 uri=/api/v1/status latency_human="158.077µs"
2026-07-12 02:11:30 |TRC| method=GET status=200 uri=/api/v1/status latency_human="195.104µs"
2026-07-12 02:11:32 |TRC| method=GET status=200 uri=/api/v1/status latency_human="168.937µs"
2026-07-12 02:11:34 |TRC| method=GET status=200 uri=/api/v1/status latency_human="229.898µs"
2026-07-12 02:11:36 |TRC| method=GET status=200 uri=/api/v1/status latency_human="138.241µs"
2026-07-12 02:11:38 |TRC| method=GET status=200 uri=/api/v1/status latency_human="228.205µs"
2026-07-12 02:11:40 |TRC| method=GET status=200 uri=/api/v1/status latency_human="267.507µs"
2026-07-12 02:11:42 |TRC| method=GET status=200 uri=/api/v1/status latency_human="191.037µs"
2026-07-12 02:11:44 |TRC| method=GET status=200 uri=/api/v1/status latency_human="143.761µs"
2026-07-12 02:11:46 |TRC| method=GET status=200 uri=/api/v1/status latency_human="168.737µs"
2026-07-12 02:11:48 |TRC| method=GET status=200 uri=/api/v1/status latency_human="156.856µs"
2026-07-12 02:11:50 |TRC| method=GET status=200 uri=/api/v1/status latency_human="163.137µs"
2026-07-12 02:11:52 |TRC| method=GET status=200 uri=/api/v1/status latency_human="182.322µs"
2026-07-12 02:11:54 |TRC| method=GET status=200 uri=/api/v1/status latency_human="190.727µs"
2026-07-12 02:11:56 |TRC| method=GET status=200 uri=/api/v1/status latency_human="183.454µs"
2026-07-12 02:11:58 |TRC| method=GET status=200 uri=/api/v1/status latency_human="166.072µs"
2026-07-12 02:12:00 |TRC| method=GET status=200 uri=/api/v1/status latency_human="149.062µs"
2026-07-12 02:12:02 |TRC| method=GET status=200 uri=/api/v1/status latency_human="167.354µs"
2026-07-12 02:12:04 |TRC| method=GET status=200 uri=/api/v1/status latency_human="159.421µs"
2026-07-12 02:12:06 |TRC| method=GET status=200 uri=/api/v1/status latency_human="139.945µs"
2026-07-12 02:12:08 |TRC| method=GET status=200 uri=/api/v1/status latency_human="260.264µs"
2026-07-12 02:12:10 |TRC| method=GET status=200 uri=/api/v1/status latency_human="201.407µs"
2026-07-12 02:12:12 |TRC| method=GET status=200 uri=/api/v1/status latency_human="202.499µs"
2026-07-12 02:12:14 |TRC| method=GET status=200 uri=/api/v1/status latency_human="143.341µs"
2026-07-12 02:12:16 |TRC| method=GET status=200 uri=/api/v1/status latency_human="164.36µs"
2026-07-12 02:12:18 |TRC| method=GET status=200 uri=/api/v1/status latency_human="200.977µs"
2026-07-12 02:12:20 |TRC| method=GET status=200 uri=/api/v1/status latency_human="169.178µs"
2026-07-12 02:12:22 |TRC| method=GET status=200 uri=/api/v1/status latency_human="171.543µs"
2026-07-12 02:12:24 |TRC| method=GET status=200 uri=/api/v1/status latency_human="166.213µs"
2026-07-12 02:12:26 |TRC| method=GET status=200 uri=/api/v1/status latency_human="156.966µs"
2026-07-12 02:12:28 |TRC| method=GET status=200 uri=/api/v1/status latency_human="154.512µs"
2026-07-12 02:12:30 |TRC| method=GET status=200 uri=/api/v1/status latency_human="182.754µs"
2026-07-12 02:12:32 |TRC| method=GET status=200 uri=/api/v1/status latency_human="213.129µs"
2026-07-12 02:12:34 |TRC| method=GET status=200 uri=/api/v1/status latency_human="178.877µs"
2026-07-12 02:12:36 |TRC| method=GET status=200 uri=/api/v1/status latency_human="194.245µs"
2026-07-12 02:12:38 |TRC| method=GET status=200 uri=/api/v1/status latency_human="158.199µs"
2026-07-12 02:12:40 |TRC| method=GET status=200 uri=/api/v1/status latency_human="157.207µs"
2026-07-12 02:12:42 |TRC| method=GET status=200 uri=/api/v1/status latency_human="190.558µs"
2026-07-12 02:12:44 |TRC| method=GET status=200 uri=/api/v1/status latency_human="153.911µs"
2026-07-12 02:12:46 |TRC| method=GET status=200 uri=/api/v1/status latency_human="206.888µs"
2026-07-12 02:12:48 |TRC| method=GET status=200 uri=/api/v1/status latency_human="220.913µs"
2026-07-12 02:12:50 |TRC| method=GET status=200 uri=/api/v1/status latency_human="219.161µs"
2026-07-12 02:12:52 |TRC| method=GET status=200 uri=/api/v1/status latency_human="242.553µs"
2026-07-12 02:12:54 |TRC| method=GET status=200 uri=/api/v1/status latency_human="154.853µs"
2026-07-12 02:12:56 |TRC| method=GET status=200 uri=/api/v1/status latency_human="153.771µs"
2026-07-12 02:12:58 |TRC| method=GET status=200 uri=/api/v1/status latency_human="128.505µs"
2026-07-12 02:13:00 |TRC| method=GET status=200 uri=/api/v1/status latency_human="168.478µs"
2026-07-12 02:13:02 |TRC| method=GET status=200 uri=/api/v1/status latency_human="155.624µs"
2026-07-12 02:13:04 |TRC| method=GET status=200 uri=/api/v1/status latency_human="237.644µs"
2026-07-12 02:13:06 |TRC| method=GET status=200 uri=/api/v1/status latency_human="157.338µs"
2026-07-12 02:13:08 |TRC| method=GET status=200 uri=/api/v1/status latency_human="153.06µs"
2026-07-12 02:13:10 |TRC| method=GET status=200 uri=/api/v1/status latency_human="218.169µs"
2026-07-12 02:13:12 |TRC| method=GET status=200 uri=/api/v1/status latency_human="228.038µs"
2026-07-12 02:13:14 |TRC| method=GET status=200 uri=/api/v1/status latency_human="145.496µs"
2026-07-12 02:13:16 |TRC| method=GET status=200 uri=/api/v1/status latency_human="154.072µs"
2026-07-12 02:13:18 |TRC| method=GET status=200 uri=/api/v1/status latency_human="127.363µs"
2026-07-12 02:13:20 |TRC| method=GET status=200 uri=/api/v1/status latency_human="124.097µs"
2026-07-12 02:13:22 |TRC| method=GET status=200 uri=/api/v1/status latency_human="166.415µs"
2026-07-12 02:13:24 |TRC| method=GET status=200 uri=/api/v1/status latency_human="161.666µs"
2026-07-12 02:13:26 |TRC| method=GET status=200 uri=/api/v1/status latency_human="174.139µs"
2026-07-12 02:13:28 |TRC| method=GET status=200 uri=/api/v1/status latency_human="272.168µs"
2026-07-12 02:13:30 |TRC| method=GET status=200 uri=/api/v1/status latency_human="160.805µs"
2026-07-12 02:13:32 |TRC| method=GET status=200 uri=/api/v1/status latency_human="198.904µs"
2026-07-12 02:13:34 |TRC| method=GET status=200 uri=/api/v1/status latency_human="130.109µs"
2026-07-12 02:13:36 |TRC| method=GET status=200 uri=/api/v1/status latency_human="170.102µs"
2026-07-12 02:13:38 |TRC| method=GET status=200 uri=/api/v1/status latency_human="153.351µs"
2026-07-12 02:13:40 |TRC| method=GET status=200 uri=/api/v1/status latency_human="193.164µs"
2026-07-12 02:13:42 |TRC| method=GET status=200 uri=/api/v1/status latency_human="192.784µs"
2026-07-12 02:13:44 |TRC| method=GET status=200 uri=/api/v1/status latency_human="225.022µs"
2026-07-12 02:13:46 |TRC| method=GET status=200 uri=/api/v1/status latency_human="165.273µs"
2026-07-12 02:13:48 |TRC| method=GET status=200 uri=/api/v1/status latency_human="180.12µs"
2026-07-12 02:13:50 |TRC| method=GET status=200 uri=/api/v1/status latency_human="163.089µs"
2026-07-12 02:13:52 |TRC| method=GET status=200 uri=/api/v1/status latency_human="266.008µs"
2026-07-12 02:13:54 |TRC| method=GET status=200 uri=/api/v1/status latency_human="299.87µs"
2026-07-12 02:13:56 |TRC| method=GET status=200 uri=/api/v1/status latency_human="288.078µs"
2026-07-12 02:13:58 |TRC| method=GET status=200 uri=/api/v1/status latency_human="235.412µs"
2026-07-12 02:14:00 |TRC| method=GET status=200 uri=/api/v1/status latency_human="266.719µs"
2026-07-12 02:14:02 |TRC| method=GET status=200 uri=/api/v1/status latency_human="207.12µs"
2026-07-12 02:14:04 |TRC| method=GET status=200 uri=/api/v1/status latency_human="239.228µs"
2026-07-12 02:14:06 |TRC| method=GET status=200 uri=/api/v1/status latency_human="185.64µs"
2026-07-12 02:14:08 |TRC| method=GET status=200 uri=/api/v1/status latency_human="280.194µs"
2026-07-12 02:14:10 |TRC| method=GET status=200 uri=/api/v1/status latency_human="283.36µs"
2026-07-12 02:14:12 |TRC| method=GET status=200 uri=/api/v1/status latency_human="202.521µs"
2026-07-12 02:14:14 |TRC| method=GET status=200 uri=/api/v1/status latency_human="226.606µs"
2026-07-12 02:14:16 |TRC| method=GET status=200 uri=/api/v1/status latency_human="235.773µs"
2026-07-12 02:14:18 |TRC| method=GET status=200 uri=/api/v1/status latency_human="239.961µs"
2026-07-12 02:14:20 |TRC| method=GET status=200 uri=/api/v1/status latency_human="220.013µs"
2026-07-12 02:14:22 |TRC| method=GET status=200 uri=/api/v1/status latency_human="208.523µs"
2026-07-12 02:14:24 |TRC| method=GET status=200 uri=/api/v1/status latency_human="191.271µs"
2026-07-12 02:14:26 |TRC| method=GET status=200 uri=/api/v1/status latency_human="252.674µs"
2026-07-12 02:14:28 |TRC| method=GET status=200 uri=/api/v1/status latency_human="213.642µs"
2026-07-12 02:14:30 |TRC| method=GET status=200 uri=/api/v1/status latency_human="220.354µs"
2026-07-12 02:14:32 |TRC| method=GET status=200 uri=/api/v1/status latency_human="173.088µs"
2026-07-12 02:14:34 |TRC| method=GET status=200 uri=/api/v1/status latency_human="194.387µs"
2026-07-12 02:14:36 |TRC| method=GET status=200 uri=/api/v1/status latency_human="225.995µs"
2026-07-12 02:14:38 |TRC| method=GET status=200 uri=/api/v1/status latency_human="216.678µs"
2026-07-12 02:14:40 |TRC| method=GET status=200 uri=/api/v1/status latency_human="198.614µs"
2026-07-12 02:14:42 |TRC| method=GET status=200 uri=/api/v1/status latency_human="195.419µs"
2026-07-12 02:14:44 |TRC| method=GET status=200 uri=/api/v1/status latency_human="271.138µs"
2026-07-12 02:14:46 |TRC| method=GET status=200 uri=/api/v1/status latency_human="236.635µs"
2026-07-12 02:14:48 |TRC| method=GET status=200 uri=/api/v1/status latency_human="240.052µs"
2026-07-12 02:14:50 |TRC| method=GET status=200 uri=/api/v1/status latency_human="242.936µs"
2026-07-12 02:14:52 |TRC| method=GET status=200 uri=/api/v1/status latency_human="205.248µs"
2026-07-12 02:14:54 |TRC| method=GET status=200 uri=/api/v1/status latency_human="177.075µs"
2026-07-12 02:14:56 |TRC| method=GET status=200 uri=/api/v1/status latency_human="210.507µs"
2026-07-12 02:14:58 |TRC| method=GET status=200 uri=/api/v1/status latency_human="224.773µs"
2026-07-12 02:15:00 |TRC| method=GET status=200 uri=/api/v1/status latency_human="205.218µs"
2026-07-12 02:15:02 |TRC| method=GET status=200 uri=/api/v1/status latency_human="237.327µs"
2026-07-12 02:15:04 |TRC| method=GET status=200 uri=/api/v1/status latency_human="270.698µs"
2026-07-12 02:15:06 |TRC| method=GET status=200 uri=/api/v1/status latency_human="238.087µs"
2026-07-12 02:15:08 |TRC| method=GET status=200 uri=/api/v1/status latency_human="239.711µs"
2026-07-12 02:15:10 |TRC| method=GET status=200 uri=/api/v1/status latency_human="229.752µs"
2026-07-12 02:15:12 |TRC| method=GET status=200 uri=/api/v1/status latency_human="264.657µs"
2026-07-12 02:15:14 |TRC| method=GET status=200 uri=/api/v1/status latency_human="213.734µs"
2026-07-12 02:15:16 |TRC| method=GET status=200 uri=/api/v1/status latency_human=1.340146ms
2026-07-12 02:15:18 |TRC| method=GET status=200 uri=/api/v1/status latency_human="232.929µs"
2026-07-12 02:15:20 |TRC| method=GET status=200 uri=/api/v1/status latency_human="293.04µs"
2026-07-12 02:15:22 |TRC| method=GET status=200 uri=/api/v1/status latency_human="262.573µs"
2026-07-12 02:15:24 |TRC| method=GET status=200 uri=/api/v1/status latency_human="226.968µs"
2026-07-12 02:15:26 |TRC| method=GET status=200 uri=/api/v1/status latency_human="228.25µs"
2026-07-12 02:15:28 |TRC| method=GET status=200 uri=/api/v1/status latency_human="183.007µs"
2026-07-12 02:15:30 |TRC| method=GET status=200 uri=/api/v1/status latency_human="211.71µs"
2026-07-12 02:15:32 |TRC| method=GET status=200 uri=/api/v1/status latency_human="189.95µs"
2026-07-12 02:15:34 |TRC| method=GET status=200 uri=/api/v1/status latency_human="186.864µs"
2026-07-12 02:15:36 |TRC| method=GET status=200 uri=/api/v1/status latency_human="175.793µs"
2026-07-12 02:15:38 |TRC| method=GET status=200 uri=/api/v1/status latency_human="246.915µs"
2026-07-12 02:15:40 |TRC| method=GET status=200 uri=/api/v1/status latency_human="207.432µs"
2026-07-12 02:15:42 |TRC| method=GET status=200 uri=/api/v1/status latency_human="191.623µs"
2026-07-12 02:15:44 |TRC| method=GET status=200 uri=/api/v1/status latency_human="179.019µs"
2026-07-12 02:15:46 |TRC| method=GET status=200 uri=/api/v1/status latency_human="210.407µs"
2026-07-12 02:15:48 |TRC| method=GET status=200 uri=/api/v1/status latency_human="201.761µs"
2026-07-12 02:15:50 |TRC| method=GET status=200 uri=/api/v1/status latency_human="217.821µs"
2026-07-12 02:15:52 |TRC| method=GET status=200 uri=/api/v1/status latency_human="207.883µs"
2026-07-12 02:15:54 |TRC| method=GET status=200 uri=/api/v1/status latency_human="187.886µs"
2026-07-12 02:15:56 |TRC| method=GET status=200 uri=/api/v1/status latency_human="188.127µs"
2026-07-12 02:15:58 |TRC| method=GET status=200 uri=/api/v1/status latency_human="204.326µs"
2026-07-12 02:16:00 |TRC| method=GET status=200 uri=/api/v1/status latency_human="207.993µs"
2026-07-12 02:16:02 |TRC| method=GET status=200 uri=/api/v1/status latency_human="186.925µs"
2026-07-12 02:16:04 |TRC| method=GET status=200 uri=/api/v1/status latency_human="184.71µs"
2026-07-12 02:16:06 |TRC| method=GET status=200 uri=/api/v1/status latency_human="173.931µs"
2026-07-12 02:16:08 |TRC| method=GET status=200 uri=/api/v1/status latency_human="290.806µs"
2026-07-12 02:16:10 |TRC| method=GET status=200 uri=/api/v1/status latency_human="211.069µs"
2026-07-12 02:16:12 |TRC| method=GET status=200 uri=/api/v1/status latency_human="181.875µs"
2026-07-12 02:16:14 |TRC| method=GET status=200 uri=/api/v1/status latency_human="175.775µs"
2026-07-12 02:16:16 |TRC| method=GET status=200 uri=/api/v1/status latency_human="245.133µs"
2026-07-12 02:16:16 |DBG| anilist > Fetching anime collection
2026-07-12 02:16:16 |TRC| ws > Sending message type=check-for-announcements
2026-07-12 02:16:16 |TRC| method=POST status=200 uri=/api/v1/announcements latency_human="303.81µs"
2026-07-12 02:16:17 |INF| anilist > Successful Request rlr=29 rtt=769ms
2026-07-12 02:16:17 |TRC| ws > Sending message type=refreshed-anilist-anime-collection
2026-07-12 02:16:17 |DBG| anilist > Fetching manga collection
2026-07-12 02:16:17 |TRC| method=GET status=200 uri=/api/v1/library/collection latency_human="92.35µs"
2026-07-12 02:16:17 |TRC| method=GET status=200 uri=/api/v1/library/collection latency_human="83.765µs"
2026-07-12 02:16:17 |TRC| method=GET status=200 uri=/api/v1/anilist/collection latency_human="67.274µs"
2026-07-12 02:16:17 |TRC| method=GET status=200 uri=/api/v1/anilist/collection latency_human="71.131µs"
2026-07-12 02:16:17 |TRC| method=GET status=200 uri=/api/v1/library/missing-episodes latency_human="257.234µs"
2026-07-12 02:16:17 |TRC| method=GET status=200 uri=/api/v1/library/missing-episodes latency_human="66.392µs"
2026-07-12 02:16:17 |INF| anilist > Successful Request rlr=28 rtt=402ms
2026-07-12 02:16:17 |TRC| ws > Sending message type=refreshed-anilist-manga-collection
2026-07-12 02:16:17 |TRC| method=GET status=200 uri=/api/v1/manga/collection latency_human="108.74µs"
2026-07-12 02:16:17 |TRC| method=GET status=200 uri=/api/v1/manga/collection latency_human="74.347µs"
2026-07-12 02:16:18 |TRC| method=GET status=200 uri=/api/v1/status latency_human="273.515µs"
2026-07-12 02:16:20 |TRC| method=GET status=200 uri=/api/v1/status latency_human="178.188µs"
2026-07-12 02:16:22 |TRC| method=GET status=200 uri=/api/v1/status latency_human="206.882µs"
2026-07-12 02:16:24 |TRC| method=GET status=200 uri=/api/v1/status latency_human="176.796µs"
2026-07-12 02:16:26 |TRC| method=GET status=200 uri=/api/v1/status latency_human="170.335µs"
2026-07-12 02:16:28 |TRC| method=GET status=200 uri=/api/v1/status latency_human="176.085µs"
2026-07-12 02:16:30 |TRC| method=GET status=200 uri=/api/v1/status latency_human="175.825µs"
2026-07-12 02:16:32 |TRC| method=GET status=200 uri=/api/v1/status latency_human="227.7µs"
2026-07-12 02:16:34 |TRC| method=GET status=200 uri=/api/v1/status latency_human="183.869µs"
2026-07-12 02:16:36 |TRC| method=GET status=200 uri=/api/v1/status latency_human="174.252µs"
2026-07-12 02:16:38 |TRC| method=GET status=200 uri=/api/v1/status latency_human="175.814µs"
2026-07-12 02:16:40 |TRC| method=GET status=200 uri=/api/v1/status latency_human="172.138µs"
2026-07-12 02:16:42 |TRC| method=GET status=200 uri=/api/v1/status latency_human="172.258µs"
2026-07-12 02:16:44 |TRC| method=GET status=200 uri=/api/v1/status latency_human="173.07µs"
2026-07-12 02:16:46 |TRC| method=GET status=200 uri=/api/v1/status latency_human="181.555µs"
2026-07-12 02:16:48 |TRC| method=GET status=200 uri=/api/v1/status latency_human="189.379µs"
2026-07-12 02:16:50 |TRC| method=GET status=200 uri=/api/v1/status latency_human="167.599µs"
2026-07-12 02:16:52 |TRC| method=GET status=200 uri=/api/v1/status latency_human="155.778µs"
2026-07-12 02:16:54 |TRC| method=GET status=200 uri=/api/v1/status latency_human="178.62µs"
2026-07-12 02:16:56 |TRC| method=GET status=200 uri=/api/v1/status latency_human="179.773µs"
2026-07-12 02:16:58 |TRC| method=GET status=200 uri=/api/v1/status latency_human="165.696µs"
2026-07-12 02:17:00 |TRC| method=GET status=200 uri=/api/v1/status latency_human="261.813µs"
2026-07-12 02:17:02 |TRC| method=GET status=200 uri=/api/v1/status latency_human="181.184µs"
2026-07-12 02:17:04 |TRC| method=GET status=200 uri=/api/v1/status latency_human="351.289µs"
2026-07-12 02:17:06 |TRC| method=GET status=200 uri=/api/v1/status latency_human="195.521µs"
2026-07-12 02:17:08 |TRC| method=GET status=200 uri=/api/v1/status latency_human="177.188µs"
2026-07-12 02:17:10 |TRC| method=GET status=200 uri=/api/v1/status latency_human="265.712µs"
2026-07-12 02:17:12 |TRC| method=GET status=200 uri=/api/v1/status latency_human="192.526µs"
2026-07-12 02:17:14 |TRC| method=GET status=200 uri=/api/v1/status latency_human="197.094µs"
2026-07-12 02:17:16 |TRC| method=GET status=200 uri=/api/v1/status latency_human="183.62µs"
2026-07-12 02:17:18 |TRC| method=GET status=200 uri=/api/v1/status latency_human="152.592µs"
2026-07-12 02:17:20 |TRC| method=GET status=200 uri=/api/v1/status latency_human="244.212µs"
2026-07-12 02:17:22 |TRC| method=GET status=200 uri=/api/v1/status latency_human="203.176µs"
2026-07-12 02:17:24 |TRC| method=GET status=200 uri=/api/v1/status latency_human="199.809µs"
2026-07-12 02:17:26 |TRC| method=GET status=200 uri=/api/v1/status latency_human="205.48µs"
2026-07-12 02:17:28 |TRC| method=GET status=200 uri=/api/v1/status latency_human="282.102µs"
2026-07-12 02:17:30 |TRC| method=GET status=200 uri=/api/v1/status latency_human="331.593µs"
2026-07-12 02:17:32 |TRC| method=GET status=200 uri=/api/v1/status latency_human="228.402µs"
2026-07-12 02:17:34 |TRC| method=GET status=200 uri=/api/v1/status latency_human="261.003µs"
2026-07-12 02:17:36 |TRC| method=GET status=200 uri=/api/v1/status latency_human="201.262µs"
2026-07-12 02:17:38 |TRC| method=GET status=200 uri=/api/v1/status latency_human="163.563µs"
2026-07-12 02:17:40 |TRC| method=GET status=200 uri=/api/v1/status latency_human="157.401µs"
2026-07-12 02:17:42 |TRC| method=GET status=200 uri=/api/v1/status latency_human="156.018µs"
2026-07-12 02:17:44 |TRC| method=GET status=200 uri=/api/v1/status latency_human="155.387µs"
2026-07-12 02:17:46 |TRC| method=GET status=200 uri=/api/v1/status latency_human="128.829µs"
2026-07-12 02:17:48 |TRC| method=GET status=200 uri=/api/v1/status latency_human="171.838µs"
2026-07-12 02:17:50 |TRC| method=GET status=200 uri=/api/v1/status latency_human="227.2µs"
2026-07-12 02:17:52 |TRC| method=GET status=200 uri=/api/v1/status latency_human="255.613µs"
2026-07-12 02:17:54 |TRC| method=GET status=200 uri=/api/v1/status latency_human="193.047µs"
2026-07-12 02:17:56 |TRC| method=GET status=200 uri=/api/v1/status latency_human="246.566µs"
2026-07-12 02:17:58 |TRC| method=GET status=200 uri=/api/v1/status latency_human="181.586µs"
2026-07-12 02:18:00 |TRC| method=GET status=200 uri=/api/v1/status latency_human="153.023µs"
2026-07-12 02:18:02 |TRC| method=GET status=200 uri=/api/v1/status latency_human="147.864µs"
2026-07-12 02:18:04 |TRC| method=GET status=200 uri=/api/v1/status latency_human="211.461µs"
2026-07-12 02:18:06 |TRC| method=GET status=200 uri=/api/v1/status latency_human="154.656µs"
2026-07-12 02:18:08 |TRC| method=GET status=200 uri=/api/v1/status latency_human="201.653µs"
2026-07-12 02:18:10 |TRC| method=GET status=200 uri=/api/v1/status latency_human="164.214µs"
2026-07-12 02:18:12 |TRC| method=GET status=200 uri=/api/v1/status latency_human="182.448µs"
2026-07-12 02:18:14 |TRC| method=GET status=200 uri=/api/v1/status latency_human="160.117µs"
2026-07-12 02:18:16 |TRC| method=GET status=200 uri=/api/v1/status latency_human="242.93µs"
2026-07-12 02:18:18 |TRC| method=GET status=200 uri=/api/v1/status latency_human="126.334µs"
2026-07-12 02:18:20 |TRC| method=GET status=200 uri=/api/v1/status latency_human="170.697µs"
2026-07-12 02:18:22 |TRC| method=GET status=200 uri=/api/v1/status latency_human="171.278µs"
2026-07-12 02:18:24 |TRC| method=GET status=200 uri=/api/v1/status latency_human="172.75µs"
2026-07-12 02:18:26 |TRC| method=GET status=200 uri=/api/v1/status latency_human="161.599µs"
2026-07-12 02:18:28 |TRC| method=GET status=200 uri=/api/v1/status latency_human="156.58µs"
2026-07-12 02:18:30 |TRC| method=GET status=200 uri=/api/v1/status latency_human="155.238µs"
2026-07-12 02:18:32 |TRC| method=GET status=200 uri=/api/v1/status latency_human="172.329µs"
2026-07-12 02:18:34 |TRC| method=GET status=200 uri=/api/v1/status latency_human="190.693µs"
2026-07-12 02:18:36 |TRC| method=GET status=200 uri=/api/v1/status latency_human="231.389µs"
2026-07-12 02:18:38 |TRC| method=GET status=200 uri=/api/v1/status latency_human="203.217µs"
2026-07-12 02:18:40 |TRC| method=GET status=200 uri=/api/v1/status latency_human="280.139µs"
2026-07-12 02:18:42 |TRC| method=GET status=200 uri=/api/v1/status latency_human="255.794µs"
2026-07-12 02:18:44 |TRC| method=GET status=200 uri=/api/v1/status latency_human="171.588µs"
2026-07-12 02:18:46 |TRC| method=GET status=200 uri=/api/v1/status latency_human="171.929µs"
2026-07-12 02:18:48 |TRC| method=GET status=200 uri=/api/v1/status latency_human="162.922µs"
2026-07-12 02:18:50 |TRC| method=GET status=200 uri=/api/v1/status latency_human="222.894µs"
2026-07-12 02:18:52 |TRC| method=GET status=200 uri=/api/v1/status latency_human="176.557µs"
2026-07-12 02:18:54 |TRC| method=GET status=200 uri=/api/v1/status latency_human="159.375µs"
2026-07-12 02:18:56 |TRC| method=GET status=200 uri=/api/v1/status latency_human="174.032µs"
2026-07-12 02:18:58 |TRC| method=GET status=200 uri=/api/v1/status latency_human="169.454µs"
2026-07-12 02:19:00 |TRC| method=GET status=200 uri=/api/v1/status latency_human="173.221µs"
2026-07-12 02:19:02 |TRC| method=GET status=200 uri=/api/v1/status latency_human="164.675µs"
2026-07-12 02:19:04 |TRC| method=GET status=200 uri=/api/v1/status latency_human="237.511µs"
2026-07-12 02:19:06 |TRC| method=GET status=200 uri=/api/v1/status latency_human="131.353µs"
2026-07-12 02:19:08 |TRC| method=GET status=200 uri=/api/v1/status latency_human="128.007µs"
2026-07-12 02:19:10 |TRC| method=GET status=200 uri=/api/v1/status latency_human="160.658µs"
2026-07-12 02:19:12 |TRC| method=GET status=200 uri=/api/v1/status latency_human="200.452µs"
2026-07-12 02:19:14 |TRC| method=GET status=200 uri=/api/v1/status latency_human="155.368µs"
2026-07-12 02:19:16 |TRC| method=GET status=200 uri=/api/v1/status latency_human="234.265µs"
2026-07-12 02:19:18 |TRC| method=GET status=200 uri=/api/v1/status latency_human="223.835µs"
2026-07-12 02:19:20 |TRC| method=GET status=200 uri=/api/v1/status latency_human="165.247µs"
2026-07-12 02:19:22 |TRC| method=GET status=200 uri=/api/v1/status latency_human="180.495µs"
2026-07-12 02:19:24 |TRC| method=GET status=200 uri=/api/v1/status latency_human="228.534µs"
2026-07-12 02:19:26 |TRC| method=GET status=200 uri=/api/v1/status latency_human="163.924µs"
2026-07-12 02:19:28 |TRC| method=GET status=200 uri=/api/v1/status latency_human="180.265µs"
2026-07-12 02:19:30 |TRC| method=GET status=200 uri=/api/v1/status latency_human="204.639µs"
2026-07-12 02:19:32 |TRC| method=GET status=200 uri=/api/v1/status latency_human="148.425µs"
2026-07-12 02:19:34 |TRC| method=GET status=200 uri=/api/v1/status latency_human="165.597µs"
2026-07-12 02:19:36 |TRC| method=GET status=200 uri=/api/v1/status latency_human="159.136µs"
2026-07-12 02:19:38 |TRC| method=GET status=200 uri=/api/v1/status latency_human="166.138µs"
2026-07-12 02:19:40 |TRC| method=GET status=200 uri=/api/v1/status latency_human="181.197µs"
2026-07-12 02:19:42 |TRC| method=GET status=200 uri=/api/v1/status latency_human="174.854µs"
2026-07-12 02:19:44 |TRC| method=GET status=200 uri=/api/v1/status latency_human="159.015µs"
2026-07-12 02:19:46 |TRC| method=GET status=200 uri=/api/v1/status latency_human="260.444µs"
2026-07-12 02:19:48 |TRC| method=GET status=200 uri=/api/v1/status latency_human="183.14µs"
2026-07-12 02:19:50 |TRC| method=GET status=200 uri=/api/v1/status latency_human="244.144µs"
2026-07-12 02:19:52 |TRC| method=GET status=200 uri=/api/v1/status latency_human="213.696µs"
2026-07-12 02:19:54 |TRC| method=GET status=200 uri=/api/v1/status latency_human="170.256µs"
2026-07-12 02:19:56 |TRC| method=GET status=200 uri=/api/v1/status latency_human="178.461µs"
2026-07-12 02:19:58 |TRC| method=GET status=200 uri=/api/v1/status latency_human="134.81µs"
2026-07-12 02:20:00 |TRC| method=GET status=200 uri=/api/v1/status latency_human="161.671µs"
2026-07-12 02:20:02 |TRC| method=GET status=200 uri=/api/v1/status latency_human="223.224µs"
2026-07-12 02:20:04 |TRC| method=GET status=200 uri=/api/v1/status latency_human="165.868µs"
2026-07-12 02:20:05 |TRC| anilist platform > Fetching anime mediaId=196017
2026-07-12 02:20:05 |TRC| anilist platform > Fetching anime details mediaId=196017
2026-07-12 02:20:05 |DBG| anilist > Fetching anime details mediaId=196017
2026-07-12 02:20:05 |TRC| method=GET status=200 uri=/api/v1/extensions/list/anime-entry-episode-tabs latency_human="165.347µs"
2026-07-12 02:20:06 |TRC| method=GET status=200 uri=/api/v1/status latency_human="351.433µs"
2026-07-12 02:20:06 |INF| anilist > Successful Request rlr=29 rtt=725ms
2026-07-12 02:20:06 |DBG| animap > Fetching metadata for 196017
2026-07-12 02:20:06 |INF| anilist > Successful Request rlr=28 rtt=717ms
2026-07-12 02:20:06 |TRC| method=GET status=200 uri=/api/v1/anilist/media-details/196017 latency_human=737.008797ms
2026-07-12 02:20:07 |TRC| method=GET status=200 uri=/api/v1/library/anime-entry/196017 latency_human=1.740801784s
2026-07-12 02:20:07 |TRC| method=GET status=200 uri=/api/v1/metadata/parent/196017 latency_human="348.978µs"
2026-07-12 02:20:07 |TRC| method=GET status=200 uri=/api/v1/continuity/history latency_human=4.117909ms
2026-07-12 02:20:07 |TRC| anilist platform > Fetching anime with relations mediaId=196017
2026-07-12 02:20:07 |DBG| anilist > Fetching complete media mediaId=196017
2026-07-12 02:20:07 |TRC| method=POST status=200 uri=/api/v1/torrentstream/batch-history latency_human="774.058µs"
2026-07-12 02:20:08 |INF| anilist > Successful Request rlr=27 rtt=516ms
2026-07-12 02:20:08 |TRC| method=GET status=200 uri=/api/v1/anime/episode-collection/196017 latency_human=527.805271ms
2026-07-12 02:20:08 |TRC| method=GET status=200 uri=/api/v1/status latency_human="286.743µs"
2026-07-12 02:20:08 |TRC| method=GET status=200 uri=/api/v1/continuity/history latency_human="605.725µs"
2026-07-12 02:20:10 |TRC| method=GET status=200 uri=/api/v1/status latency_human="158.514µs"
2026-07-12 02:20:12 |TRC| method=GET status=200 uri=/api/v1/status latency_human="148.636µs"
2026-07-12 02:20:13 |TRC| anilist platform > Fetching anime mediaId=122807
2026-07-12 02:20:13 |INF| anilist > Successful Request rlr=26 rtt=420ms
2026-07-12 02:20:13 |DBG| animap > Fetching metadata for 122807
2026-07-12 02:20:13 |TRC| method=GET status=200 uri=/api/v1/library/anime-entry/122807 latency_human=726.811281ms
2026-07-12 02:20:14 |TRC| method=GET status=200 uri=/api/v1/status latency_human="161.87µs"
2026-07-12 02:20:15 |TRC| anilist platform > Fetching anime mediaId=20602
2026-07-12 02:20:15 |TRC| anilist platform > Fetching anime mediaId=170891
2026-07-12 02:20:15 |INF| anilist > Successful Request rlr=25 rtt=440ms
2026-07-12 02:20:15 |DBG| animap > Fetching metadata for 20602
2026-07-12 02:20:15 |INF| anilist > Successful Request rlr=24 rtt=587ms
2026-07-12 02:20:15 |DBG| animap > Fetching metadata for 170891
2026-07-12 02:20:16 |TRC| anilist platform > Fetching anime mediaId=176246
2026-07-12 02:20:16 |TRC| anilist platform > Fetching anime mediaId=427
2026-07-12 02:20:16 |TRC| method=GET status=200 uri=/api/v1/status latency_human="186.446µs"
2026-07-12 02:20:16 |TRC| method=GET status=200 uri=/api/v1/library/anime-entry/20602 latency_human=949.520024ms
2026-07-12 02:20:16 |TRC| method=GET status=200 uri=/api/v1/library/anime-entry/170891 latency_human=898.506506ms
2026-07-12 02:20:16 |INF| anilist > Successful Request rlr=23 rtt=408ms
2026-07-12 02:20:16 |DBG| animap > Fetching metadata for 176246
2026-07-12 02:20:16 |INF| anilist > Successful Request rlr=22 rtt=400ms
2026-07-12 02:20:16 |DBG| animap > Fetching metadata for 427
2026-07-12 02:20:16 |TRC| method=GET status=200 uri=/api/v1/library/anime-entry/176246 latency_human=783.306501ms
2026-07-12 02:20:17 |TRC| method=GET status=200 uri=/api/v1/library/anime-entry/427 latency_human=1.151823185s
2026-07-12 02:20:18 |TRC| method=GET status=200 uri=/api/v1/status latency_human="164.015µs"
2026-07-12 02:20:20 |TRC| method=GET status=200 uri=/api/v1/status latency_human="137.095µs"
2026-07-12 02:20:22 |TRC| method=GET status=200 uri=/api/v1/status latency_human="181.297µs"
2026-07-12 02:20:24 |TRC| method=GET status=200 uri=/api/v1/status latency_human="182.529µs"
2026-07-12 02:20:26 |TRC| method=GET status=200 uri=/api/v1/status latency_human="257.739µs"
2026-07-12 02:20:28 |TRC| method=GET status=200 uri=/api/v1/status latency_human="166.67µs"
2026-07-12 02:20:30 |TRC| method=GET status=200 uri=/api/v1/status latency_human="158.334µs"
2026-07-12 02:20:32 |TRC| method=GET status=200 uri=/api/v1/status latency_human="456.398µs"
2026-07-12 02:20:34 |TRC| method=GET status=200 uri=/api/v1/status latency_human="158.124µs"
2026-07-12 02:20:36 |TRC| method=GET status=200 uri=/api/v1/status latency_human="183.34µs"
2026-07-12 02:20:38 |TRC| method=GET status=200 uri=/api/v1/status latency_human="422.976µs"
2026-07-12 02:20:40 |TRC| method=GET status=200 uri=/api/v1/status latency_human="217.224µs"
2026-07-12 02:20:42 |TRC| method=GET status=200 uri=/api/v1/status latency_human="284.69µs"
2026-07-12 02:20:44 |TRC| method=GET status=200 uri=/api/v1/status latency_human="227.954µs"
2026-07-12 02:20:46 |TRC| method=GET status=200 uri=/api/v1/status latency_human="148.245µs"
2026-07-12 02:20:48 |TRC| method=GET status=200 uri=/api/v1/status latency_human="169.345µs"
2026-07-12 02:20:50 |TRC| method=GET status=200 uri=/api/v1/status latency_human="171.319µs"
2026-07-12 02:20:52 |TRC| method=GET status=200 uri=/api/v1/status latency_human="176.979µs"
2026-07-12 02:20:54 |TRC| method=GET status=200 uri=/api/v1/status latency_human="130.002µs"
2026-07-12 02:20:56 |TRC| method=GET status=200 uri=/api/v1/status latency_human="150.56µs"
2026-07-12 02:20:58 |TRC| method=GET status=200 uri=/api/v1/status latency_human="192.859µs"
2026-07-12 02:21:00 |TRC| method=GET status=200 uri=/api/v1/status latency_human="149.739µs"
2026-07-12 02:21:02 |TRC| method=GET status=200 uri=/api/v1/status latency_human="314.975µs"
2026-07-12 02:21:04 |TRC| method=GET status=200 uri=/api/v1/status latency_human="207.456µs"
2026-07-12 02:21:06 |TRC| method=GET status=200 uri=/api/v1/status latency_human="178.833µs"
2026-07-12 02:21:08 |TRC| method=GET status=200 uri=/api/v1/status latency_human="155.068µs"
2026-07-12 02:21:10 |TRC| method=GET status=200 uri=/api/v1/status latency_human="220.51µs"
2026-07-12 02:21:12 |TRC| method=GET status=200 uri=/api/v1/status latency_human="208.388µs"
2026-07-12 02:21:14 |TRC| method=GET status=200 uri=/api/v1/status latency_human="178.663µs"
2026-07-12 02:21:16 |TRC| method=GET status=200 uri=/api/v1/status latency_human="235.519µs"
2026-07-12 02:21:18 |TRC| method=GET status=200 uri=/api/v1/status latency_human="134.871µs"
2026-07-12 02:21:20 |TRC| method=GET status=200 uri=/api/v1/status latency_human="159.987µs"
2026-07-12 02:21:22 |TRC| method=GET status=200 uri=/api/v1/status latency_human="162.302µs"
2026-07-12 02:21:24 |TRC| method=GET status=200 uri=/api/v1/status latency_human="138.508µs"
2026-07-12 02:21:26 |TRC| method=GET status=200 uri=/api/v1/status latency_human="152.734µs"
2026-07-12 02:21:28 |TRC| method=GET status=200 uri=/api/v1/status latency_human="161.901µs"
2026-07-12 02:21:30 |TRC| method=GET status=200 uri=/api/v1/status latency_human="171.018µs"
2026-07-12 02:21:32 |TRC| method=GET status=200 uri=/api/v1/status latency_human="160.97µs"
2026-07-12 02:21:34 |TRC| method=GET status=200 uri=/api/v1/status latency_human="234.827µs"
2026-07-12 02:21:36 |TRC| method=GET status=200 uri=/api/v1/status latency_human="142.795µs"
2026-07-12 02:21:38 |TRC| method=GET status=200 uri=/api/v1/status latency_human="188.12µs"
2026-07-12 02:21:40 |TRC| method=GET status=200 uri=/api/v1/status latency_human="369.628µs"
2026-07-12 02:21:42 |TRC| method=GET status=200 uri=/api/v1/status latency_human="178.011µs"
2026-07-12 02:21:44 |TRC| method=GET status=200 uri=/api/v1/status latency_human="257.92µs"
2026-07-12 02:21:46 |TRC| method=GET status=200 uri=/api/v1/status latency_human="160.308µs"
2026-07-12 02:21:48 |TRC| method=GET status=200 uri=/api/v1/status latency_human="249.685µs"
2026-07-12 02:21:50 |TRC| method=GET status=200 uri=/api/v1/status latency_human="158.766µs"
2026-07-12 02:21:52 |TRC| method=GET status=200 uri=/api/v1/status latency_human="159.407µs"
2026-07-12 02:21:54 |TRC| method=GET status=200 uri=/api/v1/status latency_human="260.204µs"
2026-07-12 02:21:56 |TRC| method=GET status=200 uri=/api/v1/status latency_human="160.509µs"
2026-07-12 02:21:58 |TRC| method=GET status=200 uri=/api/v1/status latency_human="166.981µs"
2026-07-12 02:22:00 |TRC| method=GET status=200 uri=/api/v1/status latency_human="156.481µs"
2026-07-12 02:22:02 |TRC| method=GET status=200 uri=/api/v1/status latency_human="226.773µs"
2026-07-12 02:22:04 |TRC| method=GET status=200 uri=/api/v1/status latency_human="178.723µs"
2026-07-12 02:22:06 |TRC| method=GET status=200 uri=/api/v1/status latency_human="240.147µs"
2026-07-12 02:22:08 |TRC| method=GET status=200 uri=/api/v1/status latency_human="188.031µs"
2026-07-12 02:22:10 |TRC| method=GET status=200 uri=/api/v1/status latency_human="229.006µs"
2026-07-12 02:22:12 |TRC| method=GET status=200 uri=/api/v1/status latency_human="194.432µs"
2026-07-12 02:22:14 |TRC| method=GET status=200 uri=/api/v1/status latency_human="259.834µs"
2026-07-12 02:22:16 |TRC| method=GET status=200 uri=/api/v1/status latency_human="157.673µs"
2026-07-12 02:22:18 |TRC| method=GET status=200 uri=/api/v1/status latency_human="225.981µs"
2026-07-12 02:22:20 |TRC| method=GET status=200 uri=/api/v1/status latency_human="163.374µs"
2026-07-12 02:22:22 |TRC| method=GET status=200 uri=/api/v1/status latency_human="211.915µs"
2026-07-12 02:22:24 |TRC| method=GET status=200 uri=/api/v1/status latency_human="155.149µs"
2026-07-12 02:22:26 |TRC| method=GET status=200 uri=/api/v1/status latency_human="164.306µs"
2026-07-12 02:22:28 |TRC| method=GET status=200 uri=/api/v1/status latency_human="477.81µs"
2026-07-12 02:22:30 |TRC| method=GET status=200 uri=/api/v1/status latency_human="225.169µs"
2026-07-12 02:22:32 |TRC| method=GET status=200 uri=/api/v1/status latency_human="189.543µs"
2026-07-12 02:22:34 |TRC| method=GET status=200 uri=/api/v1/status latency_human="288.247µs"
2026-07-12 02:22:36 |TRC| method=GET status=200 uri=/api/v1/status latency_human="228.686µs"
2026-07-12 02:22:38 |TRC| method=GET status=200 uri=/api/v1/status latency_human="133.028µs"
2026-07-12 02:22:40 |TRC| method=GET status=200 uri=/api/v1/status latency_human="198.299µs"
2026-07-12 02:22:42 |TRC| method=GET status=200 uri=/api/v1/status latency_human="163.044µs"
2026-07-12 02:22:44 |TRC| method=GET status=200 uri=/api/v1/status latency_human="190.284µs"
2026-07-12 02:22:46 |TRC| method=GET status=200 uri=/api/v1/status latency_human="179.525µs"
2026-07-12 02:22:48 |TRC| method=GET status=200 uri=/api/v1/status latency_human="237.683µs"
2026-07-12 02:22:50 |TRC| method=GET status=200 uri=/api/v1/status latency_human="220.471µs"
2026-07-12 02:22:52 |TRC| method=GET status=200 uri=/api/v1/status latency_human="299.117µs"
2026-07-12 02:22:54 |TRC| method=GET status=200 uri=/api/v1/status latency_human="188.972µs"
2026-07-12 02:22:56 |TRC| method=GET status=200 uri=/api/v1/status latency_human="406.928µs"
2026-07-12 02:22:58 |TRC| method=GET status=200 uri=/api/v1/status latency_human="159.768µs"
2026-07-12 02:23:00 |TRC| method=GET status=200 uri=/api/v1/status latency_human="269.031µs"
2026-07-12 02:23:02 |TRC| method=GET status=200 uri=/api/v1/status latency_human="172.251µs"
2026-07-12 02:23:04 |TRC| method=GET status=200 uri=/api/v1/status latency_human="152.905µs"
2026-07-12 02:23:06 |TRC| method=GET status=200 uri=/api/v1/status latency_human="181.979µs"
2026-07-12 02:23:08 |TRC| method=GET status=200 uri=/api/v1/status latency_human="301.532µs"
2026-07-12 02:23:10 |TRC| method=GET status=200 uri=/api/v1/status latency_human="160.579µs"
2026-07-12 02:23:12 |TRC| method=GET status=200 uri=/api/v1/status latency_human="258.552µs"
2026-07-12 02:23:14 |TRC| method=GET status=200 uri=/api/v1/status latency_human="281.675µs"
2026-07-12 02:23:16 |TRC| method=GET status=200 uri=/api/v1/status latency_human="223.066µs"
2026-07-12 02:23:18 |TRC| method=GET status=200 uri=/api/v1/status latency_human="226.332µs"
2026-07-12 02:23:20 |TRC| method=GET status=200 uri=/api/v1/status latency_human="154.217µs"
2026-07-12 02:23:22 |TRC| method=GET status=200 uri=/api/v1/status latency_human="171.56µs"
2026-07-12 02:23:24 |TRC| method=GET status=200 uri=/api/v1/status latency_human="173.454µs"
2026-07-12 02:23:26 |TRC| method=GET status=200 uri=/api/v1/status latency_human="182.711µs"
2026-07-12 02:23:28 |TRC| method=GET status=200 uri=/api/v1/status latency_human="172.562µs"
2026-07-12 02:23:30 |TRC| method=GET status=200 uri=/api/v1/status latency_human="176.79µs"
2026-07-12 02:23:32 |TRC| method=GET status=200 uri=/api/v1/status latency_human="178.683µs"
2026-07-12 02:23:34 |TRC| method=GET status=200 uri=/api/v1/status latency_human="173.574µs"
2026-07-12 02:23:36 |TRC| method=GET status=200 uri=/api/v1/status latency_human="178.703µs"
2026-07-12 02:23:38 |TRC| method=GET status=200 uri=/api/v1/status latency_human="180.217µs"
2026-07-12 02:23:40 |TRC| method=GET status=200 uri=/api/v1/status latency_human="274.893µs"
2026-07-12 02:23:42 |TRC| method=GET status=200 uri=/api/v1/status latency_human="382.223µs"
2026-07-12 02:23:44 |TRC| method=GET status=200 uri=/api/v1/status latency_human="170.769µs"
2026-07-12 02:23:46 |TRC| method=GET status=200 uri=/api/v1/status latency_human="175.457µs"
2026-07-12 02:23:48 |TRC| method=GET status=200 uri=/api/v1/status latency_human="159.287µs"
2026-07-12 02:23:50 |TRC| method=GET status=200 uri=/api/v1/status latency_human="423.009µs"
2026-07-12 02:23:52 |TRC| method=GET status=200 uri=/api/v1/status latency_human="166.571µs"
2026-07-12 02:23:54 |TRC| method=GET status=200 uri=/api/v1/status latency_human="242.873µs"
2026-07-12 02:23:56 |TRC| method=GET status=200 uri=/api/v1/status latency_human="296.724µs"
2026-07-12 02:23:58 |TRC| method=GET status=200 uri=/api/v1/status latency_human="196.727µs"
2026-07-12 02:24:00 |TRC| method=GET status=200 uri=/api/v1/status latency_human="244.977µs"
2026-07-12 02:24:02 |TRC| method=GET status=200 uri=/api/v1/status latency_human="175.528µs"
2026-07-12 02:24:04 |TRC| method=GET status=200 uri=/api/v1/status latency_human="260.846µs"
2026-07-12 02:24:06 |TRC| method=GET status=200 uri=/api/v1/status latency_human="231.181µs"
2026-07-12 02:24:08 |TRC| method=GET status=200 uri=/api/v1/status latency_human="191.568µs"
2026-07-12 02:24:10 |TRC| method=GET status=200 uri=/api/v1/status latency_human="175.227µs"
2026-07-12 02:24:12 |TRC| method=GET status=200 uri=/api/v1/status latency_human="177.121µs"
2026-07-12 02:24:14 |TRC| method=GET status=200 uri=/api/v1/status latency_human="173.794µs"
2026-07-12 02:24:16 |TRC| method=GET status=200 uri=/api/v1/status latency_human="155.62µs"
2026-07-12 02:24:18 |TRC| method=GET status=200 uri=/api/v1/status latency_human="174.666µs"
2026-07-12 02:24:20 |TRC| method=GET status=200 uri=/api/v1/status latency_human="176.84µs"
2026-07-12 02:24:22 |TRC| method=GET status=200 uri=/api/v1/status latency_human="245.238µs"
2026-07-12 02:24:24 |TRC| method=GET status=200 uri=/api/v1/status latency_human="160.95µs"
2026-07-12 02:24:26 |TRC| method=GET status=200 uri=/api/v1/status latency_human="169.145µs"
2026-07-12 02:24:28 |TRC| method=GET status=200 uri=/api/v1/status latency_human="200.043µs"
2026-07-12 02:24:30 |TRC| method=GET status=200 uri=/api/v1/status latency_human="256.178µs"
2026-07-12 02:24:32 |TRC| method=GET status=200 uri=/api/v1/status latency_human="137.907µs"
2026-07-12 02:24:34 |TRC| method=GET status=200 uri=/api/v1/status latency_human="159.097µs"
2026-07-12 02:24:36 |TRC| method=GET status=200 uri=/api/v1/status latency_human="136.475µs"
2026-07-12 02:24:38 |TRC| method=GET status=200 uri=/api/v1/status latency_human="214.31µs"
2026-07-12 02:24:40 |TRC| method=GET status=200 uri=/api/v1/status latency_human="166.751µs"
2026-07-12 02:24:42 |TRC| method=GET status=200 uri=/api/v1/status latency_human="170.318µs"
2026-07-12 02:24:44 |TRC| method=GET status=200 uri=/api/v1/status latency_human="161.332µs"
2026-07-12 02:24:46 |TRC| method=GET status=200 uri=/api/v1/status latency_human="173.233µs"
2026-07-12 02:24:48 |TRC| method=GET status=200 uri=/api/v1/status latency_human="167.162µs"
2026-07-12 02:24:50 |TRC| method=GET status=200 uri=/api/v1/status latency_human="159.879µs"
2026-07-12 02:24:52 |TRC| method=GET status=200 uri=/api/v1/status latency_human="171.02µs"
2026-07-12 02:24:54 |TRC| method=GET status=200 uri=/api/v1/status latency_human="188.351µs"
2026-07-12 02:24:56 |TRC| method=GET status=200 uri=/api/v1/status latency_human="157.924µs"
2026-07-12 02:24:58 |TRC| method=GET status=200 uri=/api/v1/status latency_human="162.613µs"
2026-07-12 02:25:00 |TRC| method=GET status=200 uri=/api/v1/status latency_human="168.865µs"
2026-07-12 02:25:02 |TRC| method=GET status=200 uri=/api/v1/status latency_human="180.256µs"
2026-07-12 02:25:04 |TRC| method=GET status=200 uri=/api/v1/status latency_human="187.73µs"
2026-07-12 02:25:06 |TRC| method=GET status=200 uri=/api/v1/status latency_human="200.174µs"
2026-07-12 02:25:08 |TRC| method=GET status=200 uri=/api/v1/status latency_human="151.563µs"
2026-07-12 02:25:10 |TRC| method=GET status=200 uri=/api/v1/status latency_human="251.77µs"
2026-07-12 02:25:12 |TRC| method=GET status=200 uri=/api/v1/status latency_human="255.908µs"
2026-07-12 02:25:14 |TRC| method=GET status=200 uri=/api/v1/status latency_human="158.416µs"
2026-07-12 02:25:16 |TRC| method=GET status=200 uri=/api/v1/status latency_human="159.698µs"
2026-07-12 02:25:18 |TRC| method=GET status=200 uri=/api/v1/status latency_human="158.246µs"
2026-07-12 02:25:20 |TRC| method=GET status=200 uri=/api/v1/status latency_human="162.554µs"
2026-07-12 02:25:22 |TRC| method=GET status=200 uri=/api/v1/status latency_human="166.561µs"
2026-07-12 02:25:24 |TRC| method=GET status=200 uri=/api/v1/status latency_human="174.656µs"
2026-07-12 02:25:26 |TRC| method=GET status=200 uri=/api/v1/status latency_human="183.453µs"
2026-07-12 02:25:28 |TRC| method=GET status=200 uri=/api/v1/status latency_human="166.481µs"
2026-07-12 02:25:30 |TRC| method=GET status=200 uri=/api/v1/status latency_human="177.792µs"
2026-07-12 02:25:32 |TRC| method=GET status=200 uri=/api/v1/status latency_human="260.948µs"
2026-07-12 02:25:34 |TRC| method=GET status=200 uri=/api/v1/status latency_human="162.383µs"
2026-07-12 02:25:36 |TRC| method=GET status=200 uri=/api/v1/status latency_human="141.104µs"
2026-07-12 02:25:38 |TRC| method=GET status=200 uri=/api/v1/status latency_human="191.939µs"
2026-07-12 02:25:40 |TRC| method=GET status=200 uri=/api/v1/status latency_human="137.277µs"
2026-07-12 02:25:42 |TRC| method=GET status=200 uri=/api/v1/status latency_human="165.589µs"
2026-07-12 02:25:44 |TRC| method=GET status=200 uri=/api/v1/status latency_human="155.02µs"
2026-07-12 02:25:46 |TRC| method=GET status=200 uri=/api/v1/status latency_human="211.576µs"
2026-07-12 02:25:48 |TRC| method=GET status=200 uri=/api/v1/status latency_human="205.644µs"
2026-07-12 02:25:50 |TRC| method=GET status=200 uri=/api/v1/status latency_human="151.242µs"
2026-07-12 02:25:52 |TRC| method=GET status=200 uri=/api/v1/status latency_human="170.899µs"
2026-07-12 02:25:54 |TRC| method=GET status=200 uri=/api/v1/status latency_human="158.877µs"
2026-07-12 02:25:56 |TRC| method=GET status=200 uri=/api/v1/status latency_human="203.721µs"
2026-07-12 02:25:58 |TRC| method=GET status=200 uri=/api/v1/status latency_human="220.401µs"
2026-07-12 02:26:00 |TRC| method=GET status=200 uri=/api/v1/status latency_human="162.904µs"
2026-07-12 02:26:02 |TRC| method=GET status=200 uri=/api/v1/status latency_human="125.685µs"
2026-07-12 02:26:04 |TRC| method=GET status=200 uri=/api/v1/status latency_human="151.433µs"
2026-07-12 02:26:06 |TRC| method=GET status=200 uri=/api/v1/status latency_human="162.103µs"
2026-07-12 02:26:08 |TRC| method=GET status=200 uri=/api/v1/status latency_human="173.584µs"
2026-07-12 02:26:10 |TRC| method=GET status=200 uri=/api/v1/status latency_human="188.352µs"
2026-07-12 02:26:12 |TRC| method=GET status=200 uri=/api/v1/status latency_human="159.919µs"
2026-07-12 02:26:14 |TRC| method=GET status=200 uri=/api/v1/status latency_human="175.177µs"
2026-07-12 02:26:16 |TRC| method=GET status=200 uri=/api/v1/status latency_human="262.37µs"
2026-07-12 02:26:16 |DBG| anilist > Fetching anime collection
2026-07-12 02:26:16 |TRC| ws > Sending message type=check-for-announcements
2026-07-12 02:26:16 |TRC| method=POST status=200 uri=/api/v1/announcements latency_human="170.279µs"
2026-07-12 02:26:17 |INF| anilist > Successful Request rlr=29 rtt=515ms
2026-07-12 02:26:17 |TRC| ws > Sending message type=refreshed-anilist-anime-collection
2026-07-12 02:26:17 |DBG| anilist > Fetching manga collection
2026-07-12 02:26:17 |TRC| method=GET status=200 uri=/api/v1/library/collection latency_human="129.292µs"
2026-07-12 02:26:17 |TRC| method=GET status=200 uri=/api/v1/library/collection latency_human="127.959µs"
2026-07-12 02:26:17 |TRC| method=GET status=200 uri=/api/v1/anilist/collection latency_human="66.925µs"
2026-07-12 02:26:17 |TRC| method=GET status=200 uri=/api/v1/anilist/collection latency_human="98.314µs"
2026-07-12 02:26:17 |TRC| anilist platform > Fetching anime mediaId=196017
2026-07-12 02:26:17 |TRC| anilist platform > Returning anime from cache
2026-07-12 02:26:17 |TRC| method=GET status=200 uri=/api/v1/library/anime-entry/196017 latency_human="771.291µs"
2026-07-12 02:26:17 |TRC| anilist platform > Fetching anime mediaId=196017
2026-07-12 02:26:17 |TRC| anilist platform > Returning anime from cache
2026-07-12 02:26:17 |TRC| method=GET status=200 uri=/api/v1/library/anime-entry/196017 latency_human="935.128µs"
2026-07-12 02:26:17 |TRC| method=GET status=200 uri=/api/v1/library/missing-episodes latency_human="341.579µs"
2026-07-12 02:26:17 |TRC| method=GET status=200 uri=/api/v1/library/missing-episodes latency_human="103.333µs"
2026-07-12 02:26:17 |INF| anilist > Successful Request rlr=28 rtt=409ms
2026-07-12 02:26:17 |TRC| ws > Sending message type=refreshed-anilist-manga-collection
2026-07-12 02:26:17 |TRC| method=GET status=200 uri=/api/v1/manga/collection latency_human="86.612µs"
2026-07-12 02:26:17 |TRC| method=GET status=200 uri=/api/v1/manga/collection latency_human="83.156µs"
2026-07-12 02:26:18 |TRC| method=GET status=200 uri=/api/v1/status latency_human="232.345µs"
2026-07-12 02:26:20 |TRC| method=GET status=200 uri=/api/v1/status latency_human="157.785µs"
2026-07-12 02:26:22 |TRC| method=GET status=200 uri=/api/v1/status latency_human="181.029µs"
2026-07-12 02:26:24 |TRC| method=GET status=200 uri=/api/v1/status latency_human="170.479µs"
2026-07-12 02:26:26 |TRC| method=GET status=200 uri=/api/v1/status latency_human="212.237µs"
2026-07-12 02:26:28 |TRC| method=GET status=200 uri=/api/v1/status latency_human="350.525µs"
2026-07-12 02:26:30 |TRC| method=GET status=200 uri=/api/v1/status latency_human="189.284µs"
2026-07-12 02:26:32 |TRC| method=GET status=200 uri=/api/v1/status latency_human="170.018µs"
2026-07-12 02:26:34 |TRC| method=GET status=200 uri=/api/v1/status latency_human="170.719µs"
2026-07-12 02:26:36 |TRC| method=GET status=200 uri=/api/v1/status latency_human="197.86µs"
2026-07-12 02:26:38 |TRC| method=GET status=200 uri=/api/v1/status latency_human="184.345µs"
2026-07-12 02:26:40 |TRC| method=GET status=200 uri=/api/v1/status latency_human="309.238µs"
2026-07-12 02:26:42 |TRC| method=GET status=200 uri=/api/v1/status latency_human="291.796µs"
2026-07-12 02:26:44 |TRC| method=GET status=200 uri=/api/v1/status latency_human="172.543µs"
2026-07-12 02:26:46 |TRC| method=GET status=200 uri=/api/v1/status latency_human="172.112µs"
2026-07-12 02:26:48 |TRC| method=GET status=200 uri=/api/v1/status latency_human="209.051µs"
2026-07-12 02:26:50 |TRC| method=GET status=200 uri=/api/v1/status latency_human="213.429µs"
2026-07-12 02:26:52 |TRC| method=GET status=200 uri=/api/v1/status latency_human="171.731µs"
2026-07-12 02:26:54 |TRC| method=GET status=200 uri=/api/v1/status latency_human="191.959µs"
2026-07-12 02:26:56 |TRC| method=GET status=200 uri=/api/v1/status latency_human="151.393µs"
2026-07-12 02:26:58 |TRC| method=GET status=200 uri=/api/v1/status latency_human="241.071µs"
2026-07-12 02:27:00 |TRC| method=GET status=200 uri=/api/v1/status latency_human="263.703µs"
2026-07-12 02:27:02 |TRC| method=GET status=200 uri=/api/v1/status latency_human="221.715µs"
2026-07-12 02:27:04 |TRC| method=GET status=200 uri=/api/v1/status latency_human="345.727µs"
2026-07-12 02:27:06 |TRC| method=GET status=200 uri=/api/v1/status latency_human="159.468µs"
2026-07-12 02:27:08 |TRC| method=GET status=200 uri=/api/v1/status latency_human="199.653µs"
2026-07-12 02:27:10 |TRC| method=GET status=200 uri=/api/v1/status latency_human="141.224µs"
2026-07-12 02:27:12 |TRC| method=GET status=200 uri=/api/v1/status latency_human="237.323µs"
2026-07-12 02:27:14 |TRC| method=GET status=200 uri=/api/v1/status latency_human="229.319µs"
2026-07-12 02:27:16 |TRC| method=GET status=200 uri=/api/v1/status latency_human="188.783µs"
2026-07-12 02:27:18 |TRC| method=GET status=200 uri=/api/v1/status latency_human="190.096µs"
2026-07-12 02:27:20 |TRC| method=GET status=200 uri=/api/v1/status latency_human="175.107µs"
2026-07-12 02:27:22 |TRC| method=GET status=200 uri=/api/v1/status latency_human="183.954µs"
2026-07-12 02:27:24 |TRC| method=GET status=200 uri=/api/v1/status latency_human="189.475µs"
2026-07-12 02:27:26 |TRC| method=GET status=200 uri=/api/v1/status latency_human="158.767µs"
2026-07-12 02:27:28 |TRC| method=GET status=200 uri=/api/v1/status latency_human="190.296µs"
2026-07-12 02:27:30 |TRC| method=GET status=200 uri=/api/v1/status latency_human="166.591µs"
2026-07-12 02:27:32 |TRC| method=GET status=200 uri=/api/v1/status latency_human="226.363µs"
2026-07-12 02:27:34 |TRC| method=GET status=200 uri=/api/v1/status latency_human="190.336µs"
2026-07-12 02:27:36 |TRC| method=GET status=200 uri=/api/v1/status latency_human="187.691µs"
2026-07-12 02:27:38 |TRC| method=GET status=200 uri=/api/v1/status latency_human="159.528µs"
2026-07-12 02:27:40 |TRC| method=GET status=200 uri=/api/v1/status latency_human="169.186µs"
2026-07-12 02:27:42 |TRC| method=GET status=200 uri=/api/v1/status latency_human="153.017µs"
2026-07-12 02:27:44 |TRC| method=GET status=200 uri=/api/v1/status latency_human="910.483µs"
2026-07-12 02:27:46 |TRC| method=GET status=200 uri=/api/v1/status latency_human="145.242µs"
2026-07-12 02:27:48 |TRC| method=GET status=200 uri=/api/v1/status latency_human="224.339µs"
2026-07-12 02:27:50 |TRC| method=GET status=200 uri=/api/v1/status latency_human="272.079µs"
2026-07-12 02:27:52 |TRC| method=GET status=200 uri=/api/v1/status latency_human="197.64µs"
2026-07-12 02:27:54 |TRC| method=GET status=200 uri=/api/v1/status latency_human="130.033µs"
2026-07-12 02:27:56 |TRC| method=GET status=200 uri=/api/v1/status latency_human="197.69µs"
2026-07-12 02:27:58 |TRC| method=GET status=200 uri=/api/v1/status latency_human="167.142µs"
2026-07-12 02:28:00 |TRC| method=GET status=200 uri=/api/v1/status latency_human="197.53µs"
2026-07-12 02:28:02 |TRC| method=GET status=200 uri=/api/v1/status latency_human="133.029µs"
2026-07-12 02:28:04 |TRC| method=GET status=200 uri=/api/v1/status latency_human="197.83µs"
2026-07-12 02:28:06 |TRC| method=GET status=200 uri=/api/v1/status latency_human="221.745µs"
2026-07-12 02:28:08 |TRC| method=GET status=200 uri=/api/v1/status latency_human="138.309µs"
2026-07-12 02:28:10 |TRC| method=GET status=200 uri=/api/v1/status latency_human="126.506µs"
2026-07-12 02:28:12 |TRC| method=GET status=200 uri=/api/v1/status latency_human="201.688µs"
2026-07-12 02:28:14 |TRC| method=GET status=200 uri=/api/v1/status latency_human="153.868µs"
2026-07-12 02:28:16 |TRC| method=GET status=200 uri=/api/v1/status latency_human="151.854µs"
2026-07-12 02:28:18 |TRC| method=GET status=200 uri=/api/v1/status latency_human="140.954µs"
2026-07-12 02:28:20 |TRC| method=GET status=200 uri=/api/v1/status latency_human="153.177µs"
2026-07-12 02:28:22 |TRC| method=GET status=200 uri=/api/v1/status latency_human="150.622µs"
2026-07-12 02:28:24 |TRC| method=GET status=200 uri=/api/v1/status latency_human="234.6µs"
2026-07-12 02:28:26 |TRC| method=GET status=200 uri=/api/v1/status latency_human="175.999µs"
2026-07-12 02:28:28 |TRC| method=GET status=200 uri=/api/v1/status latency_human="170.99µs"
2026-07-12 02:28:30 |TRC| method=GET status=200 uri=/api/v1/status latency_human="150.191µs"
2026-07-12 02:28:32 |TRC| method=GET status=200 uri=/api/v1/status latency_human="254.476µs"
2026-07-12 02:28:34 |TRC| method=GET status=200 uri=/api/v1/status latency_human="149.009µs"
2026-07-12 02:28:36 |TRC| method=GET status=200 uri=/api/v1/status latency_human="155.23µs"
2026-07-12 02:28:38 |TRC| method=GET status=200 uri=/api/v1/status latency_human=1.740097ms
2026-07-12 02:28:40 |TRC| method=GET status=200 uri=/api/v1/status latency_human="125.024µs"
2026-07-12 02:28:42 |TRC| method=GET status=200 uri=/api/v1/status latency_human="169.668µs"
2026-07-12 02:28:44 |TRC| method=GET status=200 uri=/api/v1/status latency_human="160.37µs"
2026-07-12 02:28:46 |TRC| method=GET status=200 uri=/api/v1/status latency_human="209.041µs"
2026-07-12 02:28:48 |TRC| method=GET status=200 uri=/api/v1/status latency_human="149.971µs"
2026-07-12 02:28:50 |TRC| method=GET status=200 uri=/api/v1/status latency_human="202.589µs"
2026-07-12 02:28:52 |TRC| method=GET status=200 uri=/api/v1/status latency_human="180.017µs"
2026-07-12 02:28:54 |TRC| method=GET status=200 uri=/api/v1/status latency_human="179.125µs"
2026-07-12 02:28:56 |TRC| method=GET status=200 uri=/api/v1/status latency_human="161.593µs"
2026-07-12 02:28:58 |TRC| method=GET status=200 uri=/api/v1/status latency_human="186.75µs"
2026-07-12 02:29:00 |TRC| method=GET status=200 uri=/api/v1/status latency_human="161.122µs"
2026-07-12 02:29:02 |TRC| method=GET status=200 uri=/api/v1/status latency_human="153.327µs"
2026-07-12 02:29:04 |TRC| method=GET status=200 uri=/api/v1/status latency_human="194.484µs"
2026-07-12 02:29:06 |TRC| method=GET status=200 uri=/api/v1/status latency_human=1.866204ms
2026-07-12 02:29:08 |TRC| method=GET status=200 uri=/api/v1/status latency_human="192.21µs"
2026-07-12 02:29:10 |TRC| method=GET status=200 uri=/api/v1/status latency_human="381.203µs"
2026-07-12 02:29:12 |TRC| method=GET status=200 uri=/api/v1/status latency_human="333.444µs"
2026-07-12 02:29:14 |TRC| method=GET status=200 uri=/api/v1/status latency_human="235.261µs"
2026-07-12 02:29:16 |TRC| method=GET status=200 uri=/api/v1/status latency_human="222.757µs"
2026-07-12 02:29:18 |TRC| method=GET status=200 uri=/api/v1/status latency_human="133.851µs"
2026-07-12 02:29:20 |TRC| method=GET status=200 uri=/api/v1/status latency_human="214.883µs"
2026-07-12 02:29:22 |TRC| method=GET status=200 uri=/api/v1/status latency_human="179.856µs"
2026-07-12 02:29:24 |TRC| method=GET status=200 uri=/api/v1/status latency_human="194.735µs"
2026-07-12 02:29:26 |TRC| method=GET status=200 uri=/api/v1/status latency_human="210.694µs"
2026-07-12 02:29:28 |TRC| method=GET status=200 uri=/api/v1/status latency_human="127.599µs"
2026-07-12 02:29:30 |TRC| method=GET status=200 uri=/api/v1/status latency_human="150.893µs"
2026-07-12 02:29:32 |TRC| method=GET status=200 uri=/api/v1/status latency_human="126.587µs"
2026-07-12 02:29:34 |TRC| method=GET status=200 uri=/api/v1/status latency_human="186.449µs"
2026-07-12 02:29:36 |TRC| method=GET status=200 uri=/api/v1/status latency_human="301.514µs"
2026-07-12 02:29:38 |TRC| method=GET status=200 uri=/api/v1/status latency_human="187.841µs"
2026-07-12 02:29:40 |TRC| method=GET status=200 uri=/api/v1/status latency_human="212.287µs"
2026-07-12 02:29:42 |TRC| method=GET status=200 uri=/api/v1/status latency_human="172.724µs"
2026-07-12 02:29:44 |TRC| method=GET status=200 uri=/api/v1/status latency_human="190.296µs"
2026-07-12 02:29:46 |TRC| method=GET status=200 uri=/api/v1/status latency_human="197.51µs"
2026-07-12 02:29:48 |TRC| method=GET status=200 uri=/api/v1/status latency_human="340.137µs"
2026-07-12 02:29:50 |TRC| method=GET status=200 uri=/api/v1/status latency_human="256.57µs"
2026-07-12 02:29:52 |TRC| method=GET status=200 uri=/api/v1/status latency_human="247.934µs"
2026-07-12 02:29:54 |TRC| method=GET status=200 uri=/api/v1/status latency_human="207.689µs"
2026-07-12 02:29:56 |TRC| method=GET status=200 uri=/api/v1/status latency_human="183.214µs"
2026-07-12 02:29:58 |TRC| method=GET status=200 uri=/api/v1/status latency_human="153.869µs"
2026-07-12 02:30:00 |TRC| method=GET status=200 uri=/api/v1/status latency_human="164.428µs"
2026-07-12 02:30:02 |TRC| method=GET status=200 uri=/api/v1/status latency_human="131.807µs"
2026-07-12 02:30:04 |TRC| method=GET status=200 uri=/api/v1/status latency_human="388.217µs"
2026-07-12 02:30:06 |TRC| method=GET status=200 uri=/api/v1/status latency_human="326.091µs"
2026-07-12 02:30:08 |TRC| method=GET status=200 uri=/api/v1/status latency_human="184.416µs"
2026-07-12 02:30:10 |TRC| method=GET status=200 uri=/api/v1/status latency_human="251.101µs"
2026-07-12 02:30:12 |TRC| method=GET status=200 uri=/api/v1/status latency_human="211.306µs"
2026-07-12 02:30:14 |TRC| method=GET status=200 uri=/api/v1/status latency_human="150.502µs"
2026-07-12 02:30:16 |TRC| method=GET status=200 uri=/api/v1/status latency_human="141.695µs"
2026-07-12 02:30:18 |TRC| method=GET status=200 uri=/api/v1/status latency_human="184.306µs"
2026-07-12 02:30:20 |TRC| method=GET status=200 uri=/api/v1/status latency_human="165.48µs"
2026-07-12 02:30:22 |TRC| method=GET status=200 uri=/api/v1/status latency_human="163.797µs"
2026-07-12 02:30:24 |TRC| method=GET status=200 uri=/api/v1/status latency_human="166.823µs"
2026-07-12 02:30:26 |TRC| method=GET status=200 uri=/api/v1/status latency_human="159.86µs"
2026-07-12 02:30:28 |TRC| method=GET status=200 uri=/api/v1/status latency_human="153.026µs"
2026-07-12 02:30:30 |TRC| method=GET status=200 uri=/api/v1/status latency_human="152.185µs"
2026-07-12 02:30:32 |TRC| method=GET status=200 uri=/api/v1/status latency_human="152.565µs"
2026-07-12 02:30:34 |TRC| method=GET status=200 uri=/api/v1/status latency_human="167.944µs"
2026-07-12 02:30:36 |TRC| method=GET status=200 uri=/api/v1/status latency_human="204.212µs"
2026-07-12 02:30:38 |TRC| method=GET status=200 uri=/api/v1/status latency_human="159.108µs"
2026-07-12 02:30:40 |TRC| method=GET status=200 uri=/api/v1/status latency_human="178.194µs"
2026-07-12 02:30:42 |TRC| method=GET status=200 uri=/api/v1/status latency_human="169.808µs"
2026-07-12 02:30:44 |TRC| method=GET status=200 uri=/api/v1/status latency_human="182.041µs"
2026-07-12 02:30:46 |TRC| method=GET status=200 uri=/api/v1/status latency_human="179.446µs"
2026-07-12 02:30:48 |TRC| method=GET status=200 uri=/api/v1/status latency_human="159.729µs"
2026-07-12 02:30:50 |TRC| method=GET status=200 uri=/api/v1/status latency_human="188.263µs"
2026-07-12 02:30:52 |TRC| method=GET status=200 uri=/api/v1/status latency_human="196.488µs"
2026-07-12 02:30:54 |TRC| method=GET status=200 uri=/api/v1/status latency_human="178.064µs"
2026-07-12 02:30:56 |TRC| method=GET status=200 uri=/api/v1/status latency_human="162.976µs"
2026-07-12 02:30:58 |TRC| method=GET status=200 uri=/api/v1/status latency_human="154.7µs"
2026-07-12 02:31:00 |TRC| method=GET status=200 uri=/api/v1/status latency_human="179.446µs"
2026-07-12 02:31:02 |TRC| method=GET status=200 uri=/api/v1/status latency_human="311.233µs"
2026-07-12 02:31:04 |TRC| method=GET status=200 uri=/api/v1/status latency_human="419.867µs"
2026-07-12 02:31:06 |TRC| method=GET status=200 uri=/api/v1/status latency_human="178.304µs"
2026-07-12 02:31:08 |TRC| method=GET status=200 uri=/api/v1/status latency_human="178.424µs"
2026-07-12 02:31:10 |TRC| method=GET status=200 uri=/api/v1/status latency_human="244.809µs"
2026-07-12 02:31:12 |TRC| method=GET status=200 uri=/api/v1/status latency_human="216.426µs"
2026-07-12 02:31:14 |TRC| method=GET status=200 uri=/api/v1/status latency_human="233.498µs"
2026-07-12 02:31:16 |TRC| method=GET status=200 uri=/api/v1/status latency_human="182.743µs"
2026-07-12 02:31:18 |TRC| method=GET status=200 uri=/api/v1/status latency_human="210.825µs"
2026-07-12 02:31:20 |TRC| method=GET status=200 uri=/api/v1/status latency_human="192.852µs"
2026-07-12 02:31:22 |TRC| method=GET status=200 uri=/api/v1/status latency_human="129.423µs"
2026-07-12 02:31:24 |TRC| method=GET status=200 uri=/api/v1/status latency_human="172.142µs"
2026-07-12 02:31:26 |TRC| method=GET status=200 uri=/api/v1/status latency_human="162.194µs"
2026-07-12 02:31:28 |TRC| method=GET status=200 uri=/api/v1/status latency_human="159.068µs"
2026-07-12 02:31:30 |TRC| method=GET status=200 uri=/api/v1/status latency_human="220.583µs"
2026-07-12 02:31:32 |TRC| method=GET status=200 uri=/api/v1/status latency_human="181.941µs"
2026-07-12 02:31:34 |TRC| method=GET status=200 uri=/api/v1/status latency_human="157.395µs"
2026-07-12 02:31:36 |TRC| method=GET status=200 uri=/api/v1/status latency_human="156.573µs"
2026-07-12 02:31:38 |TRC| method=GET status=200 uri=/api/v1/status latency_human="179.417µs"
2026-07-12 02:31:40 |TRC| method=GET status=200 uri=/api/v1/status latency_human="147.898µs"
2026-07-12 02:31:42 |TRC| method=GET status=200 uri=/api/v1/status latency_human="147.045µs"
2026-07-12 02:31:44 |TRC| method=GET status=200 uri=/api/v1/status latency_human="217.558µs"
2026-07-12 02:31:46 |TRC| method=GET status=200 uri=/api/v1/status latency_human="175.8µs"
2026-07-12 02:31:48 |TRC| method=GET status=200 uri=/api/v1/status latency_human="142.657µs"
2026-07-12 02:31:50 |TRC| method=GET status=200 uri=/api/v1/status latency_human="144.632µs"
2026-07-12 02:31:52 |TRC| method=GET status=200 uri=/api/v1/status latency_human="152.697µs"
2026-07-12 02:31:54 |TRC| method=GET status=200 uri=/api/v1/status latency_human="203.191µs"
2026-07-12 02:31:56 |TRC| method=GET status=200 uri=/api/v1/status latency_human="162.524µs"
2026-07-12 02:31:58 |TRC| method=GET status=200 uri=/api/v1/status latency_human="155.241µs"
2026-07-12 02:32:00 |TRC| method=GET status=200 uri=/api/v1/status latency_human="156.964µs"
2026-07-12 02:32:02 |TRC| method=GET status=200 uri=/api/v1/status latency_human="165.74µs"
2026-07-12 02:32:04 |TRC| method=GET status=200 uri=/api/v1/status latency_human="172.603µs"
2026-07-12 02:32:06 |TRC| method=GET status=200 uri=/api/v1/status latency_human="190.537µs"
2026-07-12 02:32:08 |TRC| method=GET status=200 uri=/api/v1/status latency_human="242.455µs"
2026-07-12 02:32:10 |TRC| method=GET status=200 uri=/api/v1/status latency_human="311.995µs"
2026-07-12 02:32:12 |TRC| method=GET status=200 uri=/api/v1/status latency_human="374.081µs"
2026-07-12 02:32:14 |TRC| method=GET status=200 uri=/api/v1/status latency_human="313.016µs"
2026-07-12 02:32:16 |TRC| method=GET status=200 uri=/api/v1/status latency_human="306.876µs"
2026-07-12 02:32:18 |TRC| method=GET status=200 uri=/api/v1/status latency_human="188.593µs"
2026-07-12 02:32:20 |TRC| method=GET status=200 uri=/api/v1/status latency_human="207.779µs"
2026-07-12 02:32:22 |TRC| method=GET status=200 uri=/api/v1/status latency_human="162.294µs"
2026-07-12 02:32:24 |TRC| method=GET status=200 uri=/api/v1/status latency_human="200.305µs"
2026-07-12 02:32:26 |TRC| method=GET status=200 uri=/api/v1/status latency_human="164.409µs"
2026-07-12 02:32:28 |TRC| method=GET status=200 uri=/api/v1/status latency_human="175.529µs"
2026-07-12 02:32:30 |TRC| method=GET status=200 uri=/api/v1/status latency_human="221.425µs"
2026-07-12 02:32:32 |TRC| method=GET status=200 uri=/api/v1/status latency_human="180.599µs"
2026-07-12 02:32:34 |TRC| method=GET status=200 uri=/api/v1/status latency_human="385.313µs"
2026-07-12 02:32:36 |TRC| method=GET status=200 uri=/api/v1/status latency_human="268.673µs"
2026-07-12 02:32:38 |TRC| method=GET status=200 uri=/api/v1/status latency_human="214.913µs"
2026-07-12 02:32:40 |TRC| method=GET status=200 uri=/api/v1/status latency_human="213.471µs"
2026-07-12 02:32:42 |TRC| method=GET status=200 uri=/api/v1/status latency_human="214.823µs"
2026-07-12 02:32:44 |TRC| method=GET status=200 uri=/api/v1/status latency_human="181.861µs"
2026-07-12 02:32:46 |TRC| method=GET status=200 uri=/api/v1/status latency_human="190.658µs"
2026-07-12 02:32:48 |TRC| method=GET status=200 uri=/api/v1/status latency_human="166.883µs"
2026-07-12 02:32:50 |TRC| method=GET status=200 uri=/api/v1/status latency_human="204.263µs"
2026-07-12 02:32:52 |TRC| method=GET status=200 uri=/api/v1/status latency_human="201.488µs"
2026-07-12 02:32:54 |TRC| method=GET status=200 uri=/api/v1/status latency_human="179.938µs"
2026-07-12 02:32:56 |TRC| method=GET status=200 uri=/api/v1/status latency_human="236.734µs"
2026-07-12 02:32:58 |TRC| method=GET status=200 uri=/api/v1/status latency_human="162.985µs"
2026-07-12 02:33:00 |TRC| method=GET status=200 uri=/api/v1/status latency_human="208.781µs"
2026-07-12 02:33:02 |TRC| method=GET status=200 uri=/api/v1/status latency_human="165.06µs"
2026-07-12 02:33:04 |TRC| method=GET status=200 uri=/api/v1/status latency_human="148.077µs"
2026-07-12 02:33:06 |TRC| method=GET status=200 uri=/api/v1/status latency_human="242.074µs"
2026-07-12 02:33:08 |TRC| method=GET status=200 uri=/api/v1/status latency_human="180.218µs"
2026-07-12 02:33:10 |TRC| method=GET status=200 uri=/api/v1/status latency_human="257.393µs"
2026-07-12 02:33:12 |TRC| method=GET status=200 uri=/api/v1/status latency_human="166.432µs"
2026-07-12 02:33:14 |TRC| method=GET status=200 uri=/api/v1/status latency_human="319.92µs"
2026-07-12 02:33:16 |TRC| method=GET status=200 uri=/api/v1/status latency_human="263.364µs"
2026-07-12 02:33:18 |TRC| method=GET status=200 uri=/api/v1/status latency_human="190.267µs"
2026-07-12 02:33:20 |TRC| method=GET status=200 uri=/api/v1/status latency_human="197.601µs"
2026-07-12 02:33:22 |TRC| method=GET status=200 uri=/api/v1/status latency_human="218.089µs"
2026-07-12 02:33:24 |TRC| method=GET status=200 uri=/api/v1/status latency_human="271.89µs"
2026-07-12 02:33:26 |TRC| method=GET status=200 uri=/api/v1/status latency_human="183.565µs"
2026-07-12 02:33:28 |TRC| method=GET status=200 uri=/api/v1/status latency_human="161.944µs"
2026-07-12 02:33:30 |TRC| method=GET status=200 uri=/api/v1/status latency_human="176.461µs"
2026-07-12 02:33:32 |TRC| method=GET status=200 uri=/api/v1/status latency_human="162.555µs"
2026-07-12 02:33:34 |TRC| method=GET status=200 uri=/api/v1/status latency_human="174.226µs"
2026-07-12 02:33:36 |TRC| method=GET status=200 uri=/api/v1/status latency_human="261.6µs"
2026-07-12 02:33:38 |TRC| method=GET status=200 uri=/api/v1/status latency_human="341.3µs"
2026-07-12 02:33:40 |TRC| method=GET status=200 uri=/api/v1/status latency_human="145.373µs"
2026-07-12 02:33:42 |TRC| method=GET status=200 uri=/api/v1/status latency_human="148.198µs"
2026-07-12 02:33:44 |TRC| method=GET status=200 uri=/api/v1/status latency_human="764.263µs"
2026-07-12 02:33:46 |TRC| method=GET status=200 uri=/api/v1/status latency_human="138.359µs"
2026-07-12 02:33:48 |TRC| method=GET status=200 uri=/api/v1/status latency_human="252.293µs"
2026-07-12 02:33:50 |TRC| method=GET status=200 uri=/api/v1/status latency_human="153.317µs"
2026-07-12 02:33:52 |TRC| method=GET status=200 uri=/api/v1/status latency_human="131.507µs"
2026-07-12 02:33:54 |TRC| method=GET status=200 uri=/api/v1/status latency_human="158.988µs"
2026-07-12 02:33:56 |TRC| method=GET status=200 uri=/api/v1/status latency_human="245.721µs"
2026-07-12 02:33:58 |TRC| method=GET status=200 uri=/api/v1/status latency_human="237.836µs"
2026-07-12 02:34:00 |TRC| method=GET status=200 uri=/api/v1/status latency_human="162.545µs"
2026-07-12 02:34:02 |TRC| method=GET status=200 uri=/api/v1/status latency_human="155.582µs"
2026-07-12 02:34:04 |TRC| method=GET status=200 uri=/api/v1/status latency_human="178.174µs"
2026-07-12 02:34:06 |TRC| method=GET status=200 uri=/api/v1/status latency_human="171.131µs"
2026-07-12 02:34:08 |TRC| method=GET status=200 uri=/api/v1/status latency_human="174.627µs"
2026-07-12 02:34:10 |TRC| method=GET status=200 uri=/api/v1/status latency_human="199.665µs"
2026-07-12 02:34:12 |TRC| method=GET status=200 uri=/api/v1/status latency_human="184.556µs"
2026-07-12 02:34:14 |TRC| method=GET status=200 uri=/api/v1/status latency_human="247.144µs"
2026-07-12 02:34:16 |TRC| method=GET status=200 uri=/api/v1/status latency_human="156.193µs"
2026-07-12 02:34:18 |TRC| method=GET status=200 uri=/api/v1/status latency_human="234.22µs"
2026-07-12 02:34:20 |TRC| method=GET status=200 uri=/api/v1/status latency_human="196.99µs"
2026-07-12 02:34:22 |TRC| method=GET status=200 uri=/api/v1/status latency_human="162.385µs"
2026-07-12 02:34:24 |TRC| method=GET status=200 uri=/api/v1/status latency_human="194.695µs"
2026-07-12 02:34:26 |TRC| method=GET status=200 uri=/api/v1/status latency_human="226.966µs"
2026-07-12 02:34:28 |TRC| method=GET status=200 uri=/api/v1/status latency_human="193.092µs"
2026-07-12 02:34:30 |TRC| method=GET status=200 uri=/api/v1/status latency_human="223.089µs"
2026-07-12 02:34:32 |TRC| method=GET status=200 uri=/api/v1/status latency_human="177.312µs"
2026-07-12 02:34:34 |TRC| method=GET status=200 uri=/api/v1/status latency_human="177.153µs"
2026-07-12 02:34:36 |TRC| method=GET status=200 uri=/api/v1/status latency_human="267.602µs"
2026-07-12 02:34:38 |TRC| method=GET status=200 uri=/api/v1/status latency_human="163.036µs"
2026-07-12 02:34:40 |TRC| method=GET status=200 uri=/api/v1/status latency_human="163.286µs"
2026-07-12 02:34:42 |TRC| method=GET status=200 uri=/api/v1/status latency_human="168.065µs"
2026-07-12 02:34:44 |TRC| method=GET status=200 uri=/api/v1/status latency_human="186.059µs"
2026-07-12 02:34:46 |TRC| method=GET status=200 uri=/api/v1/status latency_human="157.946µs"
2026-07-12 02:34:48 |TRC| method=GET status=200 uri=/api/v1/status latency_human="205.556µs"
2026-07-12 02:34:50 |TRC| method=GET status=200 uri=/api/v1/status latency_human="254.147µs"
2026-07-12 02:34:52 |TRC| method=GET status=200 uri=/api/v1/status latency_human="189.976µs"
2026-07-12 02:34:54 |TRC| method=GET status=200 uri=/api/v1/status latency_human="156.894µs"
2026-07-12 02:34:56 |TRC| method=GET status=200 uri=/api/v1/status latency_human="160.941µs"
2026-07-12 02:34:58 |TRC| method=GET status=200 uri=/api/v1/status latency_human="187.352µs"
2026-07-12 02:35:00 |TRC| method=GET status=200 uri=/api/v1/status latency_human="201.008µs"
2026-07-12 02:35:02 |TRC| method=GET status=200 uri=/api/v1/status latency_human="160.531µs"
2026-07-12 02:35:04 |TRC| method=GET status=200 uri=/api/v1/status latency_human="155.913µs"
2026-07-12 02:35:06 |TRC| method=GET status=200 uri=/api/v1/status latency_human="198.042µs"
2026-07-12 02:35:08 |TRC| method=GET status=200 uri=/api/v1/status latency_human="178.866µs"
2026-07-12 02:35:10 |TRC| method=GET status=200 uri=/api/v1/status latency_human="171.411µs"
2026-07-12 02:35:12 |TRC| method=GET status=200 uri=/api/v1/status latency_human="161.944µs"
2026-07-12 02:35:14 |TRC| method=GET status=200 uri=/api/v1/status latency_human="193.924µs"
2026-07-12 02:35:16 |TRC| method=GET status=200 uri=/api/v1/status latency_human="189.325µs"
2026-07-12 02:35:18 |TRC| method=GET status=200 uri=/api/v1/status latency_human="174.337µs"
2026-07-12 02:35:20 |TRC| method=GET status=200 uri=/api/v1/status latency_human="185.919µs"
2026-07-12 02:35:22 |TRC| method=GET status=200 uri=/api/v1/status latency_human="169.348µs"
2026-07-12 02:35:24 |TRC| method=GET status=200 uri=/api/v1/status latency_human="180.629µs"
2026-07-12 02:35:26 |TRC| method=GET status=200 uri=/api/v1/status latency_human="160.381µs"
2026-07-12 02:35:28 |TRC| method=GET status=200 uri=/api/v1/status latency_human="162.195µs"
2026-07-12 02:35:30 |TRC| method=GET status=200 uri=/api/v1/status latency_human="181.591µs"
2026-07-12 02:35:32 |TRC| method=GET status=200 uri=/api/v1/status latency_human="152.226µs"
2026-07-12 02:35:34 |TRC| method=GET status=200 uri=/api/v1/status latency_human="261.481µs"
2026-07-12 02:35:36 |TRC| method=GET status=200 uri=/api/v1/status latency_human="258.545µs"
2026-07-12 02:35:38 |TRC| method=GET status=200 uri=/api/v1/status latency_human="156.323µs"
2026-07-12 02:35:40 |TRC| method=GET status=200 uri=/api/v1/status latency_human="183.925µs"
2026-07-12 02:35:42 |TRC| method=GET status=200 uri=/api/v1/status latency_human="166.082µs"
2026-07-12 02:35:44 |TRC| method=GET status=200 uri=/api/v1/status latency_human="178.815µs"
2026-07-12 02:35:46 |TRC| method=GET status=200 uri=/api/v1/status latency_human="172.894µs"
2026-07-12 02:35:48 |TRC| method=GET status=200 uri=/api/v1/status latency_human="178.976µs"
2026-07-12 02:35:50 |TRC| method=GET status=200 uri=/api/v1/status latency_human="167.765µs"
2026-07-12 02:35:52 |TRC| method=GET status=200 uri=/api/v1/status latency_human="172.314µs"
2026-07-12 02:35:54 |TRC| method=GET status=200 uri=/api/v1/status latency_human="174.557µs"
2026-07-12 02:35:56 |TRC| method=GET status=200 uri=/api/v1/status latency_human="196.589µs"
2026-07-12 02:35:58 |TRC| method=GET status=200 uri=/api/v1/status latency_human="227.738µs"
2026-07-12 02:36:00 |TRC| method=GET status=200 uri=/api/v1/status latency_human="163.917µs"
2026-07-12 02:36:02 |TRC| method=GET status=200 uri=/api/v1/status latency_human="163.266µs"
2026-07-12 02:36:04 |TRC| method=GET status=200 uri=/api/v1/status latency_human="174.157µs"
2026-07-12 02:36:06 |TRC| method=GET status=200 uri=/api/v1/status latency_human="195.046µs"
2026-07-12 02:36:08 |TRC| method=GET status=200 uri=/api/v1/status latency_human="202.951µs"
2026-07-12 02:36:10 |TRC| method=GET status=200 uri=/api/v1/status latency_human="335.54µs"
2026-07-12 02:36:12 |TRC| method=GET status=200 uri=/api/v1/status latency_human="197.671µs"
2026-07-12 02:36:14 |TRC| method=GET status=200 uri=/api/v1/status latency_human="208.301µs"
2026-07-12 02:36:16 |TRC| method=GET status=200 uri=/api/v1/status latency_human="194.194µs"
2026-07-12 02:36:16 |TRC| ws > Sending message type=check-for-updates
2026-07-12 02:36:16 |DBG| anilist > Fetching anime collection
2026-07-12 02:36:16 |TRC| ws > Sending message type=check-for-announcements
2026-07-12 02:36:16 |TRC| method=POST status=200 uri=/api/v1/announcements latency_human="147.447µs"
2026-07-12 02:36:17 |INF| anilist > Successful Request rlr=29 rtt=485ms
2026-07-12 02:36:17 |TRC| ws > Sending message type=refreshed-anilist-anime-collection
2026-07-12 02:36:17 |DBG| anilist > Fetching manga collection
2026-07-12 02:36:17 |TRC| method=GET status=200 uri=/api/v1/library/collection latency_human="95.169µs"
2026-07-12 02:36:17 |TRC| method=GET status=200 uri=/api/v1/library/collection latency_human="103.254µs"
2026-07-12 02:36:17 |TRC| method=GET status=200 uri=/api/v1/anilist/collection latency_human="72.706µs"
2026-07-12 02:36:17 |TRC| method=GET status=200 uri=/api/v1/anilist/collection latency_human="79.49µs"
2026-07-12 02:36:17 |TRC| anilist platform > Fetching anime mediaId=196017
2026-07-12 02:36:17 |TRC| anilist platform > Returning anime from cache
2026-07-12 02:36:17 |TRC| method=GET status=200 uri=/api/v1/library/anime-entry/196017 latency_human="721.885µs"
2026-07-12 02:36:17 |TRC| anilist platform > Fetching anime mediaId=196017
2026-07-12 02:36:17 |TRC| anilist platform > Returning anime from cache
2026-07-12 02:36:17 |TRC| method=GET status=200 uri=/api/v1/library/anime-entry/196017 latency_human="754.215µs"
2026-07-12 02:36:17 |TRC| method=GET status=200 uri=/api/v1/library/missing-episodes latency_human="217.448µs"
2026-07-12 02:36:17 |TRC| method=GET status=200 uri=/api/v1/library/missing-episodes latency_human="94.246µs"
2026-07-12 02:36:17 |INF| anilist > Successful Request rlr=28 rtt=403ms
2026-07-12 02:36:17 |TRC| ws > Sending message type=refreshed-anilist-manga-collection
2026-07-12 02:36:17 |TRC| method=GET status=200 uri=/api/v1/manga/collection latency_human="126.808µs"
2026-07-12 02:36:17 |TRC| method=GET status=200 uri=/api/v1/manga/collection latency_human="134.392µs"
2026-07-12 02:36:17 |TRC| method=GET status=200 uri=/api/v1/latest-update latency_human=1.377762624s
2026-07-12 02:36:18 |TRC| method=GET status=200 uri=/api/v1/status latency_human="174.017µs"
2026-07-12 02:36:20 |TRC| method=GET status=200 uri=/api/v1/status latency_human="183.704µs"
2026-07-12 02:36:22 |TRC| method=GET status=200 uri=/api/v1/status latency_human="185.568µs"
2026-07-12 02:36:24 |TRC| method=GET status=200 uri=/api/v1/status latency_human="174.728µs"
2026-07-12 02:36:26 |TRC| method=GET status=200 uri=/api/v1/status latency_human="197.341µs"
2026-07-12 02:36:28 |TRC| method=GET status=200 uri=/api/v1/status latency_human="212.579µs"
2026-07-12 02:36:30 |TRC| method=GET status=200 uri=/api/v1/status latency_human="231.274µs"
2026-07-12 02:36:32 |TRC| method=GET status=200 uri=/api/v1/status latency_human="160.001µs"
2026-07-12 02:36:34 |TRC| method=GET status=200 uri=/api/v1/status latency_human="191.81µs"
2026-07-12 02:36:36 |TRC| method=GET status=200 uri=/api/v1/status latency_human="175.199µs"
2026-07-12 02:36:38 |TRC| method=GET status=200 uri=/api/v1/status latency_human="188.634µs"
2026-07-12 02:36:40 |TRC| method=GET status=200 uri=/api/v1/status latency_human="262.663µs"
2026-07-12 02:36:42 |TRC| method=GET status=200 uri=/api/v1/status latency_human="212.058µs"
2026-07-12 02:36:44 |TRC| method=GET status=200 uri=/api/v1/status latency_human="471.996µs"
2026-07-12 02:36:46 |TRC| method=GET status=200 uri=/api/v1/status latency_human="408.527µs"
2026-07-12 02:36:48 |TRC| method=GET status=200 uri=/api/v1/status latency_human="161.683µs"
2026-07-12 02:36:50 |TRC| method=GET status=200 uri=/api/v1/status latency_human="214.663µs"
2026-07-12 02:36:52 |TRC| method=GET status=200 uri=/api/v1/status latency_human="179.867µs"
2026-07-12 02:36:54 |TRC| method=GET status=200 uri=/api/v1/status latency_human="236.685µs"
2026-07-12 02:36:56 |TRC| method=GET status=200 uri=/api/v1/status latency_human="194.365µs"
2026-07-12 02:36:58 |TRC| method=GET status=200 uri=/api/v1/status latency_human="195.657µs"
2026-07-12 02:37:00 |TRC| method=GET status=200 uri=/api/v1/status latency_human="190.267µs"
2026-07-12 02:37:02 |TRC| method=GET status=200 uri=/api/v1/status latency_human="326.763µs"
2026-07-12 02:37:04 |TRC| method=GET status=200 uri=/api/v1/status latency_human="196.399µs"
2026-07-12 02:37:06 |TRC| method=GET status=200 uri=/api/v1/status latency_human="191.029µs"
2026-07-12 02:37:08 |TRC| method=GET status=200 uri=/api/v1/status latency_human="141.255µs"
2026-07-12 02:37:10 |TRC| method=GET status=200 uri=/api/v1/status latency_human="334.408µs"
2026-07-12 02:37:12 |TRC| method=GET status=200 uri=/api/v1/status latency_human="172.895µs"
2026-07-12 02:37:14 |TRC| method=GET status=200 uri=/api/v1/status latency_human="312.066µs"
2026-07-12 02:37:16 |TRC| method=GET status=200 uri=/api/v1/status latency_human="426.561µs"
2026-07-12 02:37:18 |TRC| method=GET status=200 uri=/api/v1/status latency_human="249.098µs"
2026-07-12 02:37:20 |TRC| method=GET status=200 uri=/api/v1/status latency_human="257.644µs"
2026-07-12 02:37:22 |TRC| method=GET status=200 uri=/api/v1/status latency_human="271.529µs"
2026-07-12 02:37:24 |TRC| method=GET status=200 uri=/api/v1/status latency_human="173.386µs"
2026-07-12 02:37:26 |TRC| method=GET status=200 uri=/api/v1/status latency_human="154.169µs"
2026-07-12 02:37:28 |TRC| method=GET status=200 uri=/api/v1/status latency_human="259.487µs"
2026-07-12 02:37:30 |TRC| method=GET status=200 uri=/api/v1/status latency_human="148.449µs"
2026-07-12 02:37:32 |TRC| method=GET status=200 uri=/api/v1/status latency_human="222.518µs"
2026-07-12 02:37:34 |TRC| method=GET status=200 uri=/api/v1/status latency_human="145.634µs"
2026-07-12 02:37:36 |TRC| method=GET status=200 uri=/api/v1/status latency_human="159.249µs"
2026-07-12 02:37:38 |TRC| method=GET status=200 uri=/api/v1/status latency_human="170.961µs"
2026-07-12 02:37:40 |TRC| method=GET status=200 uri=/api/v1/status latency_human="186.771µs"
2026-07-12 02:37:42 |TRC| method=GET status=200 uri=/api/v1/status latency_human="197.741µs"
2026-07-12 02:37:44 |TRC| method=GET status=200 uri=/api/v1/status latency_human="141.506µs"
2026-07-12 02:37:46 |TRC| method=GET status=200 uri=/api/v1/status latency_human="280.476µs"
2026-07-12 02:37:48 |TRC| method=GET status=200 uri=/api/v1/status latency_human="176.431µs"
2026-07-12 02:37:50 |TRC| method=GET status=200 uri=/api/v1/status latency_human="179.537µs"
2026-07-12 02:37:52 |TRC| method=GET status=200 uri=/api/v1/status latency_human="269.907µs"
2026-07-12 02:37:54 |TRC| method=GET status=200 uri=/api/v1/status latency_human="170.661µs"
2026-07-12 02:37:56 |TRC| method=GET status=200 uri=/api/v1/status latency_human="154.41µs"
2026-07-12 02:37:58 |TRC| method=GET status=200 uri=/api/v1/status latency_human="164.699µs"
2026-07-12 02:38:00 |TRC| method=GET status=200 uri=/api/v1/status latency_human="221.416µs"
2026-07-12 02:38:02 |TRC| method=GET status=200 uri=/api/v1/status latency_human="172.383µs"
2026-07-12 02:38:04 |TRC| method=GET status=200 uri=/api/v1/status latency_human="166.453µs"
2026-07-12 02:38:06 |TRC| method=GET status=200 uri=/api/v1/status latency_human="173.325µs"
2026-07-12 02:38:08 |TRC| method=GET status=200 uri=/api/v1/status latency_human="163.988µs"
2026-07-12 02:38:10 |TRC| method=GET status=200 uri=/api/v1/status latency_human="191.088µs"
2026-07-12 02:38:12 |TRC| method=GET status=200 uri=/api/v1/status latency_human="247.605µs"
2026-07-12 02:38:14 |TRC| method=GET status=200 uri=/api/v1/status latency_human="250.44µs"
2026-07-12 02:38:16 |TRC| method=GET status=200 uri=/api/v1/status latency_human="244.399µs"
2026-07-12 02:38:18 |TRC| method=GET status=200 uri=/api/v1/status latency_human="181.881µs"
2026-07-12 02:38:20 |TRC| method=GET status=200 uri=/api/v1/status latency_human="195.988µs"
2026-07-12 02:38:22 |TRC| method=GET status=200 uri=/api/v1/status latency_human="145.213µs"
2026-07-12 02:38:24 |TRC| method=GET status=200 uri=/api/v1/status latency_human="172.313µs"
2026-07-12 02:38:26 |TRC| method=GET status=200 uri=/api/v1/status latency_human="376.186µs"
2026-07-12 02:38:28 |TRC| method=GET status=200 uri=/api/v1/status latency_human="160.943µs"
2026-07-12 02:38:30 |TRC| method=GET status=200 uri=/api/v1/status latency_human="178.746µs"
2026-07-12 02:38:32 |TRC| method=GET status=200 uri=/api/v1/status latency_human="223.62µs"
2026-07-12 02:38:34 |TRC| method=GET status=200 uri=/api/v1/status latency_human="274.665µs"
2026-07-12 02:38:36 |TRC| method=GET status=200 uri=/api/v1/status latency_human="167.554µs"
2026-07-12 02:38:38 |TRC| method=GET status=200 uri=/api/v1/status latency_human="166.813µs"
2026-07-12 02:38:40 |TRC| method=GET status=200 uri=/api/v1/status latency_human="165.631µs"
2026-07-12 02:38:42 |TRC| method=GET status=200 uri=/api/v1/status latency_human="137.348µs"
2026-07-12 02:38:44 |TRC| method=GET status=200 uri=/api/v1/status latency_human="164.719µs"
2026-07-12 02:38:46 |TRC| method=GET status=200 uri=/api/v1/status latency_human="269.576µs"
2026-07-12 02:38:48 |TRC| method=GET status=200 uri=/api/v1/status latency_human="251.662µs"
2026-07-12 02:38:50 |TRC| method=GET status=200 uri=/api/v1/status latency_human="179.868µs"
2026-07-12 02:38:52 |TRC| method=GET status=200 uri=/api/v1/status latency_human="181.881µs"
2026-07-12 02:38:54 |TRC| method=GET status=200 uri=/api/v1/status latency_human="260.018µs"
2026-07-12 02:38:56 |TRC| method=GET status=200 uri=/api/v1/status latency_human="222.047µs"
2026-07-12 02:38:58 |TRC| method=GET status=200 uri=/api/v1/status latency_human="182.122µs"
2026-07-12 02:39:00 |TRC| method=GET status=200 uri=/api/v1/status latency_human="180.719µs"
2026-07-12 02:39:02 |TRC| method=GET status=200 uri=/api/v1/status latency_human="154.601µs"
2026-07-12 02:39:04 |TRC| method=GET status=200 uri=/api/v1/status latency_human="147.737µs"
2026-07-12 02:39:06 |TRC| method=GET status=200 uri=/api/v1/status latency_human="160.362µs"
2026-07-12 02:39:08 |TRC| method=GET status=200 uri=/api/v1/status latency_human="197.05µs"
2026-07-12 02:39:10 |TRC| method=GET status=200 uri=/api/v1/status latency_human="161.103µs"
2026-07-12 02:39:12 |TRC| method=GET status=200 uri=/api/v1/status latency_human="172.163µs"
2026-07-12 02:39:14 |TRC| method=GET status=200 uri=/api/v1/status latency_human="217.428µs"
2026-07-12 02:39:16 |TRC| method=GET status=200 uri=/api/v1/status latency_human="150.152µs"
2026-07-12 02:39:18 |TRC| method=GET status=200 uri=/api/v1/status latency_human="253.917µs"
2026-07-12 02:39:20 |TRC| method=GET status=200 uri=/api/v1/status latency_human="171.883µs"
2026-07-12 02:39:22 |TRC| method=GET status=200 uri=/api/v1/status latency_human="196.399µs"
2026-07-12 02:39:24 |TRC| method=GET status=200 uri=/api/v1/status latency_human="216.196µs"
2026-07-12 02:39:26 |TRC| method=GET status=200 uri=/api/v1/status latency_human="183.064µs"
2026-07-12 02:39:28 |TRC| method=GET status=200 uri=/api/v1/status latency_human="160.351µs"
2026-07-12 02:39:30 |TRC| method=GET status=200 uri=/api/v1/status latency_human="236.474µs"
2026-07-12 02:39:32 |TRC| method=GET status=200 uri=/api/v1/status latency_human="167.595µs"
2026-07-12 02:39:34 |TRC| method=GET status=200 uri=/api/v1/status latency_human="184.386µs"
2026-07-12 02:39:36 |TRC| method=GET status=200 uri=/api/v1/status latency_human="237.235µs"
2026-07-12 02:39:38 |TRC| method=GET status=200 uri=/api/v1/status latency_human="153.428µs"
2026-07-12 02:39:40 |TRC| method=GET status=200 uri=/api/v1/status latency_human="173.176µs"
2026-07-12 02:39:42 |TRC| method=GET status=200 uri=/api/v1/status latency_human="130.325µs"
2026-07-12 02:39:44 |TRC| method=GET status=200 uri=/api/v1/status latency_human="156.353µs"
2026-07-12 02:39:46 |TRC| method=GET status=200 uri=/api/v1/status latency_human="275.868µs"
2026-07-12 02:39:48 |TRC| method=GET status=200 uri=/api/v1/status latency_human="177.914µs"
2026-07-12 02:39:50 |TRC| method=GET status=200 uri=/api/v1/status latency_human="148.88µs"
2026-07-12 02:39:52 |TRC| method=GET status=200 uri=/api/v1/status latency_human="147.066µs"
2026-07-12 02:39:54 |TRC| method=GET status=200 uri=/api/v1/status latency_human="230.913µs"
2026-07-12 02:39:56 |TRC| method=GET status=200 uri=/api/v1/status latency_human="185.118µs"
2026-07-12 02:39:58 |TRC| method=GET status=200 uri=/api/v1/status latency_human="155.192µs"
2026-07-12 02:40:00 |TRC| method=GET status=200 uri=/api/v1/status latency_human="187.132µs"
2026-07-12 02:40:02 |TRC| method=GET status=200 uri=/api/v1/status latency_human="174.989µs"
2026-07-12 02:40:04 |TRC| method=GET status=200 uri=/api/v1/status latency_human="171.532µs"
2026-07-12 02:40:06 |TRC| method=GET status=200 uri=/api/v1/status latency_human="163.998µs"
2026-07-12 02:40:08 |TRC| method=GET status=200 uri=/api/v1/status latency_human="185.148µs"
2026-07-12 02:40:10 |TRC| method=GET status=200 uri=/api/v1/status latency_human="187.632µs"
2026-07-12 02:40:12 |TRC| method=GET status=200 uri=/api/v1/status latency_human="173.145µs"
2026-07-12 02:40:14 |TRC| method=GET status=200 uri=/api/v1/status latency_human="163.968µs"
2026-07-12 02:40:16 |TRC| method=GET status=200 uri=/api/v1/status latency_human="171.893µs"
2026-07-12 02:40:18 |TRC| method=GET status=200 uri=/api/v1/status latency_human="162.786µs"
2026-07-12 02:40:20 |TRC| method=GET status=200 uri=/api/v1/status latency_human="197.621µs"
2026-07-12 02:40:22 |TRC| method=GET status=200 uri=/api/v1/status latency_human="159.95µs"
2026-07-12 02:40:24 |TRC| method=GET status=200 uri=/api/v1/status latency_human="162.696µs"
2026-07-12 02:40:26 |TRC| method=GET status=200 uri=/api/v1/status latency_human="159.75µs"
2026-07-12 02:40:28 |TRC| method=GET status=200 uri=/api/v1/status latency_human="159.018µs"
2026-07-12 02:40:30 |TRC| method=GET status=200 uri=/api/v1/status latency_human="195.857µs"
2026-07-12 02:40:32 |TRC| method=GET status=200 uri=/api/v1/status latency_human="171.061µs"
2026-07-12 02:40:34 |TRC| method=GET status=200 uri=/api/v1/status latency_human="152.877µs"
2026-07-12 02:40:36 |TRC| method=GET status=200 uri=/api/v1/status latency_human="181.12µs"
2026-07-12 02:40:38 |TRC| method=GET status=200 uri=/api/v1/status latency_human="232.336µs"
2026-07-12 02:40:40 |TRC| method=GET status=200 uri=/api/v1/status latency_human="140.794µs"
2026-07-12 02:40:42 |TRC| method=GET status=200 uri=/api/v1/status latency_human="175.991µs"
2026-07-12 02:40:44 |TRC| method=GET status=200 uri=/api/v1/status latency_human="205.336µs"
2026-07-12 02:40:46 |TRC| method=GET status=200 uri=/api/v1/status latency_human="154.781µs"
2026-07-12 02:40:48 |TRC| method=GET status=200 uri=/api/v1/status latency_human="202.51µs"
2026-07-12 02:40:50 |TRC| method=GET status=200 uri=/api/v1/status latency_human="163.757µs"
2026-07-12 02:40:52 |TRC| method=GET status=200 uri=/api/v1/status latency_human="221.867µs"
2026-07-12 02:40:54 |TRC| method=GET status=200 uri=/api/v1/status latency_human="167.735µs"
2026-07-12 02:40:56 |TRC| method=GET status=200 uri=/api/v1/status latency_human="175.86µs"
2026-07-12 02:40:58 |TRC| method=GET status=200 uri=/api/v1/status latency_human="230.233µs"
2026-07-12 02:41:00 |TRC| method=GET status=200 uri=/api/v1/status latency_human="135.374µs"
2026-07-12 02:41:02 |TRC| method=GET status=200 uri=/api/v1/status latency_human="214.993µs"
2026-07-12 02:41:04 |TRC| method=GET status=200 uri=/api/v1/status latency_human="185.769µs"
2026-07-12 02:41:06 |TRC| method=GET status=200 uri=/api/v1/status latency_human="170.981µs"
2026-07-12 02:41:08 |TRC| method=GET status=200 uri=/api/v1/status latency_human="264.677µs"
2026-07-12 02:41:10 |TRC| method=GET status=200 uri=/api/v1/status latency_human="166.773µs"
2026-07-12 02:41:12 |TRC| method=GET status=200 uri=/api/v1/status latency_human="156.734µs"
2026-07-12 02:41:14 |TRC| method=GET status=200 uri=/api/v1/status latency_human="329.229µs"
2026-07-12 02:41:16 |TRC| method=GET status=200 uri=/api/v1/status latency_human="183.154µs"
2026-07-12 02:41:18 |TRC| method=GET status=200 uri=/api/v1/status latency_human="153.478µs"
2026-07-12 02:41:20 |TRC| method=GET status=200 uri=/api/v1/status latency_human="173.045µs"
2026-07-12 02:41:22 |TRC| method=GET status=200 uri=/api/v1/status latency_human="232.667µs"
2026-07-12 02:41:24 |TRC| method=GET status=200 uri=/api/v1/status latency_human="184.056µs"
2026-07-12 02:41:26 |TRC| method=GET status=200 uri=/api/v1/status latency_human="237.086µs"
2026-07-12 02:41:28 |TRC| method=GET status=200 uri=/api/v1/status latency_human="153.869µs"
2026-07-12 02:41:30 |TRC| method=GET status=200 uri=/api/v1/status latency_human="276.619µs"
2026-07-12 02:41:32 |TRC| method=GET status=200 uri=/api/v1/status latency_human="765.058µs"
2026-07-12 02:41:34 |TRC| method=GET status=200 uri=/api/v1/status latency_human="172.003µs"
2026-07-12 02:41:36 |TRC| method=GET status=200 uri=/api/v1/status latency_human="184.787µs"
2026-07-12 02:41:38 |TRC| method=GET status=200 uri=/api/v1/status latency_human="130.435µs"
2026-07-12 02:41:40 |TRC| method=GET status=200 uri=/api/v1/status latency_human="183.785µs"
2026-07-12 02:41:42 |TRC| method=GET status=200 uri=/api/v1/status latency_human="202.37µs"
2026-07-12 02:41:44 |TRC| method=GET status=200 uri=/api/v1/status latency_human="172.605µs"
2026-07-12 02:41:46 |TRC| method=GET status=200 uri=/api/v1/status latency_human="157.767µs"
2026-07-12 02:41:48 |TRC| method=GET status=200 uri=/api/v1/status latency_human="169.057µs"
2026-07-12 02:41:50 |TRC| method=GET status=200 uri=/api/v1/status latency_human="336.482µs"
2026-07-12 02:41:52 |TRC| method=GET status=200 uri=/api/v1/status latency_human="236.094µs"
2026-07-12 02:41:54 |TRC| method=GET status=200 uri=/api/v1/status latency_human="193.263µs"
2026-07-12 02:41:56 |TRC| method=GET status=200 uri=/api/v1/status latency_human="160.992µs"
2026-07-12 02:41:58 |TRC| method=GET status=200 uri=/api/v1/status latency_human="278.473µs"
2026-07-12 02:42:00 |TRC| method=GET status=200 uri=/api/v1/status latency_human="161.994µs"
2026-07-12 02:42:02 |TRC| method=GET status=200 uri=/api/v1/status latency_human="151.264µs"
2026-07-12 02:42:04 |TRC| method=GET status=200 uri=/api/v1/status latency_human="163.106µs"
2026-07-12 02:42:06 |TRC| method=GET status=200 uri=/api/v1/status latency_human="199.775µs"
2026-07-12 02:42:08 |TRC| method=GET status=200 uri=/api/v1/status latency_human="243.257µs"
2026-07-12 02:42:10 |TRC| method=GET status=200 uri=/api/v1/status latency_human="173.316µs"
2026-07-12 02:42:12 |TRC| method=GET status=200 uri=/api/v1/status latency_human="182.884µs"
2026-07-12 02:42:14 |TRC| method=GET status=200 uri=/api/v1/status latency_human=1.878198ms
2026-07-12 02:42:16 |TRC| method=GET status=200 uri=/api/v1/status latency_human="305.985µs"
2026-07-12 02:42:18 |TRC| method=GET status=200 uri=/api/v1/status latency_human="187.101µs"
2026-07-12 02:42:20 |TRC| method=GET status=200 uri=/api/v1/status latency_human="172.824µs"
2026-07-12 02:42:22 |TRC| method=GET status=200 uri=/api/v1/status latency_human="179.367µs"
2026-07-12 02:42:24 |TRC| method=GET status=200 uri=/api/v1/status latency_human="173.767µs"
2026-07-12 02:42:26 |TRC| method=GET status=200 uri=/api/v1/status latency_human="190.798µs"
2026-07-12 02:42:28 |TRC| method=GET status=200 uri=/api/v1/status latency_human="237.707µs"
2026-07-12 02:42:30 |TRC| method=GET status=200 uri=/api/v1/status latency_human="149.851µs"
2026-07-12 02:42:32 |TRC| method=GET status=200 uri=/api/v1/status latency_human="175.56µs"
2026-07-12 02:42:34 |TRC| method=GET status=200 uri=/api/v1/status latency_human="154.621µs"
2026-07-12 02:42:36 |TRC| method=GET status=200 uri=/api/v1/status latency_human="129.172µs"
2026-07-12 02:42:38 |TRC| method=GET status=200 uri=/api/v1/status latency_human="161.904µs"
2026-07-12 02:42:40 |TRC| method=GET status=200 uri=/api/v1/status latency_human="193.513µs"
2026-07-12 02:42:42 |TRC| method=GET status=200 uri=/api/v1/status latency_human="224.501µs"
2026-07-12 02:42:44 |TRC| method=GET status=200 uri=/api/v1/status latency_human="150.814µs"
2026-07-12 02:42:46 |TRC| method=GET status=200 uri=/api/v1/status latency_human="134.753µs"
2026-07-12 02:42:48 |TRC| method=GET status=200 uri=/api/v1/status latency_human="190.438µs"
2026-07-12 02:42:50 |TRC| method=GET status=200 uri=/api/v1/status latency_human="233.038µs"
2026-07-12 02:42:52 |TRC| method=GET status=200 uri=/api/v1/status latency_human="241.183µs"
2026-07-12 02:42:54 |TRC| method=GET status=200 uri=/api/v1/status latency_human="219.101µs"
2026-07-12 02:42:56 |TRC| method=GET status=200 uri=/api/v1/status latency_human="201.358µs"
2026-07-12 02:42:58 |TRC| method=GET status=200 uri=/api/v1/status latency_human="168.346µs"
2026-07-12 02:43:00 |TRC| method=GET status=200 uri=/api/v1/status latency_human="159.69µs"
2026-07-12 02:43:02 |TRC| method=GET status=200 uri=/api/v1/status latency_human="228.239µs"
2026-07-12 02:43:04 |TRC| method=GET status=200 uri=/api/v1/status latency_human="168.657µs"
2026-07-12 02:43:06 |TRC| method=GET status=200 uri=/api/v1/status latency_human="143.559µs"
2026-07-12 02:43:08 |TRC| method=GET status=200 uri=/api/v1/status latency_human="173.005µs"
2026-07-12 02:43:10 |TRC| method=GET status=200 uri=/api/v1/status latency_human="236.827µs"
2026-07-12 02:43:12 |TRC| method=GET status=200 uri=/api/v1/status latency_human="160.863µs"
2026-07-12 02:43:14 |TRC| method=GET status=200 uri=/api/v1/status latency_human="231.037µs"
2026-07-12 02:43:16 |TRC| method=GET status=200 uri=/api/v1/status latency_human="176.293µs"
2026-07-12 02:43:18 |TRC| method=GET status=200 uri=/api/v1/status latency_human="219.584µs"
2026-07-12 02:43:20 |TRC| method=GET status=200 uri=/api/v1/status latency_human="155.053µs"
2026-07-12 02:43:22 |TRC| method=GET status=200 uri=/api/v1/status latency_human="163.66µs"
2026-07-12 02:43:24 |TRC| method=GET status=200 uri=/api/v1/status latency_human="170.692µs"
2026-07-12 02:43:26 |TRC| method=GET status=200 uri=/api/v1/status latency_human="167.857µs"
2026-07-12 02:43:28 |TRC| method=GET status=200 uri=/api/v1/status latency_human="275.891µs"
2026-07-12 02:43:30 |TRC| method=GET status=200 uri=/api/v1/status latency_human="222.52µs"
2026-07-12 02:43:32 |TRC| method=GET status=200 uri=/api/v1/status latency_human="170.803µs"
2026-07-12 02:43:34 |TRC| method=GET status=200 uri=/api/v1/status latency_human="237.047µs"
2026-07-12 02:43:36 |TRC| method=GET status=200 uri=/api/v1/status latency_human="163.368µs"
2026-07-12 02:43:38 |TRC| method=GET status=200 uri=/api/v1/status latency_human="169.029µs"
2026-07-12 02:43:40 |TRC| method=GET status=200 uri=/api/v1/status latency_human="197.153µs"
2026-07-12 02:43:42 |TRC| method=GET status=200 uri=/api/v1/status latency_human="150.404µs"
2026-07-12 02:43:44 |TRC| method=GET status=200 uri=/api/v1/status latency_human="240.885µs"
2026-07-12 02:43:46 |TRC| method=GET status=200 uri=/api/v1/status latency_human="193.836µs"
2026-07-12 02:43:48 |TRC| method=GET status=200 uri=/api/v1/status latency_human="155.314µs"
2026-07-12 02:43:50 |TRC| method=GET status=200 uri=/api/v1/status latency_human="157.979µs"
2026-07-12 02:43:52 |TRC| method=GET status=200 uri=/api/v1/status latency_human="165.332µs"
2026-07-12 02:43:54 |TRC| method=GET status=200 uri=/api/v1/status latency_human="159.822µs"
2026-07-12 02:43:56 |TRC| method=GET status=200 uri=/api/v1/status latency_human="157.628µs"
2026-07-12 02:43:58 |TRC| method=GET status=200 uri=/api/v1/status latency_human="178.457µs"
2026-07-12 02:44:00 |TRC| method=GET status=200 uri=/api/v1/status latency_human="149.893µs"
2026-07-12 02:44:02 |TRC| method=GET status=200 uri=/api/v1/status latency_human="159.291µs"
2026-07-12 02:44:04 |TRC| method=GET status=200 uri=/api/v1/status latency_human="261.364µs"
2026-07-12 02:44:06 |TRC| method=GET status=200 uri=/api/v1/status latency_human="165.272µs"
2026-07-12 02:44:08 |TRC| method=GET status=200 uri=/api/v1/status latency_human="182.083µs"
2026-07-12 02:44:10 |TRC| method=GET status=200 uri=/api/v1/status latency_human="177.355µs"
2026-07-12 02:44:12 |TRC| method=GET status=200 uri=/api/v1/status latency_human="173.357µs"
2026-07-12 02:44:14 |TRC| method=GET status=200 uri=/api/v1/status latency_human="174.188µs"
2026-07-12 02:44:16 |TRC| method=GET status=200 uri=/api/v1/status latency_human="179.068µs"
2026-07-12 02:44:18 |TRC| method=GET status=200 uri=/api/v1/status latency_human="169.68µs"
2026-07-12 02:44:20 |TRC| method=GET status=200 uri=/api/v1/status latency_human="207.231µs"
2026-07-12 02:44:22 |TRC| method=GET status=200 uri=/api/v1/status latency_human="193.295µs"
2026-07-12 02:44:24 |TRC| method=GET status=200 uri=/api/v1/status latency_human="180.981µs"
2026-07-12 02:44:26 |TRC| method=GET status=200 uri=/api/v1/status latency_human="192.013µs"
2026-07-12 02:44:28 |TRC| method=GET status=200 uri=/api/v1/status latency_human="208.293µs"
2026-07-12 02:44:30 |TRC| method=GET status=200 uri=/api/v1/status latency_human="191.982µs"
2026-07-12 02:44:32 |TRC| method=GET status=200 uri=/api/v1/status latency_human="166.505µs"
2026-07-12 02:44:34 |TRC| method=GET status=200 uri=/api/v1/status latency_human="168.779µs"
2026-07-12 02:44:36 |TRC| method=GET status=200 uri=/api/v1/status latency_human="185.72µs"
2026-07-12 02:44:38 |TRC| method=GET status=200 uri=/api/v1/status latency_human="165.603µs"
2026-07-12 02:44:40 |TRC| method=GET status=200 uri=/api/v1/status latency_human="168.047µs"
2026-07-12 02:44:42 |TRC| method=GET status=200 uri=/api/v1/status latency_human="148.29µs"
2026-07-12 02:44:44 |TRC| method=GET status=200 uri=/api/v1/status latency_human="194.797µs"
2026-07-12 02:44:46 |TRC| method=GET status=200 uri=/api/v1/status latency_human="185.209µs"
2026-07-12 02:44:48 |TRC| method=GET status=200 uri=/api/v1/status latency_human="154.041µs"
2026-07-12 02:44:50 |TRC| method=GET status=200 uri=/api/v1/status latency_human="174.148µs"
2026-07-12 02:44:52 |TRC| method=GET status=200 uri=/api/v1/status latency_human="157.708µs"
2026-07-12 02:44:54 |TRC| method=GET status=200 uri=/api/v1/status latency_human="319.653µs"
2026-07-12 02:44:56 |TRC| method=GET status=200 uri=/api/v1/status latency_human="183.116µs"
2026-07-12 02:44:58 |TRC| method=GET status=200 uri=/api/v1/status latency_human="199.126µs"
2026-07-12 02:45:00 |TRC| method=GET status=200 uri=/api/v1/status latency_human="244.872µs"
2026-07-12 02:45:02 |TRC| method=GET status=200 uri=/api/v1/status latency_human="208.443µs"
2026-07-12 02:45:04 |TRC| method=GET status=200 uri=/api/v1/status latency_human="231.487µs"
2026-07-12 02:45:06 |TRC| method=GET status=200 uri=/api/v1/status latency_human="157.958µs"
2026-07-12 02:45:08 |TRC| method=GET status=200 uri=/api/v1/status latency_human="171.374µs"
2026-07-12 02:45:10 |TRC| method=GET status=200 uri=/api/v1/status latency_human="184.568µs"
2026-07-12 02:45:12 |TRC| method=GET status=200 uri=/api/v1/status latency_human="184.588µs"
2026-07-12 02:45:14 |TRC| method=GET status=200 uri=/api/v1/status latency_human="292.211µs"
2026-07-12 02:45:16 |TRC| method=GET status=200 uri=/api/v1/status latency_human="128.162µs"
2026-07-12 02:45:18 |TRC| method=GET status=200 uri=/api/v1/status latency_human="174.439µs"
2026-07-12 02:45:20 |TRC| method=GET status=200 uri=/api/v1/status latency_human="203.043µs"
2026-07-12 02:45:22 |TRC| method=GET status=200 uri=/api/v1/status latency_human="184.298µs"
2026-07-12 02:45:24 |TRC| method=GET status=200 uri=/api/v1/status latency_human="181.873µs"
2026-07-12 02:45:26 |TRC| method=GET status=200 uri=/api/v1/status latency_human="177.375µs"
2026-07-12 02:45:28 |TRC| method=GET status=200 uri=/api/v1/status latency_human="170.482µs"
2026-07-12 02:45:30 |TRC| method=GET status=200 uri=/api/v1/status latency_human="160.864µs"
2026-07-12 02:45:32 |TRC| method=GET status=200 uri=/api/v1/status latency_human="155.373µs"
2026-07-12 02:45:34 |TRC| method=GET status=200 uri=/api/v1/status latency_human="266.854µs"
2026-07-12 02:45:36 |TRC| method=GET status=200 uri=/api/v1/status latency_human="231.917µs"
2026-07-12 02:45:38 |TRC| method=GET status=200 uri=/api/v1/status latency_human="162.526µs"
2026-07-12 02:45:40 |TRC| method=GET status=200 uri=/api/v1/status latency_human="431.725µs"
2026-07-12 02:45:42 |TRC| method=GET status=200 uri=/api/v1/status latency_human="140.796µs"
2026-07-12 02:45:44 |TRC| method=GET status=200 uri=/api/v1/status latency_human="187.423µs"
2026-07-12 02:45:46 |TRC| method=GET status=200 uri=/api/v1/status latency_human="175.521µs"
2026-07-12 02:45:48 |TRC| method=GET status=200 uri=/api/v1/status latency_human="245.013µs"
2026-07-12 02:45:50 |TRC| method=GET status=200 uri=/api/v1/status latency_human="162.507µs"
2026-07-12 02:45:52 |TRC| method=GET status=200 uri=/api/v1/status latency_human="389.945µs"
2026-07-12 02:45:54 |TRC| method=GET status=200 uri=/api/v1/status latency_human="159.772µs"
2026-07-12 02:45:56 |TRC| method=GET status=200 uri=/api/v1/status latency_human="196.581µs"
2026-07-12 02:45:58 |TRC| method=GET status=200 uri=/api/v1/status latency_human="166.825µs"
2026-07-12 02:46:00 |TRC| method=GET status=200 uri=/api/v1/status latency_human="245.744µs"
2026-07-12 02:46:02 |TRC| method=GET status=200 uri=/api/v1/status latency_human="224.905µs"
2026-07-12 02:46:04 |TRC| method=GET status=200 uri=/api/v1/status latency_human="157.066µs"
2026-07-12 02:46:06 |TRC| method=GET status=200 uri=/api/v1/status latency_human="182.094µs"
2026-07-12 02:46:08 |TRC| method=GET status=200 uri=/api/v1/status latency_human="234.663µs"
2026-07-12 02:46:10 |TRC| method=GET status=200 uri=/api/v1/status latency_human="146.636µs"
2026-07-12 02:46:12 |TRC| method=GET status=200 uri=/api/v1/status latency_human="165.272µs"
2026-07-12 02:46:14 |TRC| method=GET status=200 uri=/api/v1/status latency_human="173.898µs"
2026-07-12 02:46:16 |TRC| method=GET status=200 uri=/api/v1/status latency_human="162.086µs"
2026-07-12 02:46:16 |DBG| anilist > Fetching anime collection
2026-07-12 02:46:16 |TRC| ws > Sending message type=check-for-announcements
2026-07-12 02:46:16 |TRC| method=POST status=200 uri=/api/v1/announcements latency_human="355.501µs"
2026-07-12 02:46:17 |INF| anilist > Successful Request rlr=29 rtt=549ms
2026-07-12 02:46:17 |TRC| ws > Sending message type=refreshed-anilist-anime-collection
2026-07-12 02:46:17 |DBG| anilist > Fetching manga collection
2026-07-12 02:46:17 |TRC| method=GET status=200 uri=/api/v1/library/collection latency_human="390.287µs"
2026-07-12 02:46:17 |TRC| method=GET status=200 uri=/api/v1/library/collection latency_human="89.64µs"
2026-07-12 02:46:17 |TRC| method=GET status=200 uri=/api/v1/anilist/collection latency_human="82.485µs"
2026-07-12 02:46:17 |TRC| method=GET status=200 uri=/api/v1/anilist/collection latency_human="73.359µs"
2026-07-12 02:46:17 |TRC| anilist platform > Fetching anime mediaId=196017
2026-07-12 02:46:17 |TRC| anilist platform > Returning anime from cache
2026-07-12 02:46:17 |TRC| method=GET status=200 uri=/api/v1/library/anime-entry/196017 latency_human="600.623µs"
2026-07-12 02:46:17 |TRC| anilist platform > Fetching anime mediaId=196017
2026-07-12 02:46:17 |TRC| anilist platform > Returning anime from cache
2026-07-12 02:46:17 |TRC| method=GET status=200 uri=/api/v1/library/anime-entry/196017 latency_human="684.732µs"
2026-07-12 02:46:17 |TRC| method=GET status=200 uri=/api/v1/library/missing-episodes latency_human="303.793µs"
2026-07-12 02:46:17 |TRC| method=GET status=200 uri=/api/v1/library/missing-episodes latency_human="69.992µs"
2026-07-12 02:46:17 |INF| anilist > Successful Request rlr=28 rtt=407ms
2026-07-12 02:46:17 |TRC| ws > Sending message type=refreshed-anilist-manga-collection
2026-07-12 02:46:17 |TRC| method=GET status=200 uri=/api/v1/manga/collection latency_human="110.89µs"
2026-07-12 02:46:17 |TRC| method=GET status=200 uri=/api/v1/manga/collection latency_human="80.822µs"
2026-07-12 02:46:18 |TRC| method=GET status=200 uri=/api/v1/status latency_human="196.802µs"
2026-07-12 02:46:20 |TRC| method=GET status=200 uri=/api/v1/status latency_human="181.762µs"
2026-07-12 02:46:22 |TRC| method=GET status=200 uri=/api/v1/status latency_human="207.422µs"
2026-07-12 02:46:24 |TRC| method=GET status=200 uri=/api/v1/status latency_human="140.395µs"
2026-07-12 02:46:26 |TRC| method=GET status=200 uri=/api/v1/status latency_human=2.224386ms
2026-07-12 02:46:28 |TRC| method=GET status=200 uri=/api/v1/status latency_human="233.04µs"
2026-07-12 02:46:30 |TRC| method=GET status=200 uri=/api/v1/status latency_human="232.719µs"
2026-07-12 02:46:32 |TRC| method=GET status=200 uri=/api/v1/status latency_human="243.82µs"
2026-07-12 02:46:34 |TRC| method=GET status=200 uri=/api/v1/status latency_human="834.494µs"
2026-07-12 02:46:36 |TRC| method=GET status=200 uri=/api/v1/status latency_human="288.304µs"
2026-07-12 02:46:38 |TRC| method=GET status=200 uri=/api/v1/status latency_human="840.525µs"
2026-07-12 02:46:40 |TRC| method=GET status=200 uri=/api/v1/status latency_human="199.757µs"
2026-07-12 02:46:42 |TRC| method=GET status=200 uri=/api/v1/status latency_human="219.464µs"
2026-07-12 02:46:44 |TRC| method=GET status=200 uri=/api/v1/status latency_human="188.326µs"
2026-07-12 02:46:46 |TRC| method=GET status=200 uri=/api/v1/status latency_human="171.473µs"
2026-07-12 02:46:48 |TRC| method=GET status=200 uri=/api/v1/status latency_human="199.126µs"
2026-07-12 02:46:50 |TRC| method=GET status=200 uri=/api/v1/status latency_human="254.49µs"
2026-07-12 02:46:52 |TRC| method=GET status=200 uri=/api/v1/status latency_human="149.201µs"
2026-07-12 02:46:54 |TRC| method=GET status=200 uri=/api/v1/status latency_human="210.958µs"
2026-07-12 02:46:56 |TRC| method=GET status=200 uri=/api/v1/status latency_human="207.18µs"
2026-07-12 02:46:58 |TRC| method=GET status=200 uri=/api/v1/status latency_human="133.622µs"
2026-07-12 02:47:00 |TRC| method=GET status=200 uri=/api/v1/status latency_human="231.858µs"
2026-07-12 02:47:02 |TRC| method=GET status=200 uri=/api/v1/status latency_human="336.234µs"
2026-07-12 02:47:04 |TRC| method=GET status=200 uri=/api/v1/status latency_human="257.726µs"
2026-07-12 02:47:06 |TRC| method=GET status=200 uri=/api/v1/status latency_human="175.16µs"
2026-07-12 02:47:08 |TRC| method=GET status=200 uri=/api/v1/status latency_human="250.042µs"
2026-07-12 02:47:10 |TRC| method=GET status=200 uri=/api/v1/status latency_human="180.14µs"
2026-07-12 02:47:12 |TRC| method=GET status=200 uri=/api/v1/status latency_human="244.732µs"
2026-07-12 02:47:14 |TRC| method=GET status=200 uri=/api/v1/status latency_human="217.68µs"
2026-07-12 02:47:16 |TRC| method=GET status=200 uri=/api/v1/status latency_human="259.269µs"
2026-07-12 02:47:18 |TRC| method=GET status=200 uri=/api/v1/status latency_human="187.303µs"
2026-07-12 02:47:20 |TRC| method=GET status=200 uri=/api/v1/status latency_human="184.859µs"
2026-07-12 02:47:22 |TRC| method=GET status=200 uri=/api/v1/status latency_human="389.414µs"
2026-07-12 02:47:24 |TRC| method=GET status=200 uri=/api/v1/status latency_human="158.188µs"
2026-07-12 02:47:26 |TRC| method=GET status=200 uri=/api/v1/status latency_human="163.659µs"
2026-07-12 02:47:28 |TRC| method=GET status=200 uri=/api/v1/status latency_human="246.695µs"
2026-07-12 02:47:30 |TRC| method=GET status=200 uri=/api/v1/status latency_human="165.051µs"
2026-07-12 02:47:32 |TRC| method=GET status=200 uri=/api/v1/status latency_human="154.17µs"
2026-07-12 02:47:34 |TRC| method=GET status=200 uri=/api/v1/status latency_human="175.231µs"
2026-07-12 02:47:36 |TRC| method=GET status=200 uri=/api/v1/status latency_human="161.405µs"
2026-07-12 02:47:38 |TRC| method=GET status=200 uri=/api/v1/status latency_human="225.425µs"
2026-07-12 02:47:40 |TRC| method=GET status=200 uri=/api/v1/status latency_human="173.036µs"
2026-07-12 02:47:42 |TRC| method=GET status=200 uri=/api/v1/status latency_human="178.937µs"
2026-07-12 02:47:44 |TRC| method=GET status=200 uri=/api/v1/status latency_human="176.964µs"
2026-07-12 02:47:46 |TRC| method=GET status=200 uri=/api/v1/status latency_human="171.804µs"
2026-07-12 02:47:48 |TRC| method=GET status=200 uri=/api/v1/status latency_human="155.032µs"
2026-07-12 02:47:50 |TRC| method=GET status=200 uri=/api/v1/status latency_human="157.687µs"
2026-07-12 02:47:52 |TRC| method=GET status=200 uri=/api/v1/status latency_human="252.215µs"
2026-07-12 02:47:54 |TRC| method=GET status=200 uri=/api/v1/status latency_human="267.485µs"
2026-07-12 02:47:56 |TRC| method=GET status=200 uri=/api/v1/status latency_human="241.876µs"
2026-07-12 02:47:58 |TRC| method=GET status=200 uri=/api/v1/status latency_human="237.498µs"
2026-07-12 02:48:00 |TRC| method=GET status=200 uri=/api/v1/status latency_human="158.018µs"
2026-07-12 02:48:02 |TRC| method=GET status=200 uri=/api/v1/status latency_human="154.722µs"
2026-07-12 02:48:04 |TRC| method=GET status=200 uri=/api/v1/status latency_human="171.713µs"
2026-07-12 02:48:06 |TRC| method=GET status=200 uri=/api/v1/status latency_human="163.298µs"
2026-07-12 02:48:08 |TRC| method=GET status=200 uri=/api/v1/status latency_human="163.378µs"
2026-07-12 02:48:10 |TRC| method=GET status=200 uri=/api/v1/status latency_human="180.691µs"
2026-07-12 02:48:12 |TRC| method=GET status=200 uri=/api/v1/status latency_human="183.777µs"
2026-07-12 02:48:14 |TRC| method=GET status=200 uri=/api/v1/status latency_human="193.224µs"
2026-07-12 02:48:16 |TRC| method=GET status=200 uri=/api/v1/status latency_human="233.981µs"
2026-07-12 02:48:18 |TRC| method=GET status=200 uri=/api/v1/status latency_human="184.437µs"
2026-07-12 02:48:20 |TRC| method=GET status=200 uri=/api/v1/status latency_human="184.738µs"
2026-07-12 02:48:22 |TRC| method=GET status=200 uri=/api/v1/status latency_human="173.277µs"
2026-07-12 02:48:24 |TRC| method=GET status=200 uri=/api/v1/status latency_human="184.768µs"
2026-07-12 02:48:26 |TRC| method=GET status=200 uri=/api/v1/status latency_human="187.113µs"
2026-07-12 02:48:28 |TRC| method=GET status=200 uri=/api/v1/status latency_human="151.455µs"
2026-07-12 02:48:30 |TRC| method=GET status=200 uri=/api/v1/status latency_human="184.167µs"
2026-07-12 02:48:32 |TRC| method=GET status=200 uri=/api/v1/status latency_human="201.53µs"
2026-07-12 02:48:34 |TRC| method=GET status=200 uri=/api/v1/status latency_human="154.912µs"
2026-07-12 02:48:36 |TRC| method=GET status=200 uri=/api/v1/status latency_human="166.183µs"
2026-07-12 02:48:38 |TRC| method=GET status=200 uri=/api/v1/status latency_human="171.222µs"
2026-07-12 02:48:40 |TRC| method=GET status=200 uri=/api/v1/status latency_human="179.969µs"
2026-07-12 02:48:42 |TRC| method=GET status=200 uri=/api/v1/status latency_human="172.926µs"
2026-07-12 02:48:44 |TRC| method=GET status=200 uri=/api/v1/status latency_human="167.456µs"
2026-07-12 02:48:46 |TRC| method=GET status=200 uri=/api/v1/status latency_human="233.07µs"
2026-07-12 02:48:48 |TRC| method=GET status=200 uri=/api/v1/status latency_human="224.213µs"
2026-07-12 02:48:50 |TRC| method=GET status=200 uri=/api/v1/status latency_human="151.195µs"
2026-07-12 02:48:52 |TRC| method=GET status=200 uri=/api/v1/status latency_human="164.319µs"
2026-07-12 02:48:54 |TRC| method=GET status=200 uri=/api/v1/status latency_human="181.231µs"
2026-07-12 02:48:56 |TRC| method=GET status=200 uri=/api/v1/status latency_human="224.894µs"
2026-07-12 02:48:58 |TRC| method=GET status=200 uri=/api/v1/status latency_human="162.105µs"
2026-07-12 02:49:00 |TRC| method=GET status=200 uri=/api/v1/status latency_human="190.679µs"
2026-07-12 02:49:02 |TRC| method=GET status=200 uri=/api/v1/status latency_human="204.115µs"
2026-07-12 02:49:04 |TRC| method=GET status=200 uri=/api/v1/status latency_human="152.257µs"
2026-07-12 02:49:06 |TRC| method=GET status=200 uri=/api/v1/status latency_human="156.655µs"
2026-07-12 02:49:08 |TRC| method=GET status=200 uri=/api/v1/status latency_human="155.333µs"
2026-07-12 02:49:10 |TRC| method=GET status=200 uri=/api/v1/status latency_human="156.245µs"
2026-07-12 02:49:12 |TRC| method=GET status=200 uri=/api/v1/status latency_human="203.042µs"
2026-07-12 02:49:14 |TRC| method=GET status=200 uri=/api/v1/status latency_human="223.471µs"
2026-07-12 02:49:16 |TRC| method=GET status=200 uri=/api/v1/status latency_human="186.731µs"
2026-07-12 02:49:18 |TRC| method=GET status=200 uri=/api/v1/status latency_human="157.327µs"
2026-07-12 02:49:20 |TRC| method=GET status=200 uri=/api/v1/status latency_human="192.172µs"
2026-07-12 02:49:22 |TRC| method=GET status=200 uri=/api/v1/status latency_human="238.86µs"
2026-07-12 02:49:24 |TRC| method=GET status=200 uri=/api/v1/status latency_human="259.499µs"
2026-07-12 02:49:26 |TRC| method=GET status=200 uri=/api/v1/status latency_human="163.007µs"
2026-07-12 02:49:28 |TRC| method=GET status=200 uri=/api/v1/status latency_human="249.53µs"
2026-07-12 02:49:30 |TRC| method=GET status=200 uri=/api/v1/status latency_human="157.467µs"
2026-07-12 02:49:32 |TRC| method=GET status=200 uri=/api/v1/status latency_human="203.303µs"
2026-07-12 02:49:34 |TRC| method=GET status=200 uri=/api/v1/status latency_human="176.342µs"
2026-07-12 02:49:36 |TRC| method=GET status=200 uri=/api/v1/status latency_human="226.998µs"
2026-07-12 02:49:38 |TRC| method=GET status=200 uri=/api/v1/status latency_human="175.992µs"
2026-07-12 02:49:40 |TRC| method=GET status=200 uri=/api/v1/status latency_human="167.025µs"
2026-07-12 02:49:42 |TRC| method=GET status=200 uri=/api/v1/status latency_human="157.447µs"
2026-07-12 02:49:44 |TRC| method=GET status=200 uri=/api/v1/status latency_human="155.203µs"
2026-07-12 02:49:46 |TRC| method=GET status=200 uri=/api/v1/status latency_human="223.602µs"
2026-07-12 02:49:48 |TRC| method=GET status=200 uri=/api/v1/status latency_human="233.139µs"
2026-07-12 02:49:50 |TRC| method=GET status=200 uri=/api/v1/status latency_human="160.603µs"
2026-07-12 02:49:52 |TRC| method=GET status=200 uri=/api/v1/status latency_human="169.519µs"
2026-07-12 02:49:54 |TRC| method=GET status=200 uri=/api/v1/status latency_human="276.021µs"
2026-07-12 02:49:56 |TRC| method=GET status=200 uri=/api/v1/status latency_human="211.8µs"
2026-07-12 02:49:58 |TRC| method=GET status=200 uri=/api/v1/status latency_human="148.269µs"
2026-07-12 02:50:00 |TRC| method=GET status=200 uri=/api/v1/status latency_human="147.688µs"
2026-07-12 02:50:02 |TRC| method=GET status=200 uri=/api/v1/status latency_human="284.486µs"
2026-07-12 02:50:04 |TRC| method=GET status=200 uri=/api/v1/status latency_human="126.408µs"
2026-07-12 02:50:06 |TRC| method=GET status=200 uri=/api/v1/status latency_human="219.514µs"
2026-07-12 02:50:08 |TRC| method=GET status=200 uri=/api/v1/status latency_human="166.814µs"
2026-07-12 02:50:10 |TRC| method=GET status=200 uri=/api/v1/status latency_human="158.568µs"
2026-07-12 02:50:12 |TRC| method=GET status=200 uri=/api/v1/status latency_human="194.527µs"
2026-07-12 02:50:14 |TRC| method=GET status=200 uri=/api/v1/status latency_human="178.176µs"
2026-07-12 02:50:16 |TRC| method=GET status=200 uri=/api/v1/status latency_human="274.978µs"
2026-07-12 02:50:18 |TRC| method=GET status=200 uri=/api/v1/status latency_human="165.071µs"
2026-07-12 02:50:20 |TRC| method=GET status=200 uri=/api/v1/status latency_human="179.178µs"
2026-07-12 02:50:22 |TRC| method=GET status=200 uri=/api/v1/status latency_human="157.016µs"
2026-07-12 02:50:24 |TRC| method=GET status=200 uri=/api/v1/status latency_human="154.931µs"
2026-07-12 02:50:26 |TRC| method=GET status=200 uri=/api/v1/status latency_human="183.065µs"
2026-07-12 02:50:28 |TRC| method=GET status=200 uri=/api/v1/status latency_human="189.176µs"
2026-07-12 02:50:30 |TRC| method=GET status=200 uri=/api/v1/status latency_human="154.14µs"
2026-07-12 02:50:32 |TRC| method=GET status=200 uri=/api/v1/status latency_human="186.882µs"
2026-07-12 02:50:34 |TRC| method=GET status=200 uri=/api/v1/status latency_human="161.965µs"
2026-07-12 02:50:36 |TRC| method=GET status=200 uri=/api/v1/status latency_human="204.155µs"
2026-07-12 02:50:38 |TRC| method=GET status=200 uri=/api/v1/status latency_human="150.113µs"
2026-07-12 02:50:40 |TRC| method=GET status=200 uri=/api/v1/status latency_human="165.722µs"
2026-07-12 02:50:42 |TRC| method=GET status=200 uri=/api/v1/status latency_human="149.361µs"
2026-07-12 02:50:44 |TRC| method=GET status=200 uri=/api/v1/status latency_human="163.779µs"
2026-07-12 02:50:46 |TRC| method=GET status=200 uri=/api/v1/status latency_human="163.638µs"
2026-07-12 02:50:48 |TRC| method=GET status=200 uri=/api/v1/status latency_human="164.049µs"
2026-07-12 02:50:50 |TRC| method=GET status=200 uri=/api/v1/status latency_human="130.556µs"
2026-07-12 02:50:52 |TRC| method=GET status=200 uri=/api/v1/status latency_human="168.347µs"
2026-07-12 02:50:54 |TRC| method=GET status=200 uri=/api/v1/status latency_human="181.352µs"
2026-07-12 02:50:56 |TRC| method=GET status=200 uri=/api/v1/status latency_human="164.139µs"
2026-07-12 02:50:58 |TRC| method=GET status=200 uri=/api/v1/status latency_human="164.029µs"
2026-07-12 02:51:00 |TRC| method=GET status=200 uri=/api/v1/status latency_human="125.817µs"
2026-07-12 02:51:02 |TRC| method=GET status=200 uri=/api/v1/status latency_human="129.413µs"
2026-07-12 02:51:04 |TRC| method=GET status=200 uri=/api/v1/status latency_human="231.877µs"
2026-07-12 02:51:06 |TRC| method=GET status=200 uri=/api/v1/status latency_human="158.739µs"
2026-07-12 02:51:08 |TRC| method=GET status=200 uri=/api/v1/status latency_human="227.529µs"
2026-07-12 02:51:10 |TRC| method=GET status=200 uri=/api/v1/status latency_human="165.542µs"
2026-07-12 02:51:12 |TRC| method=GET status=200 uri=/api/v1/status latency_human="157.988µs"
2026-07-12 02:51:14 |TRC| method=GET status=200 uri=/api/v1/status latency_human="254.5µs"
2026-07-12 02:51:16 |TRC| method=GET status=200 uri=/api/v1/status latency_human="180.5µs"
2026-07-12 02:51:18 |TRC| method=GET status=200 uri=/api/v1/status latency_human="169.84µs"
2026-07-12 02:51:20 |TRC| method=GET status=200 uri=/api/v1/status latency_human="155.293µs"
2026-07-12 02:51:22 |TRC| method=GET status=200 uri=/api/v1/status latency_human="254.65µs"
2026-07-12 02:51:24 |TRC| method=GET status=200 uri=/api/v1/status latency_human="199.025µs"
2026-07-12 02:51:26 |TRC| method=GET status=200 uri=/api/v1/status latency_human="274.948µs"
2026-07-12 02:51:28 |TRC| method=GET status=200 uri=/api/v1/status latency_human="155.633µs"
2026-07-12 02:51:30 |TRC| method=GET status=200 uri=/api/v1/status latency_human="147.849µs"
2026-07-12 02:51:32 |TRC| method=GET status=200 uri=/api/v1/status latency_human="164.76µs"
2026-07-12 02:51:34 |TRC| method=GET status=200 uri=/api/v1/status latency_human="228.771µs"
2026-07-12 02:51:36 |TRC| method=GET status=200 uri=/api/v1/status latency_human="160.983µs"
2026-07-12 02:51:38 |TRC| method=GET status=200 uri=/api/v1/status latency_human="225.064µs"
2026-07-12 02:51:40 |TRC| method=GET status=200 uri=/api/v1/status latency_human="155.202µs"
2026-07-12 02:51:42 |TRC| method=GET status=200 uri=/api/v1/status latency_human="184.388µs"
2026-07-12 02:51:44 |TRC| method=GET status=200 uri=/api/v1/status latency_human="203.874µs"
2026-07-12 02:51:46 |TRC| method=GET status=200 uri=/api/v1/status latency_human="247.285µs"
2026-07-12 02:51:48 |TRC| method=GET status=200 uri=/api/v1/status latency_human="180.479µs"
2026-07-12 02:51:50 |TRC| method=GET status=200 uri=/api/v1/status latency_human="161.704µs"
2026-07-12 02:51:52 |TRC| method=GET status=200 uri=/api/v1/status latency_human="151.836µs"
2026-07-12 02:51:54 |TRC| method=GET status=200 uri=/api/v1/status latency_human="167.085µs"
2026-07-12 02:51:56 |TRC| method=GET status=200 uri=/api/v1/status latency_human="186.301µs"
2026-07-12 02:51:58 |TRC| method=GET status=200 uri=/api/v1/status latency_human="233.179µs"
2026-07-12 02:52:00 |TRC| method=GET status=200 uri=/api/v1/status latency_human="150.563µs"
2026-07-12 02:52:02 |TRC| method=GET status=200 uri=/api/v1/status latency_human="154.901µs"
2026-07-12 02:52:04 |TRC| method=GET status=200 uri=/api/v1/status latency_human="203.764µs"
2026-07-12 02:52:06 |TRC| method=GET status=200 uri=/api/v1/status latency_human="172.435µs"
2026-07-12 02:52:08 |TRC| method=GET status=200 uri=/api/v1/status latency_human="171.313µs"
2026-07-12 02:52:10 |TRC| method=GET status=200 uri=/api/v1/status latency_human="168.507µs"
2026-07-12 02:52:12 |TRC| method=GET status=200 uri=/api/v1/status latency_human="147.468µs"
2026-07-12 02:52:14 |TRC| method=GET status=200 uri=/api/v1/status latency_human="158.067µs"
2026-07-12 02:52:16 |TRC| method=GET status=200 uri=/api/v1/status latency_human="171.723µs"
2026-07-12 02:52:18 |TRC| method=GET status=200 uri=/api/v1/status latency_human="260.881µs"
2026-07-12 02:52:20 |TRC| method=GET status=200 uri=/api/v1/status latency_human="224.563µs"
2026-07-12 02:52:22 |TRC| method=GET status=200 uri=/api/v1/status latency_human="160.593µs"
2026-07-12 02:52:24 |TRC| method=GET status=200 uri=/api/v1/status latency_human="155.312µs"
2026-07-12 02:52:26 |TRC| method=GET status=200 uri=/api/v1/status latency_human="152.066µs"
2026-07-12 02:52:28 |TRC| method=GET status=200 uri=/api/v1/status latency_human="164.62µs"
2026-07-12 02:52:30 |TRC| method=GET status=200 uri=/api/v1/status latency_human="217.76µs"
2026-07-12 02:52:32 |TRC| method=GET status=200 uri=/api/v1/status latency_human="153.769µs"
2026-07-12 02:52:34 |TRC| method=GET status=200 uri=/api/v1/status latency_human="130.887µs"
2026-07-12 02:52:36 |TRC| method=GET status=200 uri=/api/v1/status latency_human="137.198µs"
2026-07-12 02:52:38 |TRC| method=GET status=200 uri=/api/v1/status latency_human="157.757µs"
2026-07-12 02:52:40 |TRC| method=GET status=200 uri=/api/v1/status latency_human="192.974µs"
2026-07-12 02:52:42 |TRC| method=GET status=200 uri=/api/v1/status latency_human="155.663µs"
2026-07-12 02:52:44 |TRC| method=GET status=200 uri=/api/v1/status latency_human="151.796µs"
2026-07-12 02:52:46 |TRC| method=GET status=200 uri=/api/v1/status latency_human="157.226µs"
2026-07-12 02:52:48 |TRC| method=GET status=200 uri=/api/v1/status latency_human="160.933µs"
2026-07-12 02:52:50 |TRC| method=GET status=200 uri=/api/v1/status latency_human="166.013µs"
2026-07-12 02:52:52 |TRC| method=GET status=200 uri=/api/v1/status latency_human="180.019µs"
2026-07-12 02:52:54 |TRC| method=GET status=200 uri=/api/v1/status latency_human="151.916µs"
2026-07-12 02:52:56 |TRC| method=GET status=200 uri=/api/v1/status latency_human="160.001µs"
2026-07-12 02:52:58 |TRC| method=GET status=200 uri=/api/v1/status latency_human="205.567µs"
2026-07-12 02:53:00 |TRC| method=GET status=200 uri=/api/v1/status latency_human="210.787µs"
2026-07-12 02:53:02 |TRC| method=GET status=200 uri=/api/v1/status latency_human="180.97µs"
2026-07-12 02:53:04 |TRC| method=GET status=200 uri=/api/v1/status latency_human="171.022µs"
2026-07-12 02:53:06 |TRC| method=GET status=200 uri=/api/v1/status latency_human="152.076µs"
2026-07-12 02:53:08 |TRC| method=GET status=200 uri=/api/v1/status latency_human="224.573µs"
2026-07-12 02:53:10 |TRC| method=GET status=200 uri=/api/v1/status latency_human="186.12µs"
2026-07-12 02:53:12 |TRC| method=GET status=200 uri=/api/v1/status latency_human="162.697µs"
2026-07-12 02:53:14 |TRC| method=GET status=200 uri=/api/v1/status latency_human="213.993µs"
2026-07-12 02:53:16 |TRC| method=GET status=200 uri=/api/v1/status latency_human="150.032µs"
2026-07-12 02:53:18 |TRC| method=GET status=200 uri=/api/v1/status latency_human="290.687µs"
2026-07-12 02:53:20 |TRC| method=GET status=200 uri=/api/v1/status latency_human="534.586µs"
2026-07-12 02:53:22 |TRC| method=GET status=200 uri=/api/v1/status latency_human="280.198µs"
2026-07-12 02:53:24 |TRC| method=GET status=200 uri=/api/v1/status latency_human="361.421µs"
2026-07-12 02:53:26 |TRC| method=GET status=200 uri=/api/v1/status latency_human="209.254µs"
2026-07-12 02:53:28 |TRC| method=GET status=200 uri=/api/v1/status latency_human="159.33µs"
2026-07-12 02:53:30 |TRC| method=GET status=200 uri=/api/v1/status latency_human="200.548µs"
2026-07-12 02:53:32 |TRC| method=GET status=200 uri=/api/v1/status latency_human="274.106µs"
2026-07-12 02:53:34 |TRC| method=GET status=200 uri=/api/v1/status latency_human="166.183µs"
2026-07-12 02:53:36 |TRC| method=GET status=200 uri=/api/v1/status latency_human="202.201µs"
2026-07-12 02:53:38 |TRC| method=GET status=200 uri=/api/v1/status latency_human="187.804µs"
2026-07-12 02:53:40 |TRC| method=GET status=200 uri=/api/v1/status latency_human="163.969µs"
2026-07-12 02:53:42 |TRC| method=GET status=200 uri=/api/v1/status latency_human="186.321µs"
2026-07-12 02:53:44 |TRC| method=GET status=200 uri=/api/v1/status latency_human="176.402µs"
2026-07-12 02:53:46 |TRC| method=GET status=200 uri=/api/v1/status latency_human="148.821µs"
2026-07-12 02:53:48 |TRC| method=GET status=200 uri=/api/v1/status latency_human="235.474µs"
2026-07-12 02:53:50 |TRC| method=GET status=200 uri=/api/v1/status latency_human="184.798µs"
2026-07-12 02:53:52 |TRC| method=GET status=200 uri=/api/v1/status latency_human="231.315µs"
2026-07-12 02:53:54 |TRC| method=GET status=200 uri=/api/v1/status latency_human="173.657µs"
2026-07-12 02:53:56 |TRC| method=GET status=200 uri=/api/v1/status latency_human="188.395µs"
2026-07-12 02:53:58 |TRC| method=GET status=200 uri=/api/v1/status latency_human="161.955µs"
2026-07-12 02:54:00 |TRC| method=GET status=200 uri=/api/v1/status latency_human="221.818µs"
2026-07-12 02:54:02 |TRC| method=GET status=200 uri=/api/v1/status latency_human="158.96µs"
2026-07-12 02:54:04 |TRC| method=GET status=200 uri=/api/v1/status latency_human="167.385µs"
2026-07-12 02:54:06 |TRC| method=GET status=200 uri=/api/v1/status latency_human="165.081µs"
2026-07-12 02:54:08 |TRC| method=GET status=200 uri=/api/v1/status latency_human="227.468µs"
2026-07-12 02:54:10 |TRC| method=GET status=200 uri=/api/v1/status latency_human="240.002µs"
2026-07-12 02:54:12 |TRC| method=GET status=200 uri=/api/v1/status latency_human="271.973µs"
2026-07-12 02:54:14 |TRC| method=GET status=200 uri=/api/v1/status latency_human="163.798µs"
2026-07-12 02:54:16 |TRC| method=GET status=200 uri=/api/v1/status latency_human="159.039µs"
2026-07-12 02:54:18 |TRC| method=GET status=200 uri=/api/v1/status latency_human="164.55µs"
2026-07-12 02:54:20 |TRC| method=GET status=200 uri=/api/v1/status latency_human="181.171µs"
2026-07-12 02:54:22 |TRC| method=GET status=200 uri=/api/v1/status latency_human="272.062µs"
2026-07-12 02:54:24 |TRC| method=GET status=200 uri=/api/v1/status latency_human="163.578µs"
2026-07-12 02:54:26 |TRC| method=GET status=200 uri=/api/v1/status latency_human="160.763µs"
2026-07-12 02:54:28 |TRC| method=GET status=200 uri=/api/v1/status latency_human="236.566µs"
2026-07-12 02:54:30 |TRC| method=GET status=200 uri=/api/v1/status latency_human="251.804µs"
2026-07-12 02:54:32 |TRC| method=GET status=200 uri=/api/v1/status latency_human="167.455µs"
2026-07-12 02:54:34 |TRC| method=GET status=200 uri=/api/v1/status latency_human="234.041µs"
2026-07-12 02:54:36 |TRC| method=GET status=200 uri=/api/v1/status latency_human="152.397µs"
2026-07-12 02:54:38 |TRC| method=GET status=200 uri=/api/v1/status latency_human="199.726µs"
2026-07-12 02:54:40 |TRC| method=GET status=200 uri=/api/v1/status latency_human="160.122µs"
2026-07-12 02:54:42 |TRC| method=GET status=200 uri=/api/v1/status latency_human="260.42µs"
2026-07-12 02:54:44 |TRC| method=GET status=200 uri=/api/v1/status latency_human="161.845µs"
2026-07-12 02:54:46 |TRC| method=GET status=200 uri=/api/v1/status latency_human="240.082µs"
2026-07-12 02:54:48 |TRC| method=GET status=200 uri=/api/v1/status latency_human="212.601µs"
2026-07-12 02:54:50 |TRC| method=GET status=200 uri=/api/v1/status latency_human="262.955µs"
2026-07-12 02:54:52 |TRC| method=GET status=200 uri=/api/v1/status latency_human="184.247µs"
2026-07-12 02:54:54 |TRC| method=GET status=200 uri=/api/v1/status latency_human="201.51µs"
2026-07-12 02:54:56 |TRC| method=GET status=200 uri=/api/v1/status latency_human="200.107µs"
2026-07-12 02:54:58 |TRC| method=GET status=200 uri=/api/v1/status latency_human="201.76µs"
2026-07-12 02:55:00 |TRC| method=GET status=200 uri=/api/v1/status latency_human="168.307µs"
2026-07-12 02:55:02 |TRC| method=GET status=200 uri=/api/v1/status latency_human="215.515µs"
2026-07-12 02:55:04 |TRC| method=GET status=200 uri=/api/v1/status latency_human="170.341µs"
2026-07-12 02:55:06 |TRC| method=GET status=200 uri=/api/v1/status latency_human="172.485µs"
2026-07-12 02:55:08 |TRC| method=GET status=200 uri=/api/v1/status latency_human="296.328µs"
2026-07-12 02:55:10 |TRC| method=GET status=200 uri=/api/v1/status latency_human="164.299µs"
2026-07-12 02:55:12 |TRC| method=GET status=200 uri=/api/v1/status latency_human="193.605µs"
2026-07-12 02:55:14 |TRC| method=GET status=200 uri=/api/v1/status latency_human="255.381µs"
2026-07-12 02:55:16 |TRC| method=GET status=200 uri=/api/v1/status latency_human="154.831µs"
2026-07-12 02:55:18 |TRC| method=GET status=200 uri=/api/v1/status latency_human="211.178µs"
2026-07-12 02:55:20 |TRC| method=GET status=200 uri=/api/v1/status latency_human="160.632µs"
2026-07-12 02:55:22 |TRC| method=GET status=200 uri=/api/v1/status latency_human="241.444µs"
2026-07-12 02:55:24 |TRC| method=GET status=200 uri=/api/v1/status latency_human="232.287µs"
2026-07-12 02:55:26 |TRC| method=GET status=200 uri=/api/v1/status latency_human="154.34µs"
2026-07-12 02:55:28 |TRC| method=GET status=200 uri=/api/v1/status latency_human="134.293µs"
2026-07-12 02:55:30 |TRC| method=GET status=200 uri=/api/v1/status latency_human="171.923µs"
2026-07-12 02:55:32 |TRC| method=GET status=200 uri=/api/v1/status latency_human="156.935µs"
2026-07-12 02:55:34 |TRC| method=GET status=200 uri=/api/v1/status latency_human="162.916µs"
2026-07-12 02:55:36 |TRC| method=GET status=200 uri=/api/v1/status latency_human="172.926µs"
2026-07-12 02:55:38 |TRC| method=GET status=200 uri=/api/v1/status latency_human="166.072µs"
2026-07-12 02:55:40 |TRC| method=GET status=200 uri=/api/v1/status latency_human="157.667µs"
2026-07-12 02:55:42 |TRC| method=GET status=200 uri=/api/v1/status latency_human="161.133µs"
2026-07-12 02:55:44 |TRC| method=GET status=200 uri=/api/v1/status latency_human="264.158µs"
2026-07-12 02:55:46 |TRC| method=GET status=200 uri=/api/v1/status latency_human="155.753µs"
2026-07-12 02:55:48 |TRC| method=GET status=200 uri=/api/v1/status latency_human="212.44µs"
2026-07-12 02:55:50 |TRC| method=GET status=200 uri=/api/v1/status latency_human="167.897µs"
2026-07-12 02:55:52 |TRC| method=GET status=200 uri=/api/v1/status latency_human="176.513µs"
2026-07-12 02:55:54 |TRC| method=GET status=200 uri=/api/v1/status latency_human="179.338µs"
2026-07-12 02:55:56 |TRC| method=GET status=200 uri=/api/v1/status latency_human="167.435µs"
2026-07-12 02:55:58 |TRC| method=GET status=200 uri=/api/v1/status latency_human="163.528µs"
2026-07-12 02:56:00 |TRC| method=GET status=200 uri=/api/v1/status latency_human="175.871µs"
2026-07-12 02:56:02 |TRC| method=GET status=200 uri=/api/v1/status latency_human="187.573µs"
2026-07-12 02:56:04 |TRC| method=GET status=200 uri=/api/v1/status latency_human="174.098µs"
2026-07-12 02:56:06 |TRC| method=GET status=200 uri=/api/v1/status latency_human="174.439µs"
2026-07-12 02:56:08 |TRC| method=GET status=200 uri=/api/v1/status latency_human="183.666µs"
2026-07-12 02:56:10 |TRC| method=GET status=200 uri=/api/v1/status latency_human="182.795µs"
2026-07-12 02:56:12 |TRC| method=GET status=200 uri=/api/v1/status latency_human="177.163µs"
2026-07-12 02:56:14 |TRC| method=GET status=200 uri=/api/v1/status latency_human="177.003µs"
2026-07-12 02:56:16 |TRC| method=GET status=200 uri=/api/v1/status latency_human="189.878µs"
2026-07-12 02:56:16 |DBG| anilist > Fetching anime collection
2026-07-12 02:56:16 |TRC| ws > Sending message type=check-for-announcements
2026-07-12 02:56:16 |TRC| method=POST status=200 uri=/api/v1/announcements latency_human="204.215µs"
2026-07-12 02:56:17 |INF| anilist > Successful Request rlr=29 rtt=727ms
2026-07-12 02:56:17 |TRC| ws > Sending message type=refreshed-anilist-anime-collection
2026-07-12 02:56:17 |DBG| anilist > Fetching manga collection
2026-07-12 02:56:17 |TRC| method=GET status=200 uri=/api/v1/library/collection latency_human="103.194µs"
2026-07-12 02:56:17 |TRC| method=GET status=200 uri=/api/v1/library/collection latency_human="116.449µs"
2026-07-12 02:56:17 |TRC| method=GET status=200 uri=/api/v1/anilist/collection latency_human="68.87µs"
2026-07-12 02:56:17 |TRC| method=GET status=200 uri=/api/v1/anilist/collection latency_human="68.649µs"
2026-07-12 02:56:17 |TRC| anilist platform > Fetching anime mediaId=196017
2026-07-12 02:56:17 |INF| anilist > Successful Request rlr=28 rtt=400ms
2026-07-12 02:56:17 |TRC| ws > Sending message type=refreshed-anilist-manga-collection
2026-07-12 02:56:17 |TRC| method=GET status=200 uri=/api/v1/manga/collection latency_human="199.225µs"
2026-07-12 02:56:17 |TRC| method=GET status=200 uri=/api/v1/manga/collection latency_human="90.53µs"
2026-07-12 02:56:17 |INF| anilist > Successful Request rlr=27 rtt=478ms
2026-07-12 02:56:17 |TRC| method=GET status=200 uri=/api/v1/library/anime-entry/196017 latency_human=483.091077ms
2026-07-12 02:56:17 |TRC| anilist platform > Fetching anime mediaId=196017
2026-07-12 02:56:17 |TRC| anilist platform > Returning anime from cache
2026-07-12 02:56:17 |TRC| method=GET status=200 uri=/api/v1/library/anime-entry/196017 latency_human="994.963µs"
2026-07-12 02:56:17 |TRC| method=GET status=200 uri=/api/v1/library/missing-episodes latency_human="254.93µs"
2026-07-12 02:56:17 |TRC| method=GET status=200 uri=/api/v1/library/missing-episodes latency_human="75.943µs"
2026-07-12 02:56:18 |TRC| method=GET status=200 uri=/api/v1/status latency_human="204.966µs"
2026-07-12 02:56:20 |TRC| method=GET status=200 uri=/api/v1/status latency_human="236.615µs"
2026-07-12 02:56:22 |TRC| method=GET status=200 uri=/api/v1/status latency_human="195.238µs"
2026-07-12 02:56:24 |TRC| method=GET status=200 uri=/api/v1/status latency_human="224.653µs"
2026-07-12 02:56:26 |TRC| method=GET status=200 uri=/api/v1/status latency_human="192.172µs"
2026-07-12 02:56:28 |TRC| method=GET status=200 uri=/api/v1/status latency_human="244.039µs"
2026-07-12 02:56:30 |TRC| method=GET status=200 uri=/api/v1/status latency_human="177.715µs"
2026-07-12 02:56:32 |TRC| method=GET status=200 uri=/api/v1/status latency_human="289.475µs"
2026-07-12 02:56:34 |TRC| method=GET status=200 uri=/api/v1/status latency_human="191.15µs"
2026-07-12 02:56:36 |TRC| method=GET status=200 uri=/api/v1/status latency_human="228.931µs"
2026-07-12 02:56:38 |TRC| method=GET status=200 uri=/api/v1/status latency_human="186.581µs"
2026-07-12 02:56:40 |TRC| method=GET status=200 uri=/api/v1/status latency_human="178.527µs"
2026-07-12 02:56:42 |TRC| method=GET status=200 uri=/api/v1/status latency_human="183.756µs"
2026-07-12 02:56:44 |TRC| method=GET status=200 uri=/api/v1/status latency_human="230.834µs"
2026-07-12 02:56:46 |TRC| method=GET status=200 uri=/api/v1/status latency_human="240.002µs"
2026-07-12 02:56:48 |TRC| method=GET status=200 uri=/api/v1/status latency_human="186.561µs"
2026-07-12 02:56:50 |TRC| method=GET status=200 uri=/api/v1/status latency_human="185.96µs"
2026-07-12 02:56:52 |TRC| method=GET status=200 uri=/api/v1/status latency_human="300.356µs"
2026-07-12 02:56:54 |TRC| method=GET status=200 uri=/api/v1/status latency_human="196.46µs"
2026-07-12 02:56:56 |TRC| method=GET status=200 uri=/api/v1/status latency_human="216.908µs"
2026-07-12 02:56:58 |TRC| method=GET status=200 uri=/api/v1/status latency_human="233.76µs"
2026-07-12 02:57:00 |TRC| method=GET status=200 uri=/api/v1/status latency_human="241.174µs"
2026-07-12 02:57:02 |TRC| method=GET status=200 uri=/api/v1/status latency_human="234.822µs"
2026-07-12 02:57:04 |TRC| method=GET status=200 uri=/api/v1/status latency_human="229.142µs"
2026-07-12 02:57:06 |TRC| method=GET status=200 uri=/api/v1/status latency_human="273.575µs"
2026-07-12 02:57:08 |TRC| method=GET status=200 uri=/api/v1/status latency_human="243.348µs"
2026-07-12 02:57:10 |TRC| method=GET status=200 uri=/api/v1/status latency_human="286.079µs"
2026-07-12 02:57:12 |TRC| method=GET status=200 uri=/api/v1/status latency_human="233.409µs"
2026-07-12 02:57:14 |TRC| method=GET status=200 uri=/api/v1/status latency_human="303.741µs"
2026-07-12 02:57:16 |TRC| method=GET status=200 uri=/api/v1/status latency_human="236.065µs"
2026-07-12 02:57:18 |TRC| method=GET status=200 uri=/api/v1/status latency_human="908.661µs"
2026-07-12 02:57:20 |TRC| method=GET status=200 uri=/api/v1/status latency_human="245.763µs"
2026-07-12 02:57:22 |TRC| method=GET status=200 uri=/api/v1/status latency_human="225.324µs"
2026-07-12 02:57:24 |TRC| method=GET status=200 uri=/api/v1/status latency_human="192.463µs"
2026-07-12 02:57:26 |TRC| method=GET status=200 uri=/api/v1/status latency_human="217.921µs"
2026-07-12 02:57:28 |TRC| method=GET status=200 uri=/api/v1/status latency_human="192.202µs"
2026-07-12 02:57:30 |TRC| method=GET status=200 uri=/api/v1/status latency_human="245.562µs"
2026-07-12 02:57:32 |TRC| method=GET status=200 uri=/api/v1/status latency_human="239.361µs"
2026-07-12 02:57:34 |TRC| method=GET status=200 uri=/api/v1/status latency_human="268.425µs"
2026-07-12 02:57:36 |TRC| method=GET status=200 uri=/api/v1/status latency_human="200.918µs"
2026-07-12 02:57:38 |TRC| method=GET status=200 uri=/api/v1/status latency_human="310.134µs"
2026-07-12 02:57:40 |TRC| method=GET status=200 uri=/api/v1/status latency_human="311.186µs"
2026-07-12 02:57:42 |TRC| method=GET status=200 uri=/api/v1/status latency_human="205.367µs"
2026-07-12 02:57:44 |TRC| method=GET status=200 uri=/api/v1/status latency_human="213.081µs"
2026-07-12 02:57:46 |TRC| method=GET status=200 uri=/api/v1/status latency_human="212.761µs"
2026-07-12 02:57:48 |TRC| method=GET status=200 uri=/api/v1/status latency_human="653.49µs"
2026-07-12 02:57:50 |TRC| method=GET status=200 uri=/api/v1/status latency_human="214.564µs"
2026-07-12 02:57:52 |TRC| method=GET status=200 uri=/api/v1/status latency_human="184.167µs"
2026-07-12 02:57:54 |TRC| method=GET status=200 uri=/api/v1/status latency_human="252.826µs"
2026-07-12 02:57:56 |TRC| method=GET status=200 uri=/api/v1/status latency_human="223.921µs"
2026-07-12 02:57:58 |TRC| method=GET status=200 uri=/api/v1/status latency_human="214.353µs"
2026-07-12 02:58:00 |TRC| method=GET status=200 uri=/api/v1/status latency_human="195.889µs"
2026-07-12 02:58:02 |TRC| method=GET status=200 uri=/api/v1/status latency_human="212.48µs"
2026-07-12 02:58:04 |TRC| method=GET status=200 uri=/api/v1/status latency_human="209.655µs"
2026-07-12 02:58:06 |TRC| method=GET status=200 uri=/api/v1/status latency_human="232.758µs"
2026-07-12 02:58:08 |TRC| method=GET status=200 uri=/api/v1/status latency_human="231.506µs"
2026-07-12 02:58:10 |TRC| method=GET status=200 uri=/api/v1/status latency_human="344.819µs"
2026-07-12 02:58:12 |TRC| method=GET status=200 uri=/api/v1/status latency_human="322.517µs"
2026-07-12 02:58:14 |TRC| method=GET status=200 uri=/api/v1/status latency_human="230.153µs"
2026-07-12 02:58:16 |TRC| method=GET status=200 uri=/api/v1/status latency_human="225.124µs"
2026-07-12 02:58:18 |TRC| method=GET status=200 uri=/api/v1/status latency_human="275.528µs"
2026-07-12 02:58:20 |TRC| method=GET status=200 uri=/api/v1/status latency_human="228.991µs"
2026-07-12 02:58:22 |TRC| method=GET status=200 uri=/api/v1/status latency_human="252.946µs"
2026-07-12 02:58:24 |TRC| method=GET status=200 uri=/api/v1/status latency_human="188.655µs"
2026-07-12 02:58:26 |TRC| method=GET status=200 uri=/api/v1/status latency_human="199.986µs"
2026-07-12 02:58:28 |TRC| method=GET status=200 uri=/api/v1/status latency_human="224.172µs"
2026-07-12 02:58:30 |TRC| method=GET status=200 uri=/api/v1/status latency_human="202.792µs"
2026-07-12 02:58:32 |TRC| method=GET status=200 uri=/api/v1/status latency_human="232.498µs"
2026-07-12 02:58:34 |TRC| method=GET status=200 uri=/api/v1/status latency_human="249.971µs"
2026-07-12 02:58:36 |TRC| method=GET status=200 uri=/api/v1/status latency_human="206.538µs"
2026-07-12 02:58:38 |TRC| method=GET status=200 uri=/api/v1/status latency_human="315.905µs"
2026-07-12 02:58:40 |TRC| method=GET status=200 uri=/api/v1/status latency_human="229.422µs"
2026-07-12 02:58:42 |TRC| method=GET status=200 uri=/api/v1/status latency_human="193.304µs"
2026-07-12 02:58:44 |TRC| method=GET status=200 uri=/api/v1/status latency_human="304.162µs"
2026-07-12 02:58:46 |TRC| method=GET status=200 uri=/api/v1/status latency_human="314.662µs"
2026-07-12 02:58:48 |TRC| method=GET status=200 uri=/api/v1/status latency_human="181.862µs"
2026-07-12 02:58:50 |TRC| method=GET status=200 uri=/api/v1/status latency_human="209.043µs"
2026-07-12 02:58:52 |TRC| method=GET status=200 uri=/api/v1/status latency_human="182.624µs"
2026-07-12 02:58:54 |TRC| method=GET status=200 uri=/api/v1/status latency_human="159.851µs"
2026-07-12 02:58:56 |TRC| method=GET status=200 uri=/api/v1/status latency_human="229.763µs"
2026-07-12 02:58:58 |TRC| method=GET status=200 uri=/api/v1/status latency_human="160.502µs"
2026-07-12 02:59:00 |TRC| method=GET status=200 uri=/api/v1/status latency_human="218.852µs"
2026-07-12 02:59:02 |TRC| method=GET status=200 uri=/api/v1/status latency_human="233.549µs"
2026-07-12 02:59:04 |TRC| method=GET status=200 uri=/api/v1/status latency_human="196.79µs"
2026-07-12 02:59:06 |TRC| method=GET status=200 uri=/api/v1/status latency_human="179.778µs"
2026-07-12 02:59:08 |TRC| method=GET status=200 uri=/api/v1/status latency_human="201.268µs"
2026-07-12 02:59:10 |TRC| method=GET status=200 uri=/api/v1/status latency_human="155.302µs"
2026-07-12 02:59:12 |TRC| method=GET status=200 uri=/api/v1/status latency_human="226.356µs"
2026-07-12 02:59:14 |TRC| method=GET status=200 uri=/api/v1/status latency_human="345.961µs"
2026-07-12 02:59:16 |TRC| method=GET status=200 uri=/api/v1/status latency_human="286.359µs"
2026-07-12 02:59:18 |TRC| method=GET status=200 uri=/api/v1/status latency_human="196.209µs"
2026-07-12 02:59:20 |TRC| method=GET status=200 uri=/api/v1/status latency_human="230.444µs"
2026-07-12 02:59:22 |TRC| method=GET status=200 uri=/api/v1/status latency_human="275.418µs"
2026-07-12 02:59:24 |TRC| method=GET status=200 uri=/api/v1/status latency_human="178.346µs"
2026-07-12 02:59:26 |TRC| method=GET status=200 uri=/api/v1/status latency_human="207.451µs"
2026-07-12 02:59:28 |TRC| method=GET status=200 uri=/api/v1/status latency_human="213.291µs"
2026-07-12 02:59:30 |TRC| method=GET status=200 uri=/api/v1/status latency_human="157.737µs"
2026-07-12 02:59:32 |TRC| method=GET status=200 uri=/api/v1/status latency_human="273.544µs"
2026-07-12 02:59:34 |TRC| method=GET status=200 uri=/api/v1/status latency_human="277.773µs"
2026-07-12 02:59:36 |TRC| method=GET status=200 uri=/api/v1/status latency_human="173.407µs"
2026-07-12 02:59:38 |TRC| method=GET status=200 uri=/api/v1/status latency_human="221.647µs"
2026-07-12 02:59:40 |TRC| method=GET status=200 uri=/api/v1/status latency_human="256.222µs"
2026-07-12 02:59:42 |TRC| method=GET status=200 uri=/api/v1/status latency_human="152.957µs"
2026-07-12 02:59:44 |TRC| method=GET status=200 uri=/api/v1/status latency_human="221.758µs"
2026-07-12 02:59:46 |TRC| method=GET status=200 uri=/api/v1/status latency_human="235.433µs"
2026-07-12 02:59:48 |TRC| method=GET status=200 uri=/api/v1/status latency_human="162.516µs"
2026-07-12 02:59:50 |TRC| method=GET status=200 uri=/api/v1/status latency_human="235.152µs"
2026-07-12 02:59:52 |TRC| method=GET status=200 uri=/api/v1/status latency_human="162.085µs"
2026-07-12 02:59:54 |TRC| method=GET status=200 uri=/api/v1/status latency_human="191.32µs"
2026-07-12 02:59:56 |TRC| method=GET status=200 uri=/api/v1/status latency_human="154.451µs"
2026-07-12 02:59:58 |TRC| method=GET status=200 uri=/api/v1/status latency_human="179.679µs"
2026-07-12 03:00:00 |TRC| method=GET status=200 uri=/api/v1/status latency_human="163.278µs"
2026-07-12 03:00:02 |TRC| method=GET status=200 uri=/api/v1/status latency_human="156.164µs"
2026-07-12 03:00:04 |TRC| method=GET status=200 uri=/api/v1/status latency_human="274.246µs"
2026-07-12 03:00:06 |TRC| method=GET status=200 uri=/api/v1/status latency_human="283.023µs"
2026-07-12 03:00:08 |TRC| method=GET status=200 uri=/api/v1/status latency_human="163.227µs"
2026-07-12 03:00:10 |TRC| method=GET status=200 uri=/api/v1/status latency_human="150.252µs"
2026-07-12 03:00:12 |TRC| method=GET status=200 uri=/api/v1/status latency_human="160.683µs"
2026-07-12 03:00:14 |TRC| method=GET status=200 uri=/api/v1/status latency_human="164.69µs"
2026-07-12 03:00:16 |TRC| method=GET status=200 uri=/api/v1/status latency_human="157.146µs"
2026-07-12 03:00:18 |TRC| method=GET status=200 uri=/api/v1/status latency_human="178.486µs"
2026-07-12 03:00:20 |TRC| method=GET status=200 uri=/api/v1/status latency_human="195.388µs"
2026-07-12 03:00:22 |TRC| method=GET status=200 uri=/api/v1/status latency_human="173.366µs"
2026-07-12 03:00:24 |TRC| method=GET status=200 uri=/api/v1/status latency_human="172.815µs"
2026-07-12 03:00:26 |TRC| method=GET status=200 uri=/api/v1/status latency_human="167.245µs"
2026-07-12 03:00:28 |TRC| method=GET status=200 uri=/api/v1/status latency_human="162.797µs"
2026-07-12 03:00:30 |TRC| method=GET status=200 uri=/api/v1/status latency_human="169.709µs"
2026-07-12 03:00:32 |TRC| method=GET status=200 uri=/api/v1/status latency_human="160.783µs"
2026-07-12 03:00:34 |TRC| method=GET status=200 uri=/api/v1/status latency_human="220.996µs"
2026-07-12 03:00:36 |TRC| method=GET status=200 uri=/api/v1/status latency_human="161.053µs"
2026-07-12 03:00:38 |TRC| method=GET status=200 uri=/api/v1/status latency_human="160.542µs"
2026-07-12 03:00:40 |TRC| method=GET status=200 uri=/api/v1/status latency_human="156.193µs"
2026-07-12 03:00:42 |TRC| method=GET status=200 uri=/api/v1/status latency_human="173.155µs"
2026-07-12 03:00:44 |TRC| method=GET status=200 uri=/api/v1/status latency_human="198.493µs"
2026-07-12 03:00:46 |TRC| method=GET status=200 uri=/api/v1/status latency_human="244.951µs"
2026-07-12 03:00:48 |TRC| method=GET status=200 uri=/api/v1/status latency_human="155.533µs"
2026-07-12 03:00:50 |TRC| method=GET status=200 uri=/api/v1/status latency_human="160.552µs"
2026-07-12 03:00:52 |TRC| method=GET status=200 uri=/api/v1/status latency_human="172.374µs"
2026-07-12 03:00:54 |TRC| method=GET status=200 uri=/api/v1/status latency_human="185.479µs"
2026-07-12 03:00:56 |TRC| method=GET status=200 uri=/api/v1/status latency_human="151.495µs"
2026-07-12 03:00:58 |TRC| method=GET status=200 uri=/api/v1/status latency_human="162.155µs"
2026-07-12 03:01:00 |TRC| method=GET status=200 uri=/api/v1/status latency_human="166.493µs"
2026-07-12 03:01:02 |TRC| method=GET status=200 uri=/api/v1/status latency_human="162.265µs"
2026-07-12 03:01:04 |TRC| method=GET status=200 uri=/api/v1/status latency_human="167.355µs"
2026-07-12 03:01:06 |TRC| method=GET status=200 uri=/api/v1/status latency_human="158.128µs"
2026-07-12 03:01:08 |TRC| method=GET status=200 uri=/api/v1/status latency_human="197.502µs"
2026-07-12 03:01:10 |TRC| method=GET status=200 uri=/api/v1/status latency_human="158.017µs"
2026-07-12 03:01:12 |TRC| method=GET status=200 uri=/api/v1/status latency_human="160.653µs"
2026-07-12 03:01:14 |TRC| method=GET status=200 uri=/api/v1/status latency_human="229.271µs"
2026-07-12 03:01:16 |TRC| method=GET status=200 uri=/api/v1/status latency_human="176.172µs"
2026-07-12 03:01:18 |TRC| method=GET status=200 uri=/api/v1/status latency_human="165.291µs"
2026-07-12 03:01:20 |TRC| method=GET status=200 uri=/api/v1/status latency_human="163.779µs"
2026-07-12 03:01:22 |TRC| method=GET status=200 uri=/api/v1/status latency_human="177.975µs"
2026-07-12 03:01:24 |TRC| method=GET status=200 uri=/api/v1/status latency_human="172.284µs"
2026-07-12 03:01:26 |TRC| method=GET status=200 uri=/api/v1/status latency_human="160.622µs"
2026-07-12 03:01:28 |TRC| method=GET status=200 uri=/api/v1/status latency_human="157.908µs"
2026-07-12 03:01:30 |TRC| method=GET status=200 uri=/api/v1/status latency_human="136.467µs"
2026-07-12 03:01:32 |TRC| method=GET status=200 uri=/api/v1/status latency_human="232.137µs"
2026-07-12 03:01:34 |TRC| method=GET status=200 uri=/api/v1/status latency_human="165.682µs"
2026-07-12 03:01:36 |TRC| method=GET status=200 uri=/api/v1/status latency_human="175.019µs"
2026-07-12 03:01:38 |TRC| method=GET status=200 uri=/api/v1/status latency_human="230.414µs"
2026-07-12 03:01:40 |TRC| method=GET status=200 uri=/api/v1/status latency_human="172.635µs"
2026-07-12 03:01:42 |TRC| method=GET status=200 uri=/api/v1/status latency_human="178.065µs"
2026-07-12 03:01:44 |TRC| method=GET status=200 uri=/api/v1/status latency_human="160.782µs"
2026-07-12 03:01:46 |TRC| method=GET status=200 uri=/api/v1/status latency_human="245.502µs"
2026-07-12 03:01:48 |TRC| method=GET status=200 uri=/api/v1/status latency_human="154.762µs"
2026-07-12 03:01:50 |TRC| method=GET status=200 uri=/api/v1/status latency_human="197.792µs"
2026-07-12 03:01:52 |TRC| method=GET status=200 uri=/api/v1/status latency_human="121.508µs"
2026-07-12 03:01:54 |TRC| method=GET status=200 uri=/api/v1/status latency_human="220.806µs"
2026-07-12 03:01:56 |TRC| method=GET status=200 uri=/api/v1/status latency_human="156.936µs"
2026-07-12 03:01:58 |TRC| method=GET status=200 uri=/api/v1/status latency_human="277.041µs"
2026-07-12 03:02:00 |TRC| method=GET status=200 uri=/api/v1/status latency_human="163.899µs"
2026-07-12 03:02:02 |TRC| method=GET status=200 uri=/api/v1/status latency_human="155.453µs"
2026-07-12 03:02:04 |TRC| method=GET status=200 uri=/api/v1/status latency_human="131.127µs"
2026-07-12 03:02:06 |TRC| method=GET status=200 uri=/api/v1/status latency_human="166.463µs"
2026-07-12 03:02:08 |TRC| method=GET status=200 uri=/api/v1/status latency_human="217.629µs"
2026-07-12 03:02:10 |TRC| method=GET status=200 uri=/api/v1/status latency_human="277.342µs"
2026-07-12 03:02:12 |TRC| method=GET status=200 uri=/api/v1/status latency_human="292.12µs"
2026-07-12 03:02:14 |TRC| method=GET status=200 uri=/api/v1/status latency_human="170.341µs"
2026-07-12 03:02:16 |TRC| method=GET status=200 uri=/api/v1/status latency_human=1.457233ms
2026-07-12 03:02:18 |TRC| method=GET status=200 uri=/api/v1/status latency_human="164.941µs"
2026-07-12 03:02:20 |TRC| method=GET status=200 uri=/api/v1/status latency_human="377.14µs"
2026-07-12 03:02:22 |TRC| method=GET status=200 uri=/api/v1/status latency_human="185.038µs"
2026-07-12 03:02:24 |TRC| method=GET status=200 uri=/api/v1/status latency_human="164.54µs"
2026-07-12 03:02:26 |TRC| method=GET status=200 uri=/api/v1/status latency_human="197.382µs"
2026-07-12 03:02:28 |TRC| method=GET status=200 uri=/api/v1/status latency_human="193.985µs"
2026-07-12 03:02:30 |TRC| method=GET status=200 uri=/api/v1/status latency_human="236.265µs"
2026-07-12 03:02:32 |TRC| method=GET status=200 uri=/api/v1/status latency_human="164.95µs"
2026-07-12 03:02:34 |TRC| method=GET status=200 uri=/api/v1/status latency_human="188.184µs"
2026-07-12 03:02:36 |TRC| method=GET status=200 uri=/api/v1/status latency_human="157.556µs"
2026-07-12 03:02:38 |TRC| method=GET status=200 uri=/api/v1/status latency_human="138.851µs"
2026-07-12 03:02:40 |TRC| method=GET status=200 uri=/api/v1/status latency_human="177.203µs"
2026-07-12 03:02:42 |TRC| method=GET status=200 uri=/api/v1/status latency_human="133.25µs"
2026-07-12 03:02:44 |TRC| method=GET status=200 uri=/api/v1/status latency_human="163.207µs"
2026-07-12 03:02:46 |TRC| method=GET status=200 uri=/api/v1/status latency_human="271.832µs"
2026-07-12 03:02:48 |TRC| method=GET status=200 uri=/api/v1/status latency_human="233.67µs"
2026-07-12 03:02:50 |TRC| method=GET status=200 uri=/api/v1/status latency_human="273.364µs"
2026-07-12 03:02:52 |TRC| method=GET status=200 uri=/api/v1/status latency_human="235.764µs"
2026-07-12 03:02:54 |TRC| method=GET status=200 uri=/api/v1/status latency_human="192.072µs"
2026-07-12 03:02:56 |TRC| method=GET status=200 uri=/api/v1/status latency_human="172.374µs"
2026-07-12 03:02:58 |TRC| method=GET status=200 uri=/api/v1/status latency_human="161.634µs"
2026-07-12 03:03:00 |TRC| method=GET status=200 uri=/api/v1/status latency_human="162.235µs"
2026-07-12 03:03:02 |TRC| method=GET status=200 uri=/api/v1/status latency_human="157.185µs"
2026-07-12 03:03:04 |TRC| method=GET status=200 uri=/api/v1/status latency_human="197.081µs"
2026-07-12 03:03:06 |TRC| method=GET status=200 uri=/api/v1/status latency_human="284.074µs"
2026-07-12 03:03:08 |TRC| method=GET status=200 uri=/api/v1/status latency_human="202.161µs"
2026-07-12 03:03:10 |TRC| method=GET status=200 uri=/api/v1/status latency_human="157.025µs"
2026-07-12 03:03:12 |TRC| method=GET status=200 uri=/api/v1/status latency_human="185.469µs"
2026-07-12 03:03:14 |TRC| method=GET status=200 uri=/api/v1/status latency_human="271.801µs"
2026-07-12 03:03:16 |TRC| method=GET status=200 uri=/api/v1/status latency_human="209.645µs"
2026-07-12 03:03:18 |TRC| method=GET status=200 uri=/api/v1/status latency_human="238.619µs"
2026-07-12 03:03:20 |TRC| method=GET status=200 uri=/api/v1/status latency_human="172.805µs"
2026-07-12 03:03:22 |TRC| method=GET status=200 uri=/api/v1/status latency_human="219.824µs"
2026-07-12 03:03:24 |TRC| method=GET status=200 uri=/api/v1/status latency_human="137.018µs"
2026-07-12 03:03:26 |TRC| method=GET status=200 uri=/api/v1/status latency_human="132.649µs"
2026-07-12 03:03:28 |TRC| method=GET status=200 uri=/api/v1/status latency_human="158.308µs"
2026-07-12 03:03:30 |TRC| method=GET status=200 uri=/api/v1/status latency_human="266.151µs"
2026-07-12 03:03:32 |TRC| method=GET status=200 uri=/api/v1/status latency_human="135.896µs"
2026-07-12 03:03:34 |TRC| method=GET status=200 uri=/api/v1/status latency_human="143.339µs"
2026-07-12 03:03:36 |TRC| method=GET status=200 uri=/api/v1/status latency_human="134.022µs"
2026-07-12 03:03:38 |TRC| method=GET status=200 uri=/api/v1/status latency_human="125.706µs"
2026-07-12 03:03:40 |TRC| method=GET status=200 uri=/api/v1/status latency_human="166.984µs"
2026-07-12 03:03:42 |TRC| method=GET status=200 uri=/api/v1/status latency_human="158.549µs"
2026-07-12 03:03:44 |TRC| method=GET status=200 uri=/api/v1/status latency_human="244.219µs"
2026-07-12 03:03:46 |TRC| method=GET status=200 uri=/api/v1/status latency_human="159.189µs"
2026-07-12 03:03:48 |TRC| method=GET status=200 uri=/api/v1/status latency_human="160.151µs"
2026-07-12 03:03:50 |TRC| method=GET status=200 uri=/api/v1/status latency_human="260.871µs"
2026-07-12 03:03:52 |TRC| method=GET status=200 uri=/api/v1/status latency_human="131.317µs"
2026-07-12 03:03:54 |TRC| method=GET status=200 uri=/api/v1/status latency_human="358.655µs"
2026-07-12 03:03:56 |TRC| method=GET status=200 uri=/api/v1/status latency_human="188.004µs"
2026-07-12 03:03:58 |TRC| method=GET status=200 uri=/api/v1/status latency_human="219.653µs"
2026-07-12 03:04:00 |TRC| method=GET status=200 uri=/api/v1/status latency_human="160.322µs"
2026-07-12 03:04:02 |TRC| method=GET status=200 uri=/api/v1/status latency_human="130.586µs"
2026-07-12 03:04:04 |TRC| method=GET status=200 uri=/api/v1/status latency_human="140.425µs"
2026-07-12 03:04:06 |TRC| method=GET status=200 uri=/api/v1/status latency_human="436.341µs"
2026-07-12 03:04:08 |TRC| method=GET status=200 uri=/api/v1/status latency_human="158.178µs"
2026-07-12 03:04:10 |TRC| method=GET status=200 uri=/api/v1/status latency_human="160.122µs"
2026-07-12 03:04:12 |TRC| method=GET status=200 uri=/api/v1/status latency_human="134.433µs"
2026-07-12 03:04:14 |TRC| method=GET status=200 uri=/api/v1/status latency_human="260.24µs"
2026-07-12 03:04:16 |TRC| method=GET status=200 uri=/api/v1/status latency_human="185.75µs"
2026-07-12 03:04:18 |TRC| method=GET status=200 uri=/api/v1/status latency_human="248.317µs"
2026-07-12 03:04:20 |TRC| method=GET status=200 uri=/api/v1/status latency_human="132.63µs"
2026-07-12 03:04:22 |TRC| method=GET status=200 uri=/api/v1/status latency_human=1.386319ms
2026-07-12 03:04:24 |TRC| method=GET status=200 uri=/api/v1/status latency_human="165.04µs"
2026-07-12 03:04:26 |TRC| method=GET status=200 uri=/api/v1/status latency_human="361.811µs"
2026-07-12 03:04:28 |TRC| method=GET status=200 uri=/api/v1/status latency_human="164.45µs"
2026-07-12 03:04:30 |TRC| method=GET status=200 uri=/api/v1/status latency_human="155.232µs"
2026-07-12 03:04:32 |TRC| method=GET status=200 uri=/api/v1/status latency_human="153.86µs"
2026-07-12 03:04:34 |TRC| method=GET status=200 uri=/api/v1/status latency_human="157.697µs"
2026-07-12 03:04:36 |TRC| method=GET status=200 uri=/api/v1/status latency_human="173.617µs"
2026-07-12 03:04:38 |TRC| method=GET status=200 uri=/api/v1/status latency_human="125.947µs"
2026-07-12 03:04:40 |TRC| method=GET status=200 uri=/api/v1/status latency_human="143.44µs"
2026-07-12 03:04:42 |TRC| method=GET status=200 uri=/api/v1/status latency_human="200.006µs"
2026-07-12 03:04:44 |TRC| method=GET status=200 uri=/api/v1/status latency_human="242.026µs"
2026-07-12 03:04:46 |TRC| method=GET status=200 uri=/api/v1/status latency_human="180.179µs"
2026-07-12 03:04:48 |TRC| method=GET status=200 uri=/api/v1/status latency_human="155.563µs"
2026-07-12 03:04:50 |TRC| method=GET status=200 uri=/api/v1/status latency_human="156.294µs"
2026-07-12 03:04:52 |TRC| method=GET status=200 uri=/api/v1/status latency_human="246.023µs"
2026-07-12 03:04:54 |TRC| method=GET status=200 uri=/api/v1/status latency_human="174.248µs"
2026-07-12 03:04:56 |TRC| method=GET status=200 uri=/api/v1/status latency_human="163.728µs"
2026-07-12 03:04:58 |TRC| method=GET status=200 uri=/api/v1/status latency_human="193.664µs"
2026-07-12 03:05:00 |TRC| method=GET status=200 uri=/api/v1/status latency_human="177.153µs"
2026-07-12 03:05:02 |TRC| method=GET status=200 uri=/api/v1/status latency_human="163.808µs"
2026-07-12 03:05:04 |TRC| method=GET status=200 uri=/api/v1/status latency_human="217.279µs"
2026-07-12 03:05:06 |TRC| method=GET status=200 uri=/api/v1/status latency_human="141.827µs"
2026-07-12 03:05:08 |TRC| method=GET status=200 uri=/api/v1/status latency_human="150.954µs"
2026-07-12 03:05:10 |TRC| method=GET status=200 uri=/api/v1/status latency_human="155.653µs"
2026-07-12 03:05:12 |TRC| method=GET status=200 uri=/api/v1/status latency_human="232.938µs"
2026-07-12 03:05:14 |TRC| method=GET status=200 uri=/api/v1/status latency_human="248.758µs"
2026-07-12 03:05:16 |TRC| method=GET status=200 uri=/api/v1/status latency_human="163.728µs"
2026-07-12 03:05:18 |TRC| method=GET status=200 uri=/api/v1/status latency_human="192.963µs"
2026-07-12 03:05:20 |TRC| method=GET status=200 uri=/api/v1/status latency_human="153.088µs"
2026-07-12 03:05:22 |TRC| method=GET status=200 uri=/api/v1/status latency_human="126.107µs"
2026-07-12 03:05:24 |TRC| method=GET status=200 uri=/api/v1/status latency_human="158.118µs"
2026-07-12 03:05:26 |TRC| method=GET status=200 uri=/api/v1/status latency_human="169.269µs"
2026-07-12 03:05:28 |TRC| method=GET status=200 uri=/api/v1/status latency_human="268.294µs"
2026-07-12 03:05:30 |TRC| method=GET status=200 uri=/api/v1/status latency_human="221.617µs"
2026-07-12 03:05:32 |TRC| method=GET status=200 uri=/api/v1/status latency_human="250.23µs"
2026-07-12 03:05:34 |TRC| method=GET status=200 uri=/api/v1/status latency_human="161.734µs"
2026-07-12 03:05:36 |TRC| method=GET status=200 uri=/api/v1/status latency_human="222.659µs"
2026-07-12 03:05:38 |TRC| method=GET status=200 uri=/api/v1/status latency_human="149.892µs"
2026-07-12 03:05:40 |TRC| method=GET status=200 uri=/api/v1/status latency_human="176.522µs"
2026-07-12 03:05:42 |TRC| method=GET status=200 uri=/api/v1/status latency_human="154.33µs"
2026-07-12 03:05:44 |TRC| method=GET status=200 uri=/api/v1/status latency_human="242.987µs"
2026-07-12 03:05:46 |TRC| method=GET status=200 uri=/api/v1/status latency_human="271.962µs"
2026-07-12 03:05:48 |TRC| method=GET status=200 uri=/api/v1/status latency_human="172.936µs"
2026-07-12 03:05:50 |TRC| method=GET status=200 uri=/api/v1/status latency_human="182.263µs"
2026-07-12 03:05:52 |TRC| method=GET status=200 uri=/api/v1/status latency_human="257.825µs"
2026-07-12 03:05:54 |TRC| method=GET status=200 uri=/api/v1/status latency_human="261.853µs"
2026-07-12 03:05:56 |TRC| method=GET status=200 uri=/api/v1/status latency_human="167.214µs"
2026-07-12 03:05:58 |TRC| method=GET status=200 uri=/api/v1/status latency_human="194.426µs"
2026-07-12 03:06:00 |TRC| method=GET status=200 uri=/api/v1/status latency_human="167.655µs"
2026-07-12 03:06:02 |TRC| method=GET status=200 uri=/api/v1/status latency_human="169.729µs"
2026-07-12 03:06:04 |TRC| method=GET status=200 uri=/api/v1/status latency_human="184.146µs"
2026-07-12 03:06:06 |TRC| method=GET status=200 uri=/api/v1/status latency_human="187.754µs"
2026-07-12 03:06:08 |TRC| method=GET status=200 uri=/api/v1/status latency_human="288.192µs"
2026-07-12 03:06:10 |TRC| method=GET status=200 uri=/api/v1/status latency_human="228.901µs"
2026-07-12 03:06:12 |TRC| method=GET status=200 uri=/api/v1/status latency_human="166.513µs"
2026-07-12 03:06:14 |TRC| method=GET status=200 uri=/api/v1/status latency_human="178.666µs"
2026-07-12 03:06:16 |TRC| method=GET status=200 uri=/api/v1/status latency_human="157.026µs"
2026-07-12 03:06:16 |DBG| anilist > Fetching anime collection
2026-07-12 03:06:16 |TRC| ws > Sending message type=check-for-announcements
2026-07-12 03:06:16 |TRC| method=POST status=200 uri=/api/v1/announcements latency_human="257.354µs"
2026-07-12 03:06:17 |INF| anilist > Successful Request rlr=29 rtt=696ms
2026-07-12 03:06:17 |TRC| ws > Sending message type=refreshed-anilist-anime-collection
2026-07-12 03:06:17 |DBG| anilist > Fetching manga collection
2026-07-12 03:06:17 |TRC| method=GET status=200 uri=/api/v1/library/collection latency_human="142.608µs"
2026-07-12 03:06:17 |TRC| method=GET status=200 uri=/api/v1/library/collection latency_human="132.94µs"
2026-07-12 03:06:17 |TRC| method=GET status=200 uri=/api/v1/anilist/collection latency_human="108.424µs"
2026-07-12 03:06:17 |TRC| method=GET status=200 uri=/api/v1/anilist/collection latency_human="73.578µs"
2026-07-12 03:06:17 |TRC| anilist platform > Fetching anime mediaId=196017
2026-07-12 03:06:17 |TRC| anilist platform > Returning anime from cache
2026-07-12 03:06:17 |TRC| method=GET status=200 uri=/api/v1/library/anime-entry/196017 latency_human="748.488µs"
2026-07-12 03:06:17 |TRC| anilist platform > Fetching anime mediaId=196017
2026-07-12 03:06:17 |TRC| anilist platform > Returning anime from cache
2026-07-12 03:06:17 |TRC| method=GET status=200 uri=/api/v1/library/anime-entry/196017 latency_human="714.675µs"
2026-07-12 03:06:17 |TRC| method=GET status=200 uri=/api/v1/library/missing-episodes latency_human="215.105µs"
2026-07-12 03:06:17 |TRC| method=GET status=200 uri=/api/v1/library/missing-episodes latency_human="97.313µs"
2026-07-12 03:06:17 |INF| anilist > Successful Request rlr=28 rtt=404ms
2026-07-12 03:06:17 |TRC| ws > Sending message type=refreshed-anilist-manga-collection
2026-07-12 03:06:17 |TRC| method=GET status=200 uri=/api/v1/manga/collection latency_human="85.621µs"
2026-07-12 03:06:17 |TRC| method=GET status=200 uri=/api/v1/manga/collection latency_human="89.618µs"
2026-07-12 03:06:18 |TRC| method=GET status=200 uri=/api/v1/status latency_human="228.089µs"
2026-07-12 03:06:20 |TRC| method=GET status=200 uri=/api/v1/status latency_human="173.417µs"
2026-07-12 03:06:22 |TRC| method=GET status=200 uri=/api/v1/status latency_human="179.338µs"
2026-07-12 03:06:24 |TRC| method=GET status=200 uri=/api/v1/status latency_human="160.702µs"
2026-07-12 03:06:26 |TRC| method=GET status=200 uri=/api/v1/status latency_human="164.349µs"
2026-07-12 03:06:28 |TRC| method=GET status=200 uri=/api/v1/status latency_human="302.359µs"
2026-07-12 03:06:30 |TRC| method=GET status=200 uri=/api/v1/status latency_human="161.925µs"
2026-07-12 03:06:32 |TRC| method=GET status=200 uri=/api/v1/status latency_human="135.786µs"
2026-07-12 03:06:34 |TRC| method=GET status=200 uri=/api/v1/status latency_human="157.446µs"
2026-07-12 03:06:36 |TRC| method=GET status=200 uri=/api/v1/status latency_human="193.535µs"
2026-07-12 03:06:38 |TRC| method=GET status=200 uri=/api/v1/status latency_human="161.244µs"
2026-07-12 03:06:40 |TRC| method=GET status=200 uri=/api/v1/status latency_human="225.464µs"
2026-07-12 03:06:42 |TRC| method=GET status=200 uri=/api/v1/status latency_human="205.637µs"
2026-07-12 03:06:44 |TRC| method=GET status=200 uri=/api/v1/status latency_human="208.322µs"
2026-07-12 03:06:46 |TRC| method=GET status=200 uri=/api/v1/status latency_human="216.748µs"
2026-07-12 03:06:48 |TRC| method=GET status=200 uri=/api/v1/status latency_human="236.495µs"
2026-07-12 03:06:50 |TRC| method=GET status=200 uri=/api/v1/status latency_human="139.643µs"
2026-07-12 03:06:52 |TRC| method=GET status=200 uri=/api/v1/status latency_human="214.674µs"
2026-07-12 03:06:54 |TRC| method=GET status=200 uri=/api/v1/status latency_human="172.674µs"
2026-07-12 03:06:56 |TRC| method=GET status=200 uri=/api/v1/status latency_human="162.275µs"
2026-07-12 03:06:58 |TRC| method=GET status=200 uri=/api/v1/status latency_human="165.471µs"
2026-07-12 03:07:00 |TRC| method=GET status=200 uri=/api/v1/status latency_human="231.155µs"
2026-07-12 03:07:02 |TRC| method=GET status=200 uri=/api/v1/status latency_human="227.979µs"
2026-07-12 03:07:04 |TRC| method=GET status=200 uri=/api/v1/status latency_human="213.742µs"
2026-07-12 03:07:06 |TRC| method=GET status=200 uri=/api/v1/status latency_human="480.575µs"
2026-07-12 03:07:08 |TRC| method=GET status=200 uri=/api/v1/status latency_human="162.846µs"
2026-07-12 03:07:10 |TRC| method=GET status=200 uri=/api/v1/status latency_human="134.182µs"
2026-07-12 03:07:12 |TRC| method=GET status=200 uri=/api/v1/status latency_human="169.158µs"
2026-07-12 03:07:14 |TRC| method=GET status=200 uri=/api/v1/status latency_human="222.288µs"
2026-07-12 03:07:16 |TRC| method=GET status=200 uri=/api/v1/status latency_human="163.748µs"
2026-07-12 03:07:18 |TRC| method=GET status=200 uri=/api/v1/status latency_human="154.511µs"
2026-07-12 03:07:20 |TRC| method=GET status=200 uri=/api/v1/status latency_human="156.494µs"
2026-07-12 03:07:22 |TRC| method=GET status=200 uri=/api/v1/status latency_human="445.849µs"
2026-07-12 03:07:24 |TRC| method=GET status=200 uri=/api/v1/status latency_human="354.557µs"
2026-07-12 03:07:26 |TRC| method=GET status=200 uri=/api/v1/status latency_human="157.606µs"
2026-07-12 03:07:28 |TRC| method=GET status=200 uri=/api/v1/status latency_human="230.544µs"
2026-07-12 03:07:30 |TRC| method=GET status=200 uri=/api/v1/status latency_human="222.028µs"
2026-07-12 03:07:32 |TRC| method=GET status=200 uri=/api/v1/status latency_human="237.998µs"
2026-07-12 03:07:34 |TRC| method=GET status=200 uri=/api/v1/status latency_human="154.581µs"
2026-07-12 03:07:36 |TRC| method=GET status=200 uri=/api/v1/status latency_human="241.144µs"
2026-07-12 03:07:38 |TRC| method=GET status=200 uri=/api/v1/status latency_human="227.488µs"
2026-07-12 03:07:40 |TRC| method=GET status=200 uri=/api/v1/status latency_human="240.663µs"
2026-07-12 03:07:42 |TRC| method=GET status=200 uri=/api/v1/status latency_human="161.023µs"
2026-07-12 03:07:44 |TRC| method=GET status=200 uri=/api/v1/status latency_human="156.164µs"
2026-07-12 03:07:46 |TRC| method=GET status=200 uri=/api/v1/status latency_human="244.41µs"
2026-07-12 03:07:48 |TRC| method=GET status=200 uri=/api/v1/status latency_human="199.224µs"
2026-07-12 03:07:50 |TRC| method=GET status=200 uri=/api/v1/status latency_human="150.583µs"
2026-07-12 03:07:52 |TRC| method=GET status=200 uri=/api/v1/status latency_human="227.929µs"
2026-07-12 03:07:54 |TRC| method=GET status=200 uri=/api/v1/status latency_human="173.997µs"
2026-07-12 03:07:56 |TRC| method=GET status=200 uri=/api/v1/status latency_human="228.139µs"
2026-07-12 03:07:58 |TRC| method=GET status=200 uri=/api/v1/status latency_human="184.497µs"
2026-07-12 03:08:00 |TRC| method=GET status=200 uri=/api/v1/status latency_human="140.915µs"
2026-07-12 03:08:02 |TRC| method=GET status=200 uri=/api/v1/status latency_human="259.669µs"
2026-07-12 03:08:04 |TRC| method=GET status=200 uri=/api/v1/status latency_human="157.065µs"
2026-07-12 03:08:06 |TRC| method=GET status=200 uri=/api/v1/status latency_human="271.501µs"
2026-07-12 03:08:08 |TRC| method=GET status=200 uri=/api/v1/status latency_human="168.266µs"
2026-07-12 03:08:10 |TRC| method=GET status=200 uri=/api/v1/status latency_human="263.455µs"
2026-07-12 03:08:12 |TRC| method=GET status=200 uri=/api/v1/status latency_human="283.092µs"
2026-07-12 03:08:14 |TRC| method=GET status=200 uri=/api/v1/status latency_human="243.378µs"
2026-07-12 03:08:16 |TRC| method=GET status=200 uri=/api/v1/status latency_human="169.188µs"
2026-07-12 03:08:18 |TRC| method=GET status=200 uri=/api/v1/status latency_human="149.251µs"
2026-07-12 03:08:20 |TRC| method=GET status=200 uri=/api/v1/status latency_human="184.507µs"
2026-07-12 03:08:22 |TRC| method=GET status=200 uri=/api/v1/status latency_human="178.065µs"
2026-07-12 03:08:24 |TRC| method=GET status=200 uri=/api/v1/status latency_human="184.107µs"
2026-07-12 03:08:26 |TRC| method=GET status=200 uri=/api/v1/status latency_human="168.256µs"
2026-07-12 03:08:28 |TRC| method=GET status=200 uri=/api/v1/status latency_human="194.105µs"
2026-07-12 03:08:30 |TRC| method=GET status=200 uri=/api/v1/status latency_human="168.727µs"
2026-07-12 03:08:32 |TRC| method=GET status=200 uri=/api/v1/status latency_human="160.982µs"
2026-07-12 03:08:34 |TRC| method=GET status=200 uri=/api/v1/status latency_human="226.987µs"
2026-07-12 03:08:36 |TRC| method=GET status=200 uri=/api/v1/status latency_human="258.136µs"
2026-07-12 03:08:38 |TRC| method=GET status=200 uri=/api/v1/status latency_human="151.234µs"
2026-07-12 03:08:40 |TRC| method=GET status=200 uri=/api/v1/status latency_human="193.003µs"
2026-07-12 03:08:42 |TRC| method=GET status=200 uri=/api/v1/status latency_human="145.504µs"
2026-07-12 03:08:44 |TRC| method=GET status=200 uri=/api/v1/status latency_human="227.538µs"
2026-07-12 03:08:46 |TRC| method=GET status=200 uri=/api/v1/status latency_human="154.761µs"
2026-07-12 03:08:48 |TRC| method=GET status=200 uri=/api/v1/status latency_human="173.977µs"
2026-07-12 03:08:50 |TRC| method=GET status=200 uri=/api/v1/status latency_human="129.163µs"
2026-07-12 03:08:52 |TRC| method=GET status=200 uri=/api/v1/status latency_human="406.766µs"
2026-07-12 03:08:54 |TRC| method=GET status=200 uri=/api/v1/status latency_human="219.984µs"
2026-07-12 03:08:56 |TRC| method=GET status=200 uri=/api/v1/status latency_human="153.269µs"
2026-07-12 03:08:58 |TRC| method=GET status=200 uri=/api/v1/status latency_human="159.761µs"
2026-07-12 03:09:00 |TRC| method=GET status=200 uri=/api/v1/status latency_human="156.144µs"
2026-07-12 03:09:02 |TRC| method=GET status=200 uri=/api/v1/status latency_human="217.279µs"
2026-07-12 03:09:04 |TRC| method=GET status=200 uri=/api/v1/status latency_human="183.776µs"
2026-07-12 03:09:06 |TRC| method=GET status=200 uri=/api/v1/status latency_human="174.498µs"
2026-07-12 03:09:08 |TRC| method=GET status=200 uri=/api/v1/status latency_human="287.03µs"
2026-07-12 03:09:10 |TRC| method=GET status=200 uri=/api/v1/status latency_human="149.702µs"
2026-07-12 03:09:12 |TRC| method=GET status=200 uri=/api/v1/status latency_human="161.083µs"
2026-07-12 03:09:14 |TRC| method=GET status=200 uri=/api/v1/status latency_human="283.824µs"
2026-07-12 03:09:16 |TRC| method=GET status=200 uri=/api/v1/status latency_human="163.007µs"
2026-07-12 03:09:18 |TRC| method=GET status=200 uri=/api/v1/status latency_human="247.516µs"
2026-07-12 03:09:20 |TRC| method=GET status=200 uri=/api/v1/status latency_human="228.781µs"
2026-07-12 03:09:22 |TRC| method=GET status=200 uri=/api/v1/status latency_human="163.076µs"
2026-07-12 03:09:24 |TRC| method=GET status=200 uri=/api/v1/status latency_human="166.763µs"
2026-07-12 03:09:26 |TRC| method=GET status=200 uri=/api/v1/status latency_human="237.386µs"
2026-07-12 03:09:28 |TRC| method=GET status=200 uri=/api/v1/status latency_human="186.46µs"
2026-07-12 03:09:30 |TRC| method=GET status=200 uri=/api/v1/status latency_human="161.684µs"
2026-07-12 03:09:32 |TRC| method=GET status=200 uri=/api/v1/status latency_human="198.623µs"
2026-07-12 03:09:34 |TRC| method=GET status=200 uri=/api/v1/status latency_human="251.043µs"
2026-07-12 03:09:36 |TRC| method=GET status=200 uri=/api/v1/status latency_human="150.613µs"
2026-07-12 03:09:38 |TRC| method=GET status=200 uri=/api/v1/status latency_human="145.253µs"
2026-07-12 03:09:40 |TRC| method=GET status=200 uri=/api/v1/status latency_human="164.58µs"
2026-07-12 03:09:42 |TRC| method=GET status=200 uri=/api/v1/status latency_human="194.727µs"
2026-07-12 03:09:44 |TRC| method=GET status=200 uri=/api/v1/status latency_human="261.221µs"
2026-07-12 03:09:46 |TRC| method=GET status=200 uri=/api/v1/status latency_human="185.068µs"
2026-07-12 03:09:48 |TRC| method=GET status=200 uri=/api/v1/status latency_human="207.781µs"
2026-07-12 03:09:50 |TRC| method=GET status=200 uri=/api/v1/status latency_human="358.514µs"
2026-07-12 03:09:52 |TRC| method=GET status=200 uri=/api/v1/status latency_human="152.196µs"
2026-07-12 03:09:54 |TRC| method=GET status=200 uri=/api/v1/status latency_human="187.743µs"
2026-07-12 03:09:56 |TRC| method=GET status=200 uri=/api/v1/status latency_human="218.902µs"
2026-07-12 03:09:58 |TRC| method=GET status=200 uri=/api/v1/status latency_human="187.132µs"
2026-07-12 03:10:00 |TRC| method=GET status=200 uri=/api/v1/status latency_human="202.171µs"
2026-07-12 03:10:02 |TRC| method=GET status=200 uri=/api/v1/status latency_human="162.796µs"
2026-07-12 03:10:04 |TRC| method=GET status=200 uri=/api/v1/status latency_human="202.992µs"
2026-07-12 03:10:06 |TRC| method=GET status=200 uri=/api/v1/status latency_human="272.763µs"
2026-07-12 03:10:08 |TRC| method=GET status=200 uri=/api/v1/status latency_human="203.202µs"
2026-07-12 03:10:10 |TRC| method=GET status=200 uri=/api/v1/status latency_human="277.612µs"
2026-07-12 03:10:12 |TRC| method=GET status=200 uri=/api/v1/status latency_human="240.072µs"
2026-07-12 03:10:14 |TRC| method=GET status=200 uri=/api/v1/status latency_human="204.184µs"
2026-07-12 03:10:16 |TRC| method=GET status=200 uri=/api/v1/status latency_human="197.392µs"
2026-07-12 03:10:18 |TRC| method=GET status=200 uri=/api/v1/status latency_human="209.203µs"
2026-07-12 03:10:20 |TRC| method=GET status=200 uri=/api/v1/status latency_human="215.245µs"
2026-07-12 03:10:22 |TRC| method=GET status=200 uri=/api/v1/status latency_human="205.206µs"
2026-07-12 03:10:24 |TRC| method=GET status=200 uri=/api/v1/status latency_human=1.194858ms
2026-07-12 03:10:26 |TRC| method=GET status=200 uri=/api/v1/status latency_human="207.661µs"
2026-07-12 03:10:28 |TRC| method=GET status=200 uri=/api/v1/status latency_human="205.226µs"
2026-07-12 03:10:30 |TRC| method=GET status=200 uri=/api/v1/status latency_human="240.853µs"
2026-07-12 03:10:32 |TRC| method=GET status=200 uri=/api/v1/status latency_human="208.472µs"
2026-07-12 03:10:34 |TRC| method=GET status=200 uri=/api/v1/status latency_human="202.441µs"
2026-07-12 03:10:36 |TRC| method=GET status=200 uri=/api/v1/status latency_human="174.388µs"
2026-07-12 03:10:38 |TRC| method=GET status=200 uri=/api/v1/status latency_human="260.059µs"
2026-07-12 03:10:40 |TRC| method=GET status=200 uri=/api/v1/status latency_human="231.175µs"
2026-07-12 03:10:42 |TRC| method=GET status=200 uri=/api/v1/status latency_human="171.793µs"
2026-07-12 03:10:44 |TRC| method=GET status=200 uri=/api/v1/status latency_human="178.877µs"
2026-07-12 03:10:46 |TRC| method=GET status=200 uri=/api/v1/status latency_human="192.963µs"
2026-07-12 03:10:48 |TRC| method=GET status=200 uri=/api/v1/status latency_human="217.159µs"
2026-07-12 03:10:50 |TRC| method=GET status=200 uri=/api/v1/status latency_human="250.131µs"
2026-07-12 03:10:52 |TRC| method=GET status=200 uri=/api/v1/status latency_human="207.971µs"
2026-07-12 03:10:54 |TRC| method=GET status=200 uri=/api/v1/status latency_human="174.418µs"
2026-07-12 03:10:56 |TRC| method=GET status=200 uri=/api/v1/status latency_human="163.207µs"
2026-07-12 03:10:58 |TRC| method=GET status=200 uri=/api/v1/status latency_human="167.395µs"
2026-07-12 03:11:00 |TRC| method=GET status=200 uri=/api/v1/status latency_human="165.973µs"
2026-07-12 03:11:02 |TRC| method=GET status=200 uri=/api/v1/status latency_human="209.634µs"
2026-07-12 03:11:04 |TRC| method=GET status=200 uri=/api/v1/status latency_human="216.467µs"
2026-07-12 03:11:06 |TRC| method=GET status=200 uri=/api/v1/status latency_human="279.375µs"
2026-07-12 03:11:08 |TRC| method=GET status=200 uri=/api/v1/status latency_human="220.435µs"
2026-07-12 03:11:10 |TRC| method=GET status=200 uri=/api/v1/status latency_human="235.353µs"
2026-07-12 03:11:12 |TRC| method=GET status=200 uri=/api/v1/status latency_human="185.849µs"
2026-07-12 03:11:14 |TRC| method=GET status=200 uri=/api/v1/status latency_human="249.86µs"
2026-07-12 03:11:16 |TRC| method=GET status=200 uri=/api/v1/status latency_human="177.654µs"
2026-07-12 03:11:18 |TRC| method=GET status=200 uri=/api/v1/status latency_human="183.205µs"
2026-07-12 03:11:20 |TRC| method=GET status=200 uri=/api/v1/status latency_human=1.845432ms
2026-07-12 03:11:22 |TRC| method=GET status=200 uri=/api/v1/status latency_human="279.055µs"
2026-07-12 03:11:24 |TRC| method=GET status=200 uri=/api/v1/status latency_human="238.188µs"
2026-07-12 03:11:26 |TRC| method=GET status=200 uri=/api/v1/status latency_human="226.386µs"
2026-07-12 03:11:28 |TRC| method=GET status=200 uri=/api/v1/status latency_human="173.897µs"
2026-07-12 03:11:30 |TRC| method=GET status=200 uri=/api/v1/status latency_human="291.629µs"
2026-07-12 03:11:32 |TRC| method=GET status=200 uri=/api/v1/status latency_human="224.212µs"
2026-07-12 03:11:34 |TRC| method=GET status=200 uri=/api/v1/status latency_human="167.856µs"
2026-07-12 03:11:36 |TRC| method=GET status=200 uri=/api/v1/status latency_human="261.642µs"
2026-07-12 03:11:38 |TRC| method=GET status=200 uri=/api/v1/status latency_human="225.043µs"
2026-07-12 03:11:40 |TRC| method=GET status=200 uri=/api/v1/status latency_human="196.089µs"
2026-07-12 03:11:42 |TRC| method=GET status=200 uri=/api/v1/status latency_human="246.755µs"
2026-07-12 03:11:44 |TRC| method=GET status=200 uri=/api/v1/status latency_human="224.072µs"
2026-07-12 03:11:46 |TRC| method=GET status=200 uri=/api/v1/status latency_human="159.901µs"
2026-07-12 03:11:48 |TRC| method=GET status=200 uri=/api/v1/status latency_human="172.154µs"
2026-07-12 03:11:50 |TRC| method=GET status=200 uri=/api/v1/status latency_human="162.356µs"
2026-07-12 03:11:52 |TRC| method=GET status=200 uri=/api/v1/status latency_human="207.641µs"
2026-07-12 03:11:54 |TRC| method=GET status=200 uri=/api/v1/status latency_human="260.841µs"
2026-07-12 03:11:56 |TRC| method=GET status=200 uri=/api/v1/status latency_human="198.424µs"
2026-07-12 03:11:58 |TRC| method=GET status=200 uri=/api/v1/status latency_human="181.792µs"
2026-07-12 03:12:00 |TRC| method=GET status=200 uri=/api/v1/status latency_human="222.288µs"
2026-07-12 03:12:02 |TRC| method=GET status=200 uri=/api/v1/status latency_human="205.607µs"
2026-07-12 03:12:04 |TRC| method=GET status=200 uri=/api/v1/status latency_human="227.087µs"
2026-07-12 03:12:06 |TRC| method=GET status=200 uri=/api/v1/status latency_human="301.346µs"
2026-07-12 03:12:08 |TRC| method=GET status=200 uri=/api/v1/status latency_human="163.247µs"
2026-07-12 03:12:10 |TRC| method=GET status=200 uri=/api/v1/status latency_human="157.126µs"
2026-07-12 03:12:12 |TRC| method=GET status=200 uri=/api/v1/status latency_human="230.764µs"
2026-07-12 03:12:14 |TRC| method=GET status=200 uri=/api/v1/status latency_human="205.837µs"
2026-07-12 03:12:16 |TRC| method=GET status=200 uri=/api/v1/status latency_human="166.103µs"
2026-07-12 03:12:18 |TRC| method=GET status=200 uri=/api/v1/status latency_human="203.533µs"
2026-07-12 03:12:20 |TRC| method=GET status=200 uri=/api/v1/status latency_human="162.335µs"
2026-07-12 03:12:22 |TRC| method=GET status=200 uri=/api/v1/status latency_human="257.284µs"
2026-07-12 03:12:24 |TRC| method=GET status=200 uri=/api/v1/status latency_human="171.603µs"
2026-07-12 03:12:26 |TRC| method=GET status=200 uri=/api/v1/status latency_human="163.317µs"
2026-07-12 03:12:28 |TRC| method=GET status=200 uri=/api/v1/status latency_human="179.889µs"
2026-07-12 03:12:30 |TRC| method=GET status=200 uri=/api/v1/status latency_human="162.125µs"
2026-07-12 03:12:32 |TRC| method=GET status=200 uri=/api/v1/status latency_human="214.594µs"
2026-07-12 03:12:34 |TRC| method=GET status=200 uri=/api/v1/status latency_human="135.054µs"
2026-07-12 03:12:36 |TRC| method=GET status=200 uri=/api/v1/status latency_human="142.067µs"
2026-07-12 03:12:38 |TRC| method=GET status=200 uri=/api/v1/status latency_human="132.099µs"
2026-07-12 03:12:40 |TRC| method=GET status=200 uri=/api/v1/status latency_human="193.094µs"
2026-07-12 03:12:42 |TRC| method=GET status=200 uri=/api/v1/status latency_human="182.904µs"
2026-07-12 03:12:44 |TRC| method=GET status=200 uri=/api/v1/status latency_human="221.407µs"
2026-07-12 03:12:46 |TRC| method=GET status=200 uri=/api/v1/status latency_human="199.906µs"
2026-07-12 03:12:48 |TRC| method=GET status=200 uri=/api/v1/status latency_human="118.403µs"
2026-07-12 03:12:50 |TRC| method=GET status=200 uri=/api/v1/status latency_human="161.193µs"
2026-07-12 03:12:52 |TRC| method=GET status=200 uri=/api/v1/status latency_human="157.145µs"
2026-07-12 03:12:54 |TRC| method=GET status=200 uri=/api/v1/status latency_human="135.024µs"
2026-07-12 03:12:56 |TRC| method=GET status=200 uri=/api/v1/status latency_human="186.411µs"
2026-07-12 03:12:58 |TRC| method=GET status=200 uri=/api/v1/status latency_human="219.172µs"
2026-07-12 03:13:00 |TRC| method=GET status=200 uri=/api/v1/status latency_human="124.975µs"
2026-07-12 03:13:02 |TRC| method=GET status=200 uri=/api/v1/status latency_human="124.044µs"
2026-07-12 03:13:04 |TRC| method=GET status=200 uri=/api/v1/status latency_human="127.88µs"
2026-07-12 03:13:06 |TRC| method=GET status=200 uri=/api/v1/status latency_human="133.431µs"
2026-07-12 03:13:08 |TRC| method=GET status=200 uri=/api/v1/status latency_human="194.036µs"
2026-07-12 03:13:10 |TRC| method=GET status=200 uri=/api/v1/status latency_human="233.319µs"
2026-07-12 03:13:12 |TRC| method=GET status=200 uri=/api/v1/status latency_human="161.123µs"
2026-07-12 03:13:14 |TRC| method=GET status=200 uri=/api/v1/status latency_human="532.802µs"
2026-07-12 03:13:16 |TRC| method=GET status=200 uri=/api/v1/status latency_human="216.307µs"
2026-07-12 03:13:18 |TRC| method=GET status=200 uri=/api/v1/status latency_human="157.757µs"
2026-07-12 03:13:20 |TRC| method=GET status=200 uri=/api/v1/status latency_human="125.145µs"
2026-07-12 03:13:22 |TRC| method=GET status=200 uri=/api/v1/status latency_human="168.226µs"
2026-07-12 03:13:24 |TRC| method=GET status=200 uri=/api/v1/status latency_human="206.308µs"
2026-07-12 03:13:26 |TRC| method=GET status=200 uri=/api/v1/status latency_human="124.083µs"
2026-07-12 03:13:28 |TRC| method=GET status=200 uri=/api/v1/status latency_human="189.266µs"
2026-07-12 03:13:30 |TRC| method=GET status=200 uri=/api/v1/status latency_human="150.784µs"
2026-07-12 03:13:32 |TRC| method=GET status=200 uri=/api/v1/status latency_human="226.015µs"
2026-07-12 03:13:34 |TRC| method=GET status=200 uri=/api/v1/status latency_human="131.999µs"
2026-07-12 03:13:36 |TRC| method=GET status=200 uri=/api/v1/status latency_human="245.442µs"
2026-07-12 03:13:38 |TRC| method=GET status=200 uri=/api/v1/status latency_human="206.158µs"
2026-07-12 03:13:40 |TRC| method=GET status=200 uri=/api/v1/status latency_human="185.369µs"
2026-07-12 03:13:42 |TRC| method=GET status=200 uri=/api/v1/status latency_human="200.708µs"
2026-07-12 03:13:44 |TRC| method=GET status=200 uri=/api/v1/status latency_human="191.851µs"
2026-07-12 03:13:46 |TRC| method=GET status=200 uri=/api/v1/status latency_human=1.050146ms
2026-07-12 03:13:48 |TRC| method=GET status=200 uri=/api/v1/status latency_human="151.125µs"
2026-07-12 03:13:50 |TRC| method=GET status=200 uri=/api/v1/status latency_human="247.886µs"
2026-07-12 03:13:52 |TRC| method=GET status=200 uri=/api/v1/status latency_human="142.748µs"
2026-07-12 03:13:54 |TRC| method=GET status=200 uri=/api/v1/status latency_human="175.14µs"
2026-07-12 03:13:56 |TRC| method=GET status=200 uri=/api/v1/status latency_human="149.101µs"
2026-07-12 03:13:58 |TRC| method=GET status=200 uri=/api/v1/status latency_human="130.125µs"
2026-07-12 03:14:00 |TRC| method=GET status=200 uri=/api/v1/status latency_human="134.303µs"
2026-07-12 03:14:02 |TRC| method=GET status=200 uri=/api/v1/status latency_human="235.864µs"
2026-07-12 03:14:04 |TRC| method=GET status=200 uri=/api/v1/status latency_human="164.56µs"
2026-07-12 03:14:06 |TRC| method=GET status=200 uri=/api/v1/status latency_human="147.607µs"
2026-07-12 03:14:08 |TRC| method=GET status=200 uri=/api/v1/status latency_human="135.996µs"
2026-07-12 03:14:10 |TRC| method=GET status=200 uri=/api/v1/status latency_human="210.036µs"
2026-07-12 03:14:12 |TRC| method=GET status=200 uri=/api/v1/status latency_human="210.376µs"
2026-07-12 03:14:14 |TRC| method=GET status=200 uri=/api/v1/status latency_human="153.989µs"
2026-07-12 03:14:16 |TRC| method=GET status=200 uri=/api/v1/status latency_human="141.907µs"
2026-07-12 03:14:18 |TRC| method=GET status=200 uri=/api/v1/status latency_human="252.284µs"
2026-07-12 03:14:20 |TRC| method=GET status=200 uri=/api/v1/status latency_human="158.247µs"
2026-07-12 03:14:22 |TRC| method=GET status=200 uri=/api/v1/status latency_human="131.558µs"
2026-07-12 03:14:24 |TRC| method=GET status=200 uri=/api/v1/status latency_human="186.651µs"
2026-07-12 03:14:26 |TRC| method=GET status=200 uri=/api/v1/status latency_human="222.91µs"
2026-07-12 03:14:28 |TRC| method=GET status=200 uri=/api/v1/status latency_human="193.555µs"
2026-07-12 03:14:30 |TRC| method=GET status=200 uri=/api/v1/status latency_human="161.945µs"
2026-07-12 03:14:32 |TRC| method=GET status=200 uri=/api/v1/status latency_human="130.695µs"
2026-07-12 03:14:34 |TRC| method=GET status=200 uri=/api/v1/status latency_human="222.94µs"
2026-07-12 03:14:36 |TRC| method=GET status=200 uri=/api/v1/status latency_human="134.453µs"
2026-07-12 03:14:38 |TRC| method=GET status=200 uri=/api/v1/status latency_human="135.925µs"
2026-07-12 03:14:40 |TRC| method=GET status=200 uri=/api/v1/status latency_human="153.008µs"
2026-07-12 03:14:42 |TRC| method=GET status=200 uri=/api/v1/status latency_human="166.693µs"
2026-07-12 03:14:44 |TRC| method=GET status=200 uri=/api/v1/status latency_human="217.84µs"
2026-07-12 03:14:46 |TRC| method=GET status=200 uri=/api/v1/status latency_human="153.358µs"
2026-07-12 03:14:48 |TRC| method=GET status=200 uri=/api/v1/status latency_human="243.908µs"
2026-07-12 03:14:50 |TRC| method=GET status=200 uri=/api/v1/status latency_human="224.392µs"
2026-07-12 03:14:52 |TRC| method=GET status=200 uri=/api/v1/status latency_human="212.169µs"
2026-07-12 03:14:54 |TRC| method=GET status=200 uri=/api/v1/status latency_human="181.622µs"
2026-07-12 03:14:56 |TRC| method=GET status=200 uri=/api/v1/status latency_human="188.064µs"
2026-07-12 03:14:58 |TRC| method=GET status=200 uri=/api/v1/status latency_human="169.559µs"
2026-07-12 03:15:00 |TRC| method=GET status=200 uri=/api/v1/status latency_human="147.838µs"
2026-07-12 03:15:02 |TRC| method=GET status=200 uri=/api/v1/status latency_human="235.933µs"
2026-07-12 03:15:04 |TRC| method=GET status=200 uri=/api/v1/status latency_human="127.249µs"
2026-07-12 03:15:06 |TRC| method=GET status=200 uri=/api/v1/status latency_human="187.443µs"
2026-07-12 03:15:08 |TRC| method=GET status=200 uri=/api/v1/status latency_human="301.427µs"
2026-07-12 03:15:10 |TRC| method=GET status=200 uri=/api/v1/status latency_human="142.217µs"
2026-07-12 03:15:12 |TRC| method=GET status=200 uri=/api/v1/status latency_human="191.009µs"
2026-07-12 03:15:14 |TRC| method=GET status=200 uri=/api/v1/status latency_human="194.947µs"
2026-07-12 03:15:16 |TRC| method=GET status=200 uri=/api/v1/status latency_human="211.498µs"
2026-07-12 03:15:18 |TRC| method=GET status=200 uri=/api/v1/status latency_human="145.594µs"
2026-07-12 03:15:20 |TRC| method=GET status=200 uri=/api/v1/status latency_human="149.552µs"
2026-07-12 03:15:22 |TRC| method=GET status=200 uri=/api/v1/status latency_human="209.374µs"
2026-07-12 03:15:24 |TRC| method=GET status=200 uri=/api/v1/status latency_human="198.393µs"
2026-07-12 03:15:26 |TRC| method=GET status=200 uri=/api/v1/status latency_human="145.233µs"
2026-07-12 03:15:28 |TRC| method=GET status=200 uri=/api/v1/status latency_human="205.206µs"
2026-07-12 03:15:30 |TRC| method=GET status=200 uri=/api/v1/status latency_human="156.504µs"
2026-07-12 03:15:32 |TRC| method=GET status=200 uri=/api/v1/status latency_human="156.795µs"
2026-07-12 03:15:34 |TRC| method=GET status=200 uri=/api/v1/status latency_human="287.26µs"
2026-07-12 03:15:36 |TRC| method=GET status=200 uri=/api/v1/status latency_human="128.021µs"
2026-07-12 03:15:38 |TRC| method=GET status=200 uri=/api/v1/status latency_human="149.09µs"
2026-07-12 03:15:40 |TRC| method=GET status=200 uri=/api/v1/status latency_human="238.839µs"
2026-07-12 03:15:42 |TRC| method=GET status=200 uri=/api/v1/status latency_human="125.576µs"
2026-07-12 03:15:44 |TRC| method=GET status=200 uri=/api/v1/status latency_human="153.188µs"
2026-07-12 03:15:46 |TRC| method=GET status=200 uri=/api/v1/status latency_human="184.888µs"
2026-07-12 03:15:48 |TRC| method=GET status=200 uri=/api/v1/status latency_human="226.636µs"
2026-07-12 03:15:50 |TRC| method=GET status=200 uri=/api/v1/status latency_human="207.931µs"
2026-07-12 03:15:52 |TRC| method=GET status=200 uri=/api/v1/status latency_human="216.307µs"
2026-07-12 03:15:54 |TRC| method=GET status=200 uri=/api/v1/status latency_human="261.793µs"
2026-07-12 03:15:56 |TRC| method=GET status=200 uri=/api/v1/status latency_human="182.093µs"
2026-07-12 03:15:58 |TRC| method=GET status=200 uri=/api/v1/status latency_human="143.51µs"
2026-07-12 03:16:00 |TRC| method=GET status=200 uri=/api/v1/status latency_human="145.404µs"
2026-07-12 03:16:02 |TRC| method=GET status=200 uri=/api/v1/status latency_human="214.243µs"
2026-07-12 03:16:04 |TRC| method=GET status=200 uri=/api/v1/status latency_human="175.179µs"
2026-07-12 03:16:06 |TRC| method=GET status=200 uri=/api/v1/status latency_human="324.591µs"
2026-07-12 03:16:08 |TRC| method=GET status=200 uri=/api/v1/status latency_human="134.674µs"
2026-07-12 03:16:10 |TRC| method=GET status=200 uri=/api/v1/status latency_human="144.892µs"
2026-07-12 03:16:12 |TRC| method=GET status=200 uri=/api/v1/status latency_human="163.618µs"
2026-07-12 03:16:14 |TRC| method=GET status=200 uri=/api/v1/status latency_human="174.438µs"
2026-07-12 03:16:16 |TRC| method=GET status=200 uri=/api/v1/status latency_human="305.705µs"
2026-07-12 03:16:16 |DBG| anilist > Fetching anime collection
2026-07-12 03:16:16 |TRC| ws > Sending message type=check-for-announcements
2026-07-12 03:16:16 |TRC| method=POST status=200 uri=/api/v1/announcements latency_human="294.034µs"
2026-07-12 03:16:17 |INF| anilist > Successful Request rlr=29 rtt=768ms
2026-07-12 03:16:17 |TRC| ws > Sending message type=refreshed-anilist-anime-collection
2026-07-12 03:16:17 |DBG| anilist > Fetching manga collection
2026-07-12 03:16:17 |TRC| method=GET status=200 uri=/api/v1/library/collection latency_human="201.058µs"
2026-07-12 03:16:17 |TRC| method=GET status=200 uri=/api/v1/library/collection latency_human="125.346µs"
2026-07-12 03:16:17 |TRC| method=GET status=200 uri=/api/v1/anilist/collection latency_human="87.284µs"
2026-07-12 03:16:17 |TRC| method=GET status=200 uri=/api/v1/anilist/collection latency_human="144.452µs"
2026-07-12 03:16:17 |TRC| anilist platform > Fetching anime mediaId=196017
2026-07-12 03:16:17 |TRC| anilist platform > Returning anime from cache
2026-07-12 03:16:17 |TRC| method=GET status=200 uri=/api/v1/library/anime-entry/196017 latency_human="770.239µs"
2026-07-12 03:16:17 |TRC| anilist platform > Fetching anime mediaId=196017
2026-07-12 03:16:17 |TRC| anilist platform > Returning anime from cache
2026-07-12 03:16:17 |TRC| method=GET status=200 uri=/api/v1/library/anime-entry/196017 latency_human=1.003087ms
2026-07-12 03:16:17 |TRC| method=GET status=200 uri=/api/v1/library/missing-episodes latency_human="265.208µs"
2026-07-12 03:16:17 |TRC| method=GET status=200 uri=/api/v1/library/missing-episodes latency_human="87.134µs"
2026-07-12 03:16:17 |INF| anilist > Successful Request rlr=28 rtt=401ms
2026-07-12 03:16:17 |TRC| ws > Sending message type=refreshed-anilist-manga-collection
2026-07-12 03:16:17 |TRC| method=GET status=200 uri=/api/v1/manga/collection latency_human="104.847µs"
2026-07-12 03:16:17 |TRC| method=GET status=200 uri=/api/v1/manga/collection latency_human="87.505µs"
2026-07-12 03:16:18 |TRC| method=GET status=200 uri=/api/v1/status latency_human="279.566µs"
2026-07-12 03:16:20 |TRC| method=GET status=200 uri=/api/v1/status latency_human="179.007µs"
2026-07-12 03:16:22 |TRC| method=GET status=200 uri=/api/v1/status latency_human="149.04µs"
2026-07-12 03:16:24 |TRC| method=GET status=200 uri=/api/v1/status latency_human="246.614µs"
2026-07-12 03:16:26 |TRC| method=GET status=200 uri=/api/v1/status latency_human="124.123µs"
2026-07-12 03:16:28 |TRC| method=GET status=200 uri=/api/v1/status latency_human="197.531µs"
2026-07-12 03:16:30 |TRC| method=GET status=200 uri=/api/v1/status latency_human="148.79µs"
2026-07-12 03:16:32 |TRC| method=GET status=200 uri=/api/v1/status latency_human="207.931µs"
2026-07-12 03:16:34 |TRC| method=GET status=200 uri=/api/v1/status latency_human="180.901µs"
2026-07-12 03:16:36 |TRC| method=GET status=200 uri=/api/v1/status latency_human="329.941µs"
2026-07-12 03:16:38 |TRC| method=GET status=200 uri=/api/v1/status latency_human="207.47µs"
2026-07-12 03:16:40 |TRC| method=GET status=200 uri=/api/v1/status latency_human="732.959µs"
2026-07-12 03:16:42 |TRC| method=GET status=200 uri=/api/v1/status latency_human="334.98µs"
2026-07-12 03:16:44 |TRC| method=GET status=200 uri=/api/v1/status latency_human="252.936µs"
2026-07-12 03:16:46 |TRC| method=GET status=200 uri=/api/v1/status latency_human="174.859µs"
2026-07-12 03:16:48 |TRC| method=GET status=200 uri=/api/v1/status latency_human="327.396µs"
2026-07-12 03:16:50 |TRC| method=GET status=200 uri=/api/v1/status latency_human="265.68µs"
2026-07-12 03:16:52 |TRC| method=GET status=200 uri=/api/v1/status latency_human="238.719µs"
2026-07-12 03:16:54 |TRC| method=GET status=200 uri=/api/v1/status latency_human="230.634µs"
2026-07-12 03:16:56 |TRC| method=GET status=200 uri=/api/v1/status latency_human="261.923µs"
2026-07-12 03:16:58 |TRC| method=GET status=200 uri=/api/v1/status latency_human="278.484µs"
2026-07-12 03:17:00 |TRC| method=GET status=200 uri=/api/v1/status latency_human="224.131µs"
2026-07-12 03:17:02 |TRC| method=GET status=200 uri=/api/v1/status latency_human="207.932µs"
2026-07-12 03:17:04 |TRC| method=GET status=200 uri=/api/v1/status latency_human="538.032µs"
2026-07-12 03:17:06 |TRC| method=GET status=200 uri=/api/v1/status latency_human="610.569µs"
2026-07-12 03:17:08 |TRC| method=GET status=200 uri=/api/v1/status latency_human=2.289387ms
2026-07-12 03:17:10 |TRC| method=GET status=200 uri=/api/v1/status latency_human="186.35µs"
2026-07-12 03:17:12 |TRC| method=GET status=200 uri=/api/v1/status latency_human="245.021µs"
2026-07-12 03:17:14 |TRC| method=GET status=200 uri=/api/v1/status latency_human="391.256µs"
2026-07-12 03:17:16 |TRC| method=GET status=200 uri=/api/v1/status latency_human="320.222µs"
2026-07-12 03:17:18 |TRC| method=GET status=200 uri=/api/v1/status latency_human="297.339µs"
2026-07-12 03:17:20 |TRC| method=GET status=200 uri=/api/v1/status latency_human="231.135µs"
2026-07-12 03:17:22 |TRC| method=GET status=200 uri=/api/v1/status latency_human="210.306µs"
2026-07-12 03:17:24 |TRC| method=GET status=200 uri=/api/v1/status latency_human="301.705µs"
2026-07-12 03:17:26 |TRC| method=GET status=200 uri=/api/v1/status latency_human="217.68µs"
2026-07-12 03:17:28 |TRC| method=GET status=200 uri=/api/v1/status latency_human="305.702µs"
2026-07-12 03:17:30 |TRC| method=GET status=200 uri=/api/v1/status latency_human="219.634µs"
2026-07-12 03:17:32 |TRC| method=GET status=200 uri=/api/v1/status latency_human="236.495µs"
2026-07-12 03:17:34 |TRC| method=GET status=200 uri=/api/v1/status latency_human="232.107µs"
2026-07-12 03:17:36 |TRC| method=GET status=200 uri=/api/v1/status latency_human="225.725µs"
2026-07-12 03:17:38 |TRC| method=GET status=200 uri=/api/v1/status latency_human="273.443µs"
2026-07-12 03:17:40 |TRC| method=GET status=200 uri=/api/v1/status latency_human="274.825µs"
2026-07-12 03:17:42 |TRC| method=GET status=200 uri=/api/v1/status latency_human="165.895µs"
2026-07-12 03:17:44 |TRC| method=GET status=200 uri=/api/v1/status latency_human="157.229µs"
2026-07-12 03:17:46 |TRC| method=GET status=200 uri=/api/v1/status latency_human="303.458µs"
2026-07-12 03:17:48 |TRC| method=GET status=200 uri=/api/v1/status latency_human="206.299µs"
2026-07-12 03:17:50 |TRC| method=GET status=200 uri=/api/v1/status latency_human="154.405µs"
2026-07-12 03:17:52 |TRC| method=GET status=200 uri=/api/v1/status latency_human="238.148µs"
2026-07-12 03:17:54 |TRC| method=GET status=200 uri=/api/v1/status latency_human="207.522µs"
2026-07-12 03:17:56 |TRC| method=GET status=200 uri=/api/v1/status latency_human="174.632µs"
2026-07-12 03:17:58 |TRC| method=GET status=200 uri=/api/v1/status latency_human="170.654µs"
2026-07-12 03:18:00 |TRC| method=GET status=200 uri=/api/v1/status latency_human="197.233µs"
2026-07-12 03:18:02 |TRC| method=GET status=200 uri=/api/v1/status latency_human="269.616µs"
2026-07-12 03:18:04 |TRC| method=GET status=200 uri=/api/v1/status latency_human="214.505µs"
2026-07-12 03:18:06 |TRC| method=GET status=200 uri=/api/v1/status latency_human="192.555µs"
2026-07-12 03:18:08 |TRC| method=GET status=200 uri=/api/v1/status latency_human="234.722µs"
2026-07-12 03:18:10 |TRC| method=GET status=200 uri=/api/v1/status latency_human="231.286µs"
2026-07-12 03:18:12 |TRC| method=GET status=200 uri=/api/v1/status latency_human="241.324µs"
2026-07-12 03:18:14 |TRC| method=GET status=200 uri=/api/v1/status latency_human="542.159µs"
2026-07-12 03:18:16 |TRC| method=GET status=200 uri=/api/v1/status latency_human="376.563µs"
2026-07-12 03:18:18 |TRC| method=GET status=200 uri=/api/v1/status latency_human="236.065µs"
2026-07-12 03:18:20 |TRC| method=GET status=200 uri=/api/v1/status latency_human="207.031µs"
2026-07-12 03:18:22 |TRC| method=GET status=200 uri=/api/v1/status latency_human="209.917µs"
2026-07-12 03:18:24 |TRC| method=GET status=200 uri=/api/v1/status latency_human="222.67µs"
2026-07-12 03:18:26 |TRC| method=GET status=200 uri=/api/v1/status latency_human="171.777µs"
2026-07-12 03:18:28 |TRC| method=GET status=200 uri=/api/v1/status latency_human="129.279µs"
2026-07-12 03:18:30 |TRC| method=GET status=200 uri=/api/v1/status latency_human="215.768µs"
2026-07-12 03:18:32 |TRC| method=GET status=200 uri=/api/v1/status latency_human="155.527µs"
2026-07-12 03:18:34 |TRC| method=GET status=200 uri=/api/v1/status latency_human="167.569µs"
2026-07-12 03:18:36 |TRC| method=GET status=200 uri=/api/v1/status latency_human="228.431µs"
2026-07-12 03:18:38 |TRC| method=GET status=200 uri=/api/v1/status latency_human="148.114µs"
2026-07-12 03:18:40 |TRC| method=GET status=200 uri=/api/v1/status latency_human="159.965µs"
2026-07-12 03:18:42 |TRC| method=GET status=200 uri=/api/v1/status latency_human="142.803µs"
2026-07-12 03:18:44 |TRC| method=GET status=200 uri=/api/v1/status latency_human="185.382µs"
2026-07-12 03:18:46 |TRC| method=GET status=200 uri=/api/v1/status latency_human="235.074µs"
2026-07-12 03:18:48 |TRC| method=GET status=200 uri=/api/v1/status latency_human="124.469µs"
2026-07-12 03:18:50 |TRC| method=GET status=200 uri=/api/v1/status latency_human="138.876µs"
2026-07-12 03:18:52 |TRC| method=GET status=200 uri=/api/v1/status latency_human="137.885µs"
2026-07-12 03:18:54 |TRC| method=GET status=200 uri=/api/v1/status latency_human="239.051µs"
2026-07-12 03:18:56 |TRC| method=GET status=200 uri=/api/v1/status latency_human="142.383µs"
2026-07-12 03:18:58 |TRC| method=GET status=200 uri=/api/v1/status latency_human="245.794µs"
2026-07-12 03:19:00 |TRC| method=GET status=200 uri=/api/v1/status latency_human="127.415µs"
2026-07-12 03:19:02 |TRC| method=GET status=200 uri=/api/v1/status latency_human="574.119µs"
2026-07-12 03:19:04 |TRC| method=GET status=200 uri=/api/v1/status latency_human="172.919µs"
2026-07-12 03:19:06 |TRC| method=GET status=200 uri=/api/v1/status latency_human="173.37µs"
2026-07-12 03:19:08 |TRC| method=GET status=200 uri=/api/v1/status latency_human="174.792µs"
2026-07-12 03:19:10 |TRC| method=GET status=200 uri=/api/v1/status latency_human="253.598µs"
2026-07-12 03:19:12 |TRC| method=GET status=200 uri=/api/v1/status latency_human="176.596µs"
2026-07-12 03:19:14 |TRC| method=GET status=200 uri=/api/v1/status latency_human="211.02µs"
2026-07-12 03:19:16 |TRC| method=GET status=200 uri=/api/v1/status latency_human="223.663µs"
2026-07-12 03:19:18 |TRC| method=GET status=200 uri=/api/v1/status latency_human="130.41µs"
2026-07-12 03:19:20 |TRC| method=GET status=200 uri=/api/v1/status latency_human="169.473µs"
2026-07-12 03:19:22 |TRC| method=GET status=200 uri=/api/v1/status latency_human="199.568µs"
2026-07-12 03:19:24 |TRC| method=GET status=200 uri=/api/v1/status latency_human="238.4µs"
2026-07-12 03:19:26 |TRC| method=GET status=200 uri=/api/v1/status latency_human="129.139µs"
2026-07-12 03:19:28 |TRC| method=GET status=200 uri=/api/v1/status latency_human="422.911µs"
2026-07-12 03:19:30 |TRC| method=GET status=200 uri=/api/v1/status latency_human="136.562µs"
2026-07-12 03:19:32 |TRC| method=GET status=200 uri=/api/v1/status latency_human="155.357µs"
2026-07-12 03:19:34 |TRC| method=GET status=200 uri=/api/v1/status latency_human="187.927µs"
2026-07-12 03:19:36 |TRC| method=GET status=200 uri=/api/v1/status latency_human="136.262µs"
2026-07-12 03:19:38 |TRC| method=GET status=200 uri=/api/v1/status latency_human="132.154µs"
2026-07-12 03:19:40 |TRC| method=GET status=200 uri=/api/v1/status latency_human="154.816µs"
2026-07-12 03:19:42 |TRC| method=GET status=200 uri=/api/v1/status latency_human="161.057µs"
2026-07-12 03:19:44 |TRC| method=GET status=200 uri=/api/v1/status latency_human="211.42µs"
2026-07-12 03:19:46 |TRC| method=GET status=200 uri=/api/v1/status latency_human=10.294789ms
2026-07-12 03:19:48 |TRC| method=GET status=200 uri=/api/v1/status latency_human=1.13629ms
2026-07-12 03:19:50 |TRC| method=GET status=200 uri=/api/v1/status latency_human="222.501µs"
2026-07-12 03:19:52 |TRC| method=GET status=200 uri=/api/v1/status latency_human="177.367µs"
2026-07-12 03:19:54 |TRC| method=GET status=200 uri=/api/v1/status latency_human="168.031µs"
2026-07-12 03:19:56 |TRC| method=GET status=200 uri=/api/v1/status latency_human="193.127µs"
2026-07-12 03:19:58 |TRC| method=GET status=200 uri=/api/v1/status latency_human="152.241µs"
2026-07-12 03:20:00 |TRC| method=GET status=200 uri=/api/v1/status latency_human="206.802µs"
2026-07-12 03:20:02 |TRC| method=GET status=200 uri=/api/v1/status latency_human="218.063µs"
2026-07-12 03:20:04 |TRC| method=GET status=200 uri=/api/v1/status latency_human="199.879µs"
2026-07-12 03:20:06 |TRC| method=GET status=200 uri=/api/v1/status latency_human="187.377µs"
2026-07-12 03:20:08 |TRC| method=GET status=200 uri=/api/v1/status latency_human="142.043µs"
2026-07-12 03:20:10 |TRC| method=GET status=200 uri=/api/v1/status latency_human="165.776µs"
2026-07-12 03:20:12 |TRC| method=GET status=200 uri=/api/v1/status latency_human="123.729µs"
2026-07-12 03:20:14 |TRC| method=GET status=200 uri=/api/v1/status latency_human="745.739µs"
2026-07-12 03:20:16 |TRC| method=GET status=200 uri=/api/v1/status latency_human="185.432µs"
2026-07-12 03:20:18 |TRC| method=GET status=200 uri=/api/v1/status latency_human="243.3µs"
2026-07-12 03:20:20 |TRC| method=GET status=200 uri=/api/v1/status latency_human="207.414µs"
2026-07-12 03:20:22 |TRC| method=GET status=200 uri=/api/v1/status latency_human="232.551µs"
2026-07-12 03:20:24 |TRC| method=GET status=200 uri=/api/v1/status latency_human="220.407µs"
2026-07-12 03:20:26 |TRC| method=GET status=200 uri=/api/v1/status latency_human="282.463µs"
2026-07-12 03:20:28 |TRC| method=GET status=200 uri=/api/v1/status latency_human="280.609µs"
2026-07-12 03:20:30 |TRC| method=GET status=200 uri=/api/v1/status latency_human="284.275µs"
2026-07-12 03:20:32 |TRC| method=GET status=200 uri=/api/v1/status latency_human="126.043µs"
2026-07-12 03:20:34 |TRC| method=GET status=200 uri=/api/v1/status latency_human="126.374µs"
2026-07-12 03:20:36 |TRC| method=GET status=200 uri=/api/v1/status latency_human="199.159µs"
2026-07-12 03:20:38 |TRC| method=GET status=200 uri=/api/v1/status latency_human="231.318µs"
2026-07-12 03:20:40 |TRC| method=GET status=200 uri=/api/v1/status latency_human="175.966µs"
2026-07-12 03:20:42 |TRC| method=GET status=200 uri=/api/v1/status latency_human="142.444µs"
2026-07-12 03:20:44 |TRC| method=GET status=200 uri=/api/v1/status latency_human="123.568µs"
2026-07-12 03:20:46 |TRC| method=GET status=200 uri=/api/v1/status latency_human="133.247µs"
2026-07-12 03:20:48 |TRC| method=GET status=200 uri=/api/v1/status latency_human="137.034µs"
2026-07-12 03:20:50 |TRC| method=GET status=200 uri=/api/v1/status latency_human="135.01µs"
2026-07-12 03:20:52 |TRC| method=GET status=200 uri=/api/v1/status latency_human="146.021µs"
2026-07-12 03:20:54 |TRC| method=GET status=200 uri=/api/v1/status latency_human="195.272µs"
2026-07-12 03:20:56 |TRC| method=GET status=200 uri=/api/v1/status latency_human="132.105µs"
2026-07-12 03:20:58 |TRC| method=GET status=200 uri=/api/v1/status latency_human="146.771µs"
2026-07-12 03:21:00 |TRC| method=GET status=200 uri=/api/v1/status latency_human="255.623µs"
2026-07-12 03:21:02 |TRC| method=GET status=200 uri=/api/v1/status latency_human="167.209µs"
2026-07-12 03:21:04 |TRC| method=GET status=200 uri=/api/v1/status latency_human="190.032µs"
2026-07-12 03:21:06 |TRC| method=GET status=200 uri=/api/v1/status latency_human="170.656µs"
2026-07-12 03:21:08 |TRC| method=GET status=200 uri=/api/v1/status latency_human="272.214µs"
2026-07-12 03:21:10 |TRC| method=GET status=200 uri=/api/v1/status latency_human="174.252µs"
2026-07-12 03:21:12 |TRC| method=GET status=200 uri=/api/v1/status latency_human="133.147µs"
2026-07-12 03:21:14 |TRC| method=GET status=200 uri=/api/v1/status latency_human=10.148061ms
2026-07-12 03:21:16 |TRC| method=GET status=200 uri=/api/v1/status latency_human="160.438µs"
2026-07-12 03:21:18 |TRC| method=GET status=200 uri=/api/v1/status latency_human="136.914µs"
2026-07-12 03:21:20 |TRC| method=GET status=200 uri=/api/v1/status latency_human="210.54µs"
2026-07-12 03:21:22 |TRC| method=GET status=200 uri=/api/v1/status latency_human="198.828µs"
2026-07-12 03:21:24 |TRC| method=GET status=200 uri=/api/v1/status latency_human="188.769µs"
2026-07-12 03:21:26 |TRC| method=GET status=200 uri=/api/v1/status latency_human="153.635µs"
2026-07-12 03:21:28 |TRC| method=GET status=200 uri=/api/v1/status latency_human="188.219µs"
2026-07-12 03:21:30 |TRC| method=GET status=200 uri=/api/v1/status latency_human="255.833µs"
2026-07-12 03:21:32 |TRC| method=GET status=200 uri=/api/v1/status latency_human="122.216µs"
2026-07-12 03:21:34 |TRC| method=GET status=200 uri=/api/v1/status latency_human="122.628µs"
2026-07-12 03:21:36 |TRC| method=GET status=200 uri=/api/v1/status latency_human="240.926µs"
2026-07-12 03:21:38 |TRC| method=GET status=200 uri=/api/v1/status latency_human="453.57µs"
2026-07-12 03:21:40 |TRC| method=GET status=200 uri=/api/v1/status latency_human="158.323µs"
2026-07-12 03:21:42 |TRC| method=GET status=200 uri=/api/v1/status latency_human="173.973µs"
2026-07-12 03:21:44 |TRC| method=GET status=200 uri=/api/v1/status latency_human="241.628µs"
2026-07-12 03:21:46 |TRC| method=GET status=200 uri=/api/v1/status latency_human="464.16µs"
2026-07-12 03:21:48 |TRC| method=GET status=200 uri=/api/v1/status latency_human="129.36µs"
2026-07-12 03:21:50 |TRC| method=GET status=200 uri=/api/v1/status latency_human=3.224045ms
2026-07-12 03:21:52 |TRC| method=GET status=200 uri=/api/v1/status latency_human="169.655µs"
2026-07-12 03:21:54 |TRC| method=GET status=200 uri=/api/v1/status latency_human="204.289µs"
2026-07-12 03:21:56 |TRC| method=GET status=200 uri=/api/v1/status latency_human="174.263µs"
2026-07-12 03:21:58 |TRC| method=GET status=200 uri=/api/v1/status latency_human="124.231µs"
2026-07-12 03:22:00 |TRC| method=GET status=200 uri=/api/v1/status latency_human="341.724µs"
2026-07-12 03:22:02 |TRC| method=GET status=200 uri=/api/v1/status latency_human="215.629µs"
2026-07-12 03:22:04 |TRC| method=GET status=200 uri=/api/v1/status latency_human="120.733µs"
2026-07-12 03:22:06 |TRC| method=GET status=200 uri=/api/v1/status latency_human="212.735µs"
2026-07-12 03:22:08 |TRC| method=GET status=200 uri=/api/v1/status latency_human="214.478µs"
2026-07-12 03:22:10 |TRC| method=GET status=200 uri=/api/v1/status latency_human="144.328µs"
2026-07-12 03:22:12 |TRC| method=GET status=200 uri=/api/v1/status latency_human="195.933µs"
2026-07-12 03:22:14 |TRC| method=GET status=200 uri=/api/v1/status latency_human="127.997µs"
2026-07-12 03:22:16 |TRC| method=GET status=200 uri=/api/v1/status latency_human="196.985µs"
2026-07-12 03:22:18 |TRC| method=GET status=200 uri=/api/v1/status latency_human="217.934µs"
2026-07-12 03:22:20 |TRC| method=GET status=200 uri=/api/v1/status latency_human="126.505µs"
2026-07-12 03:22:22 |TRC| method=GET status=200 uri=/api/v1/status latency_human="157.432µs"
2026-07-12 03:22:24 |TRC| method=GET status=200 uri=/api/v1/status latency_human="148.926µs"
2026-07-12 03:22:26 |TRC| method=GET status=200 uri=/api/v1/status latency_human="149.517µs"
2026-07-12 03:22:28 |TRC| method=GET status=200 uri=/api/v1/status latency_human="123.229µs"
2026-07-12 03:22:30 |TRC| method=GET status=200 uri=/api/v1/status latency_human="172.119µs"
2026-07-12 03:22:32 |TRC| method=GET status=200 uri=/api/v1/status latency_human="163.233µs"
2026-07-12 03:22:34 |TRC| method=GET status=200 uri=/api/v1/status latency_human="174.795µs"
2026-07-12 03:22:36 |TRC| method=GET status=200 uri=/api/v1/status latency_human="141.702µs"
2026-07-12 03:22:38 |TRC| method=GET status=200 uri=/api/v1/status latency_human="124.771µs"
2026-07-12 03:22:40 |TRC| method=GET status=200 uri=/api/v1/status latency_human="129.541µs"
2026-07-12 03:22:42 |TRC| method=GET status=200 uri=/api/v1/status latency_human="213.886µs"
2026-07-12 03:22:44 |TRC| method=GET status=200 uri=/api/v1/status latency_human="152.493µs"
2026-07-12 03:22:46 |TRC| method=GET status=200 uri=/api/v1/status latency_human="152.363µs"
2026-07-12 03:22:48 |TRC| method=GET status=200 uri=/api/v1/status latency_human="562.354µs"
2026-07-12 03:22:50 |TRC| method=GET status=200 uri=/api/v1/status latency_human="154.987µs"
2026-07-12 03:22:52 |TRC| method=GET status=200 uri=/api/v1/status latency_human="136.563µs"
2026-07-12 03:22:54 |TRC| method=GET status=200 uri=/api/v1/status latency_human="158.745µs"
2026-07-12 03:22:56 |TRC| method=GET status=200 uri=/api/v1/status latency_human="139.509µs"
2026-07-12 03:22:58 |TRC| method=GET status=200 uri=/api/v1/status latency_human="170.967µs"
2026-07-12 03:23:00 |TRC| method=GET status=200 uri=/api/v1/status latency_human=1.524639ms
2026-07-12 03:23:02 |TRC| method=GET status=200 uri=/api/v1/status latency_human="163.203µs"
2026-07-12 03:23:04 |TRC| method=GET status=200 uri=/api/v1/status latency_human="170.246µs"
2026-07-12 03:23:06 |TRC| method=GET status=200 uri=/api/v1/status latency_human="197.437µs"
2026-07-12 03:23:08 |TRC| method=GET status=200 uri=/api/v1/status latency_human="280.551µs"
2026-07-12 03:23:10 |TRC| method=GET status=200 uri=/api/v1/status latency_human="186.316µs"
2026-07-12 03:23:12 |TRC| method=GET status=200 uri=/api/v1/status latency_human="169.575µs"
2026-07-12 03:23:14 |TRC| method=GET status=200 uri=/api/v1/status latency_human="353.116µs"
2026-07-12 03:23:16 |TRC| method=GET status=200 uri=/api/v1/status latency_human="144.338µs"
2026-07-12 03:23:18 |TRC| method=GET status=200 uri=/api/v1/status latency_human="170.086µs"
2026-07-12 03:23:20 |TRC| method=GET status=200 uri=/api/v1/status latency_human="172.189µs"
2026-07-12 03:23:22 |TRC| method=GET status=200 uri=/api/v1/status latency_human="151.912µs"
2026-07-12 03:23:24 |TRC| method=GET status=200 uri=/api/v1/status latency_human="443.644µs"
2026-07-12 03:23:26 |TRC| method=GET status=200 uri=/api/v1/status latency_human="189.061µs"
2026-07-12 03:23:28 |TRC| method=GET status=200 uri=/api/v1/status latency_human="248.061µs"
2026-07-12 03:23:30 |TRC| method=GET status=200 uri=/api/v1/status latency_human="257.489µs"
2026-07-12 03:23:32 |TRC| method=GET status=200 uri=/api/v1/status latency_human="141.974µs"
2026-07-12 03:23:34 |TRC| method=GET status=200 uri=/api/v1/status latency_human="206.714µs"
2026-07-12 03:23:36 |TRC| method=GET status=200 uri=/api/v1/status latency_human="215.711µs"
2026-07-12 03:23:38 |TRC| method=GET status=200 uri=/api/v1/status latency_human=1.422462ms
2026-07-12 03:23:40 |TRC| method=GET status=200 uri=/api/v1/status latency_human="228.455µs"
2026-07-12 03:23:42 |TRC| method=GET status=200 uri=/api/v1/status latency_human="232.532µs"
2026-07-12 03:23:44 |TRC| method=GET status=200 uri=/api/v1/status latency_human="184.302µs"
2026-07-12 03:23:46 |TRC| method=GET status=200 uri=/api/v1/status latency_human="195.052µs"
2026-07-12 03:23:48 |TRC| method=GET status=200 uri=/api/v1/status latency_human="214.108µs"
2026-07-12 03:23:50 |TRC| method=GET status=200 uri=/api/v1/status latency_human="136.203µs"
2026-07-12 03:23:52 |TRC| method=GET status=200 uri=/api/v1/status latency_human="151.902µs"
2026-07-12 03:23:54 |TRC| method=GET status=200 uri=/api/v1/status latency_human="222.424µs"
2026-07-12 03:23:56 |TRC| method=GET status=200 uri=/api/v1/status latency_human="160.478µs"
2026-07-12 03:23:58 |TRC| method=GET status=200 uri=/api/v1/status latency_human="241.719µs"
2026-07-12 03:24:00 |TRC| method=GET status=200 uri=/api/v1/status latency_human="150.68µs"
2026-07-12 03:24:02 |TRC| method=GET status=200 uri=/api/v1/status latency_human="201.565µs"
2026-07-12 03:24:04 |TRC| method=GET status=200 uri=/api/v1/status latency_human="135.071µs"
2026-07-12 03:24:06 |TRC| method=GET status=200 uri=/api/v1/status latency_human="239.595µs"
2026-07-12 03:24:08 |TRC| method=GET status=200 uri=/api/v1/status latency_human="125.333µs"
2026-07-12 03:24:10 |TRC| method=GET status=200 uri=/api/v1/status latency_human="142.244µs"
2026-07-12 03:24:12 |TRC| method=GET status=200 uri=/api/v1/status latency_human="219.608µs"
2026-07-12 03:24:14 |TRC| method=GET status=200 uri=/api/v1/status latency_human="131.134µs"
2026-07-12 03:24:16 |TRC| method=GET status=200 uri=/api/v1/status latency_human="220.51µs"
2026-07-12 03:24:18 |TRC| method=GET status=200 uri=/api/v1/status latency_human="205.632µs"
2026-07-12 03:24:20 |TRC| method=GET status=200 uri=/api/v1/status latency_human="158.525µs"
2026-07-12 03:24:22 |TRC| method=GET status=200 uri=/api/v1/status latency_human="154.978µs"
2026-07-12 03:24:24 |TRC| method=GET status=200 uri=/api/v1/status latency_human="136.814µs"
2026-07-12 03:24:26 |TRC| method=GET status=200 uri=/api/v1/status latency_human=1.348767ms
2026-07-12 03:24:28 |TRC| method=GET status=200 uri=/api/v1/status latency_human="183.211µs"
2026-07-12 03:24:30 |TRC| method=GET status=200 uri=/api/v1/status latency_human="147.815µs"
2026-07-12 03:24:32 |TRC| method=GET status=200 uri=/api/v1/status latency_human="218.597µs"
2026-07-12 03:24:34 |TRC| method=GET status=200 uri=/api/v1/status latency_human=2.184321ms
2026-07-12 03:24:36 |TRC| method=GET status=200 uri=/api/v1/status latency_human="207.696µs"
2026-07-12 03:24:38 |TRC| method=GET status=200 uri=/api/v1/status latency_human="160.829µs"
2026-07-12 03:24:40 |TRC| method=GET status=200 uri=/api/v1/status latency_human="158.916µs"
2026-07-12 03:24:42 |TRC| method=GET status=200 uri=/api/v1/status latency_human="204.47µs"
2026-07-12 03:24:44 |TRC| method=GET status=200 uri=/api/v1/status latency_human="169.615µs"
2026-07-12 03:24:46 |TRC| method=GET status=200 uri=/api/v1/status latency_human="211.523µs"
2026-07-12 03:24:48 |TRC| method=GET status=200 uri=/api/v1/status latency_human="184.724µs"
2026-07-12 03:24:50 |TRC| method=GET status=200 uri=/api/v1/status latency_human="174.474µs"
2026-07-12 03:24:52 |TRC| method=GET status=200 uri=/api/v1/status latency_human="204.63µs"
2026-07-12 03:24:54 |TRC| method=GET status=200 uri=/api/v1/status latency_human="231.27µs"
2026-07-12 03:24:56 |TRC| method=GET status=200 uri=/api/v1/status latency_human="144.759µs"
2026-07-12 03:24:58 |TRC| method=GET status=200 uri=/api/v1/status latency_human="207.346µs"
2026-07-12 03:25:00 |TRC| method=GET status=200 uri=/api/v1/status latency_human="237.862µs"
2026-07-12 03:25:02 |TRC| method=GET status=200 uri=/api/v1/status latency_human="146.563µs"
2026-07-12 03:25:04 |TRC| method=GET status=200 uri=/api/v1/status latency_human="169.334µs"
2026-07-12 03:25:06 |TRC| method=GET status=200 uri=/api/v1/status latency_human="372.693µs"
2026-07-12 03:25:08 |TRC| method=GET status=200 uri=/api/v1/status latency_human="228.715µs"
2026-07-12 03:25:10 |TRC| method=GET status=200 uri=/api/v1/status latency_human="130.322µs"
2026-07-12 03:25:12 |TRC| method=GET status=200 uri=/api/v1/status latency_human="179.304µs"
2026-07-12 03:25:14 |TRC| method=GET status=200 uri=/api/v1/status latency_human="212.786µs"
2026-07-12 03:25:16 |TRC| method=GET status=200 uri=/api/v1/status latency_human=1.393112ms
2026-07-12 03:25:18 |TRC| method=GET status=200 uri=/api/v1/status latency_human="128.328µs"
2026-07-12 03:25:20 |TRC| method=GET status=200 uri=/api/v1/status latency_human="143.327µs"
2026-07-12 03:25:22 |TRC| method=GET status=200 uri=/api/v1/status latency_human="125.514µs"
2026-07-12 03:25:24 |TRC| method=GET status=200 uri=/api/v1/status latency_human="126.996µs"
2026-07-12 03:25:26 |TRC| method=GET status=200 uri=/api/v1/status latency_human="124.011µs"
2026-07-12 03:25:28 |TRC| method=GET status=200 uri=/api/v1/status latency_human="126.786µs"
2026-07-12 03:25:30 |TRC| method=GET status=200 uri=/api/v1/status latency_human="134.38µs"
2026-07-12 03:25:32 |TRC| method=GET status=200 uri=/api/v1/status latency_human="211.474µs"
2026-07-12 03:25:34 |TRC| method=GET status=200 uri=/api/v1/status latency_human="146.433µs"
2026-07-12 03:25:36 |TRC| method=GET status=200 uri=/api/v1/status latency_human="495.913µs"
2026-07-12 03:25:38 |TRC| method=GET status=200 uri=/api/v1/status latency_human="230.87µs"
2026-07-12 03:25:40 |TRC| method=GET status=200 uri=/api/v1/status latency_human="193.681µs"
2026-07-12 03:25:42 |TRC| method=GET status=200 uri=/api/v1/status latency_human="229.367µs"
2026-07-12 03:25:44 |TRC| method=GET status=200 uri=/api/v1/status latency_human="131.154µs"
2026-07-12 03:25:46 |TRC| method=GET status=200 uri=/api/v1/status latency_human="163.765µs"
2026-07-12 03:25:48 |TRC| method=GET status=200 uri=/api/v1/status latency_human="154.668µs"
2026-07-12 03:25:50 |TRC| method=GET status=200 uri=/api/v1/status latency_human="126.706µs"
2026-07-12 03:25:52 |TRC| method=GET status=200 uri=/api/v1/status latency_human="154.728µs"
2026-07-12 03:25:54 |TRC| method=GET status=200 uri=/api/v1/status latency_human="140.912µs"
2026-07-12 03:25:56 |TRC| method=GET status=200 uri=/api/v1/status latency_human="132.967µs"
2026-07-12 03:25:58 |TRC| method=GET status=200 uri=/api/v1/status latency_human="146.001µs"
2026-07-12 03:26:00 |TRC| method=GET status=200 uri=/api/v1/status latency_human="125.804µs"
2026-07-12 03:26:02 |TRC| method=GET status=200 uri=/api/v1/status latency_human="158.445µs"
2026-07-12 03:26:04 |TRC| method=GET status=200 uri=/api/v1/status latency_human="140.231µs"
2026-07-12 03:26:06 |TRC| method=GET status=200 uri=/api/v1/status latency_human="194.001µs"
2026-07-12 03:26:08 |TRC| method=GET status=200 uri=/api/v1/status latency_human="209.651µs"
2026-07-12 03:26:10 |TRC| method=GET status=200 uri=/api/v1/status latency_human="135.432µs"
2026-07-12 03:26:12 |TRC| method=GET status=200 uri=/api/v1/status latency_human="134.681µs"
2026-07-12 03:26:14 |TRC| method=GET status=200 uri=/api/v1/status latency_human="233.735µs"
2026-07-12 03:26:16 |TRC| method=GET status=200 uri=/api/v1/status latency_human="156.351µs"
2026-07-12 03:26:16 |DBG| anilist > Fetching anime collection
2026-07-12 03:26:17 |TRC| ws > Sending message type=check-for-announcements
2026-07-12 03:26:17 |INF| anilist > Successful Request rlr=29 rtt=679ms
2026-07-12 03:26:17 |TRC| method=POST status=200 uri=/api/v1/announcements latency_human=8.700178ms
2026-07-12 03:26:17 |TRC| ws > Sending message type=refreshed-anilist-anime-collection
2026-07-12 03:26:17 |DBG| anilist > Fetching manga collection
2026-07-12 03:26:17 |TRC| method=GET status=200 uri=/api/v1/library/collection latency_human=5.01656ms
2026-07-12 03:26:17 |TRC| method=GET status=200 uri=/api/v1/library/collection latency_human="131.154µs"
2026-07-12 03:26:17 |TRC| method=GET status=200 uri=/api/v1/anilist/collection latency_human="95.588µs"
2026-07-12 03:26:17 |TRC| method=GET status=200 uri=/api/v1/anilist/collection latency_human="110.636µs"
2026-07-12 03:26:17 |TRC| anilist platform > Fetching anime mediaId=196017
2026-07-12 03:26:17 |TRC| anilist platform > Returning anime from cache
2026-07-12 03:26:17 |DBG| animap > Fetching metadata for 196017
2026-07-12 03:26:17 |INF| anilist > Successful Request rlr=28 rtt=343ms
2026-07-12 03:26:17 |TRC| ws > Sending message type=refreshed-anilist-manga-collection
2026-07-12 03:26:17 |TRC| method=GET status=200 uri=/api/v1/manga/collection latency_human=1.604587ms
2026-07-12 03:26:17 |TRC| method=GET status=200 uri=/api/v1/manga/collection latency_human="84.878µs"
2026-07-12 03:26:18 |TRC| method=GET status=200 uri=/api/v1/status latency_human="233.885µs"
2026-07-12 03:26:18 |TRC| method=GET status=200 uri=/api/v1/library/anime-entry/196017 latency_human=986.468196ms
2026-07-12 03:26:18 |TRC| anilist platform > Fetching anime mediaId=196017
2026-07-12 03:26:19 |INF| anilist > Successful Request rlr=27 rtt=402ms
2026-07-12 03:26:19 |TRC| method=GET status=200 uri=/api/v1/library/anime-entry/196017 latency_human=411.206604ms
2026-07-12 03:26:19 |TRC| method=GET status=200 uri=/api/v1/library/missing-episodes latency_human="236.24µs"
2026-07-12 03:26:19 |TRC| method=GET status=200 uri=/api/v1/library/missing-episodes latency_human="76.773µs"
2026-07-12 03:26:20 |TRC| method=GET status=200 uri=/api/v1/status latency_human="232.413µs"
2026-07-12 03:26:22 |TRC| method=GET status=200 uri=/api/v1/status latency_human="127.838µs"
2026-07-12 03:26:24 |TRC| method=GET status=200 uri=/api/v1/status latency_human="212.706µs"
2026-07-12 03:26:26 |TRC| method=GET status=200 uri=/api/v1/status latency_human="177.27µs"
2026-07-12 03:26:28 |TRC| method=GET status=200 uri=/api/v1/status latency_human="244.184µs"
2026-07-12 03:26:30 |TRC| method=GET status=200 uri=/api/v1/status latency_human="181.738µs"
2026-07-12 03:26:32 |TRC| method=GET status=200 uri=/api/v1/status latency_human="180.766µs"
2026-07-12 03:26:34 |TRC| method=GET status=200 uri=/api/v1/status latency_human="137.987µs"
2026-07-12 03:26:36 |TRC| method=GET status=200 uri=/api/v1/status latency_human="136.033µs"
2026-07-12 03:26:38 |TRC| method=GET status=200 uri=/api/v1/status latency_human="156.652µs"
2026-07-12 03:26:40 |TRC| method=GET status=200 uri=/api/v1/status latency_human="153.796µs"
2026-07-12 03:26:42 |TRC| method=GET status=200 uri=/api/v1/status latency_human="272.858µs"
2026-07-12 03:26:44 |TRC| method=GET status=200 uri=/api/v1/status latency_human="504.289µs"
2026-07-12 03:26:46 |TRC| method=GET status=200 uri=/api/v1/status latency_human="141.644µs"
2026-07-12 03:26:48 |TRC| method=GET status=200 uri=/api/v1/status latency_human="209.561µs"
2026-07-12 03:26:50 |TRC| method=GET status=200 uri=/api/v1/status latency_human="142.405µs"
2026-07-12 03:26:52 |TRC| method=GET status=200 uri=/api/v1/status latency_human="245.287µs"
2026-07-12 03:26:54 |TRC| method=GET status=200 uri=/api/v1/status latency_human="298.666µs"
2026-07-12 03:26:56 |TRC| method=GET status=200 uri=/api/v1/status latency_human="206.314µs"
2026-07-12 03:26:58 |TRC| method=GET status=200 uri=/api/v1/status latency_human="219.249µs"
2026-07-12 03:27:00 |TRC| method=GET status=200 uri=/api/v1/status latency_human="196.176µs"
2026-07-12 03:27:02 |TRC| method=GET status=200 uri=/api/v1/status latency_human="260.185µs"
2026-07-12 03:27:04 |TRC| method=GET status=200 uri=/api/v1/status latency_human="142.596µs"
2026-07-12 03:27:06 |TRC| method=GET status=200 uri=/api/v1/status latency_human="170.378µs"
2026-07-12 03:27:08 |TRC| method=GET status=200 uri=/api/v1/status latency_human="212.175µs"
2026-07-12 03:27:10 |TRC| method=GET status=200 uri=/api/v1/status latency_human="139.59µs"
2026-07-12 03:27:12 |TRC| method=GET status=200 uri=/api/v1/status latency_human="366.222µs"
2026-07-12 03:27:14 |TRC| method=GET status=200 uri=/api/v1/status latency_human="164.236µs"
2026-07-12 03:27:16 |TRC| method=GET status=200 uri=/api/v1/status latency_human=7.139151ms
2026-07-12 03:27:18 |TRC| method=GET status=200 uri=/api/v1/status latency_human="198.58µs"
2026-07-12 03:27:20 |TRC| method=GET status=200 uri=/api/v1/status latency_human="135.092µs"
2026-07-12 03:27:22 |TRC| method=GET status=200 uri=/api/v1/status latency_human="151.362µs"
2026-07-12 03:27:24 |TRC| method=GET status=200 uri=/api/v1/status latency_human=4.211798ms
2026-07-12 03:27:26 |TRC| method=GET status=200 uri=/api/v1/status latency_human="154.768µs"
2026-07-12 03:27:28 |TRC| method=GET status=200 uri=/api/v1/status latency_human="473.071µs"
2026-07-12 03:27:30 |TRC| method=GET status=200 uri=/api/v1/status latency_human="161.181µs"
2026-07-12 03:27:32 |TRC| method=GET status=200 uri=/api/v1/status latency_human="190.525µs"
2026-07-12 03:27:34 |TRC| method=GET status=200 uri=/api/v1/status latency_human="156.312µs"
2026-07-12 03:27:36 |TRC| method=GET status=200 uri=/api/v1/status latency_human="146.593µs"
2026-07-12 03:27:38 |TRC| method=GET status=200 uri=/api/v1/status latency_human="147.314µs"
2026-07-12 03:27:40 |TRC| method=GET status=200 uri=/api/v1/status latency_human="146.974µs"
2026-07-12 03:27:42 |TRC| method=GET status=200 uri=/api/v1/status latency_human="168.264µs"
2026-07-12 03:27:44 |TRC| method=GET status=200 uri=/api/v1/status latency_human="195.054µs"
2026-07-12 03:27:46 |TRC| method=GET status=200 uri=/api/v1/status latency_human="195.545µs"
2026-07-12 03:27:48 |TRC| method=GET status=200 uri=/api/v1/status latency_human="164.637µs"
2026-07-12 03:27:50 |TRC| method=GET status=200 uri=/api/v1/status latency_human="186.878µs"
2026-07-12 03:27:52 |TRC| method=GET status=200 uri=/api/v1/status latency_human="153.746µs"
2026-07-12 03:27:54 |TRC| method=GET status=200 uri=/api/v1/status latency_human="121.657µs"
2026-07-12 03:27:56 |TRC| method=GET status=200 uri=/api/v1/status latency_human="204.14µs"
2026-07-12 03:27:58 |TRC| method=GET status=200 uri=/api/v1/status latency_human="185.877µs"
2026-07-12 03:28:00 |TRC| method=GET status=200 uri=/api/v1/status latency_human="198.901µs"
2026-07-12 03:28:02 |TRC| method=GET status=200 uri=/api/v1/status latency_human="198.19µs"
2026-07-12 03:28:04 |TRC| method=GET status=200 uri=/api/v1/status latency_human="147.966µs"
2026-07-12 03:28:06 |TRC| method=GET status=200 uri=/api/v1/status latency_human="169.015µs"
2026-07-12 03:28:08 |TRC| method=GET status=200 uri=/api/v1/status latency_human="166.601µs"
2026-07-12 03:28:10 |TRC| method=GET status=200 uri=/api/v1/status latency_human="162.232µs"
2026-07-12 03:28:12 |TRC| method=GET status=200 uri=/api/v1/status latency_human="126.306µs"
2026-07-12 03:28:14 |TRC| method=GET status=200 uri=/api/v1/status latency_human="156.642µs"
2026-07-12 03:28:16 |TRC| method=GET status=200 uri=/api/v1/status latency_human="137.917µs"
2026-07-12 03:28:18 |TRC| method=GET status=200 uri=/api/v1/status latency_human="158.695µs"
2026-07-12 03:28:20 |TRC| method=GET status=200 uri=/api/v1/status latency_human="135.903µs"
2026-07-12 03:28:22 |TRC| method=GET status=200 uri=/api/v1/status latency_human="194.102µs"
2026-07-12 03:28:24 |TRC| method=GET status=200 uri=/api/v1/status latency_human="135.863µs"
2026-07-12 03:28:26 |TRC| method=GET status=200 uri=/api/v1/status latency_human="132.818µs"
2026-07-12 03:28:28 |TRC| method=GET status=200 uri=/api/v1/status latency_human="175.958µs"
2026-07-12 03:28:30 |TRC| method=GET status=200 uri=/api/v1/status latency_human="128.399µs"
2026-07-12 03:28:32 |TRC| method=GET status=200 uri=/api/v1/status latency_human="128.941µs"
2026-07-12 03:28:34 |TRC| method=GET status=200 uri=/api/v1/status latency_human="155.54µs"
2026-07-12 03:28:36 |TRC| method=GET status=200 uri=/api/v1/status latency_human="223.426µs"
2026-07-12 03:28:38 |TRC| method=GET status=200 uri=/api/v1/status latency_human="224.088µs"
2026-07-12 03:28:40 |TRC| method=GET status=200 uri=/api/v1/status latency_human="139.761µs"
2026-07-12 03:28:42 |TRC| method=GET status=200 uri=/api/v1/status latency_human="141.494µs"
2026-07-12 03:28:44 |TRC| method=GET status=200 uri=/api/v1/status latency_human="156.071µs"
2026-07-12 03:28:46 |TRC| method=GET status=200 uri=/api/v1/status latency_human="134.02µs"
2026-07-12 03:28:48 |TRC| method=GET status=200 uri=/api/v1/status latency_human="233.515µs"
2026-07-12 03:28:50 |TRC| method=GET status=200 uri=/api/v1/status latency_human="207.076µs"
2026-07-12 03:28:52 |TRC| method=GET status=200 uri=/api/v1/status latency_human="185.616µs"
2026-07-12 03:28:54 |TRC| method=GET status=200 uri=/api/v1/status latency_human="193.591µs"
2026-07-12 03:28:56 |TRC| method=GET status=200 uri=/api/v1/status latency_human="132.848µs"
2026-07-12 03:28:58 |TRC| method=GET status=200 uri=/api/v1/status latency_human="164.336µs"
2026-07-12 03:29:00 |TRC| method=GET status=200 uri=/api/v1/status latency_human="151.933µs"
2026-07-12 03:29:02 |TRC| method=GET status=200 uri=/api/v1/status latency_human="133.298µs"
2026-07-12 03:29:04 |TRC| method=GET status=200 uri=/api/v1/status latency_human="185.827µs"
2026-07-12 03:29:06 |TRC| method=GET status=200 uri=/api/v1/status latency_human="219.009µs"
2026-07-12 03:29:08 |TRC| method=GET status=200 uri=/api/v1/status latency_human="157.294µs"
2026-07-12 03:29:10 |TRC| method=GET status=200 uri=/api/v1/status latency_human="133.059µs"
2026-07-12 03:29:12 |TRC| method=GET status=200 uri=/api/v1/status latency_human="161.381µs"
2026-07-12 03:29:14 |TRC| method=GET status=200 uri=/api/v1/status latency_human="129.071µs"
2026-07-12 03:29:16 |TRC| method=GET status=200 uri=/api/v1/status latency_human=13.967256ms
2026-07-12 03:29:18 |TRC| method=GET status=200 uri=/api/v1/status latency_human="246.279µs"
2026-07-12 03:29:20 |TRC| method=GET status=200 uri=/api/v1/status latency_human="140.613µs"
2026-07-12 03:29:22 |TRC| method=GET status=200 uri=/api/v1/status latency_human="127.719µs"
2026-07-12 03:29:24 |TRC| method=GET status=200 uri=/api/v1/status latency_human="144.209µs"
2026-07-12 03:29:26 |TRC| method=GET status=200 uri=/api/v1/status latency_human="208.149µs"
2026-07-12 03:29:28 |TRC| method=GET status=200 uri=/api/v1/status latency_human=8.448573ms
2026-07-12 03:29:30 |TRC| method=GET status=200 uri=/api/v1/status latency_human="122.369µs"
2026-07-12 03:29:32 |TRC| method=GET status=200 uri=/api/v1/status latency_human="155.209µs"
2026-07-12 03:29:34 |TRC| method=GET status=200 uri=/api/v1/status latency_human="123.079µs"
2026-07-12 03:29:36 |TRC| method=GET status=200 uri=/api/v1/status latency_human="138.228µs"
2026-07-12 03:29:38 |TRC| method=GET status=200 uri=/api/v1/status latency_human="181.388µs"
2026-07-12 03:29:40 |TRC| method=GET status=200 uri=/api/v1/status latency_human="117.86µs"
2026-07-12 03:29:42 |TRC| method=GET status=200 uri=/api/v1/status latency_human="126.325µs"
2026-07-12 03:29:44 |TRC| method=GET status=200 uri=/api/v1/status latency_human="154.017µs"
2026-07-12 03:29:46 |TRC| method=GET status=200 uri=/api/v1/status latency_human="231.322µs"
2026-07-12 03:29:48 |TRC| method=GET status=200 uri=/api/v1/status latency_human="187.31µs"
2026-07-12 03:29:50 |TRC| method=GET status=200 uri=/api/v1/status latency_human="144.519µs"
2026-07-12 03:29:52 |TRC| method=GET status=200 uri=/api/v1/status latency_human="124.021µs"
2026-07-12 03:29:54 |TRC| method=GET status=200 uri=/api/v1/status latency_human="149.229µs"
2026-07-12 03:29:56 |TRC| method=GET status=200 uri=/api/v1/status latency_human="156.903µs"
2026-07-12 03:29:58 |TRC| method=GET status=200 uri=/api/v1/status latency_human="192.359µs"
2026-07-12 03:30:00 |TRC| method=GET status=200 uri=/api/v1/status latency_human="166.29µs"
2026-07-12 03:30:02 |TRC| method=GET status=200 uri=/api/v1/status latency_human="134.03µs"
2026-07-12 03:30:04 |TRC| method=GET status=200 uri=/api/v1/status latency_human="129.402µs"
2026-07-12 03:30:06 |TRC| method=GET status=200 uri=/api/v1/status latency_human="133.369µs"
2026-07-12 03:30:08 |TRC| method=GET status=200 uri=/api/v1/status latency_human="215.151µs"
2026-07-12 03:30:10 |TRC| method=GET status=200 uri=/api/v1/status latency_human="193.161µs"
2026-07-12 03:30:12 |TRC| method=GET status=200 uri=/api/v1/status latency_human="215.973µs"
2026-07-12 03:30:14 |TRC| method=GET status=200 uri=/api/v1/status latency_human="164.737µs"
2026-07-12 03:30:16 |TRC| method=GET status=200 uri=/api/v1/status latency_human=1.140659ms
2026-07-12 03:30:18 |TRC| method=GET status=200 uri=/api/v1/status latency_human="183.472µs"
2026-07-12 03:30:20 |TRC| method=GET status=200 uri=/api/v1/status latency_human="203.029µs"
2026-07-12 03:30:22 |TRC| method=GET status=200 uri=/api/v1/status latency_human="217.406µs"
2026-07-12 03:30:24 |TRC| method=GET status=200 uri=/api/v1/status latency_human="162.884µs"
2026-07-12 03:30:26 |TRC| method=GET status=200 uri=/api/v1/status latency_human="201.876µs"
2026-07-12 03:30:28 |TRC| method=GET status=200 uri=/api/v1/status latency_human="214.42µs"
2026-07-12 03:30:30 |TRC| method=GET status=200 uri=/api/v1/status latency_human="214.54µs"
2026-07-12 03:30:32 |TRC| method=GET status=200 uri=/api/v1/status latency_human="151.934µs"
2026-07-12 03:30:34 |TRC| method=GET status=200 uri=/api/v1/status latency_human="267.98µs"
2026-07-12 03:30:36 |TRC| method=GET status=200 uri=/api/v1/status latency_human="120.616µs"
2026-07-12 03:30:38 |TRC| method=GET status=200 uri=/api/v1/status latency_human="173.524µs"
2026-07-12 03:30:40 |TRC| method=GET status=200 uri=/api/v1/status latency_human="152.185µs"
2026-07-12 03:30:42 |TRC| method=GET status=200 uri=/api/v1/status latency_human="149.599µs"
2026-07-12 03:30:44 |TRC| method=GET status=200 uri=/api/v1/status latency_human="288.248µs"
2026-07-12 03:30:46 |TRC| method=GET status=200 uri=/api/v1/status latency_human="147.385µs"
2026-07-12 03:30:48 |TRC| method=GET status=200 uri=/api/v1/status latency_human="200.224µs"
2026-07-12 03:30:50 |TRC| method=GET status=200 uri=/api/v1/status latency_human="160.419µs"
2026-07-12 03:30:52 |TRC| method=GET status=200 uri=/api/v1/status latency_human="123.721µs"
2026-07-12 03:30:54 |TRC| method=GET status=200 uri=/api/v1/status latency_human="201.797µs"
2026-07-12 03:30:56 |TRC| method=GET status=200 uri=/api/v1/status latency_human="145.171µs"
2026-07-12 03:30:58 |TRC| method=GET status=200 uri=/api/v1/status latency_human="249.065µs"
2026-07-12 03:31:00 |TRC| method=GET status=200 uri=/api/v1/status latency_human="181.319µs"
2026-07-12 03:31:02 |TRC| method=GET status=200 uri=/api/v1/status latency_human="141.625µs"
2026-07-12 03:31:04 |TRC| method=GET status=200 uri=/api/v1/status latency_human="269.584µs"
2026-07-12 03:31:06 |TRC| method=GET status=200 uri=/api/v1/status latency_human="194.794µs"
2026-07-12 03:31:08 |TRC| method=GET status=200 uri=/api/v1/status latency_human="164.096µs"
2026-07-12 03:31:10 |TRC| method=GET status=200 uri=/api/v1/status latency_human="195.485µs"
2026-07-12 03:31:12 |TRC| method=GET status=200 uri=/api/v1/status latency_human="166.36µs"
2026-07-12 03:31:14 |TRC| method=GET status=200 uri=/api/v1/status latency_human="135.092µs"
2026-07-12 03:31:16 |TRC| method=GET status=200 uri=/api/v1/status latency_human="155.951µs"
2026-07-12 03:31:18 |TRC| method=GET status=200 uri=/api/v1/status latency_human="283.61µs"
2026-07-12 03:31:20 |TRC| method=GET status=200 uri=/api/v1/status latency_human="202.819µs"
2026-07-12 03:31:22 |TRC| method=GET status=200 uri=/api/v1/status latency_human="216.845µs"
2026-07-12 03:31:24 |TRC| method=GET status=200 uri=/api/v1/status latency_human="139.841µs"
2026-07-12 03:31:26 |TRC| method=GET status=200 uri=/api/v1/status latency_human="126.747µs"
2026-07-12 03:31:28 |TRC| method=GET status=200 uri=/api/v1/status latency_human="320.79µs"
2026-07-12 03:31:30 |TRC| method=GET status=200 uri=/api/v1/status latency_human="147.887µs"
2026-07-12 03:31:32 |TRC| method=GET status=200 uri=/api/v1/status latency_human="156.202µs"
2026-07-12 03:31:34 |TRC| method=GET status=200 uri=/api/v1/status latency_human="398.594µs"
2026-07-12 03:31:36 |TRC| method=GET status=200 uri=/api/v1/status latency_human="557.231µs"
2026-07-12 03:31:38 |TRC| method=GET status=200 uri=/api/v1/status latency_human="489.254µs"
2026-07-12 03:31:40 |TRC| method=GET status=200 uri=/api/v1/status latency_human="594.991µs"
2026-07-12 03:31:42 |TRC| method=GET status=200 uri=/api/v1/status latency_human="619.868µs"
2026-07-12 03:31:44 |TRC| method=GET status=200 uri=/api/v1/status latency_human="165.65µs"
2026-07-12 03:31:46 |TRC| method=GET status=200 uri=/api/v1/status latency_human="160.61µs"
2026-07-12 03:31:48 |TRC| method=GET status=200 uri=/api/v1/status latency_human="232.344µs"
2026-07-12 03:31:50 |TRC| method=GET status=200 uri=/api/v1/status latency_human=1.356393ms
2026-07-12 03:31:52 |TRC| method=GET status=200 uri=/api/v1/status latency_human="184.965µs"
2026-07-12 03:31:54 |TRC| method=GET status=200 uri=/api/v1/status latency_human="180.157µs"
2026-07-12 03:31:56 |TRC| method=GET status=200 uri=/api/v1/status latency_human="562.2µs"
2026-07-12 03:31:58 |TRC| method=GET status=200 uri=/api/v1/status latency_human="272.84µs"
2026-07-12 03:32:00 |TRC| method=GET status=200 uri=/api/v1/status latency_human="225µs"
2026-07-12 03:32:02 |TRC| method=GET status=200 uri=/api/v1/status latency_human="225.902µs"
2026-07-12 03:32:04 |TRC| method=GET status=200 uri=/api/v1/status latency_human="179.626µs"
2026-07-12 03:32:06 |TRC| method=GET status=200 uri=/api/v1/status latency_human="200.014µs"
2026-07-12 03:32:08 |TRC| method=GET status=200 uri=/api/v1/status latency_human="164.558µs"
2026-07-12 03:32:10 |TRC| method=GET status=200 uri=/api/v1/status latency_human="241.081µs"
2026-07-12 03:32:12 |TRC| method=GET status=200 uri=/api/v1/status latency_human="128.811µs"
2026-07-12 03:32:14 |TRC| method=GET status=200 uri=/api/v1/status latency_human="168.745µs"
2026-07-12 03:32:16 |TRC| method=GET status=200 uri=/api/v1/status latency_human="201.376µs"
2026-07-12 03:32:18 |TRC| method=GET status=200 uri=/api/v1/status latency_human="240.529µs"
2026-07-12 03:32:20 |TRC| method=GET status=200 uri=/api/v1/status latency_human="129.692µs"
2026-07-12 03:32:22 |TRC| method=GET status=200 uri=/api/v1/status latency_human="216.434µs"
2026-07-12 03:32:24 |TRC| method=GET status=200 uri=/api/v1/status latency_human="151.022µs"
2026-07-12 03:32:26 |TRC| method=GET status=200 uri=/api/v1/status latency_human="122.068µs"
2026-07-12 03:32:28 |TRC| method=GET status=200 uri=/api/v1/status latency_human="208.57µs"
2026-07-12 03:32:30 |TRC| method=GET status=200 uri=/api/v1/status latency_human="189.184µs"
2026-07-12 03:32:32 |TRC| method=GET status=200 uri=/api/v1/status latency_human="207.808µs"
2026-07-12 03:32:34 |TRC| method=GET status=200 uri=/api/v1/status latency_human="219.07µs"
2026-07-12 03:32:36 |TRC| method=GET status=200 uri=/api/v1/status latency_human="196.598µs"
2026-07-12 03:32:38 |TRC| method=GET status=200 uri=/api/v1/status latency_human="232.434µs"
2026-07-12 03:32:40 |TRC| method=GET status=200 uri=/api/v1/status latency_human="145.422µs"
2026-07-12 03:32:42 |TRC| method=GET status=200 uri=/api/v1/status latency_human="123.2µs"
2026-07-12 03:32:44 |TRC| method=GET status=200 uri=/api/v1/status latency_human="159.308µs"
2026-07-12 03:32:46 |TRC| method=GET status=200 uri=/api/v1/status latency_human="175.819µs"
2026-07-12 03:32:48 |TRC| method=GET status=200 uri=/api/v1/status latency_human="176.961µs"
2026-07-12 03:32:50 |TRC| method=GET status=200 uri=/api/v1/status latency_human="184.685µs"
2026-07-12 03:32:52 |TRC| method=GET status=200 uri=/api/v1/status latency_human="197.479µs"
2026-07-12 03:32:54 |TRC| method=GET status=200 uri=/api/v1/status latency_human="133.319µs"
2026-07-12 03:32:56 |TRC| method=GET status=200 uri=/api/v1/status latency_human="220.842µs"
2026-07-12 03:32:58 |TRC| method=GET status=200 uri=/api/v1/status latency_human="714.826µs"
2026-07-12 03:33:00 |TRC| method=GET status=200 uri=/api/v1/status latency_human="141.284µs"
2026-07-12 03:33:02 |TRC| method=GET status=200 uri=/api/v1/status latency_human="211.024µs"
2026-07-12 03:33:04 |TRC| method=GET status=200 uri=/api/v1/status latency_human="163.856µs"
2026-07-12 03:33:06 |TRC| method=GET status=200 uri=/api/v1/status latency_human="141.113µs"
2026-07-12 03:33:08 |TRC| method=GET status=200 uri=/api/v1/status latency_human="183.423µs"
2026-07-12 03:33:10 |TRC| method=GET status=200 uri=/api/v1/status latency_human="153.387µs"
2026-07-12 03:33:12 |TRC| method=GET status=200 uri=/api/v1/status latency_human="194.554µs"
2026-07-12 03:33:14 |TRC| method=GET status=200 uri=/api/v1/status latency_human="144.49µs"
2026-07-12 03:33:16 |TRC| method=GET status=200 uri=/api/v1/status latency_human="179.996µs"
2026-07-12 03:33:18 |TRC| method=GET status=200 uri=/api/v1/status latency_human="290.813µs"
2026-07-12 03:33:20 |TRC| method=GET status=200 uri=/api/v1/status latency_human="129.682µs"
2026-07-12 03:33:22 |TRC| method=GET status=200 uri=/api/v1/status latency_human="146.123µs"
2026-07-12 03:33:24 |TRC| method=GET status=200 uri=/api/v1/status latency_human="254.245µs"
2026-07-12 03:33:26 |TRC| method=GET status=200 uri=/api/v1/status latency_human="214.25µs"
2026-07-12 03:33:28 |TRC| method=GET status=200 uri=/api/v1/status latency_human="266.067µs"
2026-07-12 03:33:30 |TRC| method=GET status=200 uri=/api/v1/status latency_human="152.254µs"
2026-07-12 03:33:32 |TRC| method=GET status=200 uri=/api/v1/status latency_human="118.822µs"
2026-07-12 03:33:34 |TRC| method=GET status=200 uri=/api/v1/status latency_human="155.32µs"
2026-07-12 03:33:36 |TRC| method=GET status=200 uri=/api/v1/status latency_human="190.286µs"
2026-07-12 03:33:38 |TRC| method=GET status=200 uri=/api/v1/status latency_human="213.108µs"
2026-07-12 03:33:40 |TRC| method=GET status=200 uri=/api/v1/status latency_human="144.299µs"
2026-07-12 03:33:42 |TRC| method=GET status=200 uri=/api/v1/status latency_human="133.83µs"
2026-07-12 03:33:44 |TRC| method=GET status=200 uri=/api/v1/status latency_human="180.497µs"
2026-07-12 03:33:46 |TRC| method=GET status=200 uri=/api/v1/status latency_human="135.374µs"
2026-07-12 03:33:48 |TRC| method=GET status=200 uri=/api/v1/status latency_human=2.375661ms
2026-07-12 03:33:50 |TRC| method=GET status=200 uri=/api/v1/status latency_human=1.630207ms
2026-07-12 03:33:52 |TRC| method=GET status=200 uri=/api/v1/status latency_human="200.175µs"
2026-07-12 03:33:54 |TRC| method=GET status=200 uri=/api/v1/status latency_human="159.538µs"
2026-07-12 03:33:56 |TRC| method=GET status=200 uri=/api/v1/status latency_human="155.461µs"
2026-07-12 03:33:58 |TRC| method=GET status=200 uri=/api/v1/status latency_human="162.834µs"
2026-07-12 03:34:00 |TRC| method=GET status=200 uri=/api/v1/status latency_human="445.052µs"
2026-07-12 03:34:02 |TRC| method=GET status=200 uri=/api/v1/status latency_human="199.884µs"
2026-07-12 03:34:04 |TRC| method=GET status=200 uri=/api/v1/status latency_human="277.619µs"
2026-07-12 03:34:06 |TRC| method=GET status=200 uri=/api/v1/status latency_human="130.404µs"
2026-07-12 03:34:08 |TRC| method=GET status=200 uri=/api/v1/status latency_human="179.335µs"
2026-07-12 03:34:10 |TRC| method=GET status=200 uri=/api/v1/status latency_human="124.282µs"
2026-07-12 03:34:12 |TRC| method=GET status=200 uri=/api/v1/status latency_human="242.844µs"
2026-07-12 03:34:14 |TRC| method=GET status=200 uri=/api/v1/status latency_human="173.955µs"
2026-07-12 03:34:16 |TRC| method=GET status=200 uri=/api/v1/status latency_human=1.222305ms
2026-07-12 03:34:18 |TRC| method=GET status=200 uri=/api/v1/status latency_human="234.438µs"
2026-07-12 03:34:20 |TRC| method=GET status=200 uri=/api/v1/status latency_human="225.031µs"
2026-07-12 03:34:22 |TRC| method=GET status=200 uri=/api/v1/status latency_human=1.52462ms
2026-07-12 03:34:24 |TRC| method=GET status=200 uri=/api/v1/status latency_human="129.833µs"
2026-07-12 03:34:26 |TRC| method=GET status=200 uri=/api/v1/status latency_human="149.62µs"
2026-07-12 03:34:28 |TRC| method=GET status=200 uri=/api/v1/status latency_human="162.884µs"
2026-07-12 03:34:30 |TRC| method=GET status=200 uri=/api/v1/status latency_human="142.506µs"
2026-07-12 03:34:32 |TRC| method=GET status=200 uri=/api/v1/status latency_human="237.284µs"
2026-07-12 03:34:34 |TRC| method=GET status=200 uri=/api/v1/status latency_human="165.469µs"
2026-07-12 03:34:36 |TRC| method=GET status=200 uri=/api/v1/status latency_human="245.228µs"
2026-07-12 03:34:38 |TRC| method=GET status=200 uri=/api/v1/status latency_human="149.861µs"
2026-07-12 03:34:40 |TRC| method=GET status=200 uri=/api/v1/status latency_human="156.693µs"
2026-07-12 03:34:42 |TRC| method=GET status=200 uri=/api/v1/status latency_human="126.116µs"
2026-07-12 03:34:44 |TRC| method=GET status=200 uri=/api/v1/status latency_human="224.219µs"
2026-07-12 03:34:46 |TRC| method=GET status=200 uri=/api/v1/status latency_human="196.698µs"
2026-07-12 03:34:48 |TRC| method=GET status=200 uri=/api/v1/status latency_human="133.63µs"
2026-07-12 03:34:50 |TRC| method=GET status=200 uri=/api/v1/status latency_human="203.16µs"
2026-07-12 03:34:52 |TRC| method=GET status=200 uri=/api/v1/status latency_human="200.044µs"
2026-07-12 03:34:54 |TRC| method=GET status=200 uri=/api/v1/status latency_human="162.023µs"
2026-07-12 03:34:56 |TRC| method=GET status=200 uri=/api/v1/status latency_human="244.357µs"
2026-07-12 03:34:58 |TRC| method=GET status=200 uri=/api/v1/status latency_human="166.141µs"
2026-07-12 03:35:00 |TRC| method=GET status=200 uri=/api/v1/status latency_human="181.189µs"
2026-07-12 03:35:02 |TRC| method=GET status=200 uri=/api/v1/status latency_human="138.429µs"
2026-07-12 03:35:04 |TRC| method=GET status=200 uri=/api/v1/status latency_human="187.42µs"
2026-07-12 03:35:06 |TRC| method=GET status=200 uri=/api/v1/status latency_human="148.578µs"
2026-07-12 03:35:08 |TRC| method=GET status=200 uri=/api/v1/status latency_human="284.562µs"
2026-07-12 03:35:10 |TRC| method=GET status=200 uri=/api/v1/status latency_human="199.643µs"
2026-07-12 03:35:12 |TRC| method=GET status=200 uri=/api/v1/status latency_human="172.662µs"
2026-07-12 03:35:14 |TRC| method=GET status=200 uri=/api/v1/status latency_human="144.48µs"
2026-07-12 03:35:16 |TRC| method=GET status=200 uri=/api/v1/status latency_human="216.746µs"
2026-07-12 03:35:18 |TRC| method=GET status=200 uri=/api/v1/status latency_human="402.653µs"
2026-07-12 03:35:20 |TRC| method=GET status=200 uri=/api/v1/status latency_human="232.735µs"
2026-07-12 03:35:22 |TRC| method=GET status=200 uri=/api/v1/status latency_human="150.221µs"
2026-07-12 03:35:24 |TRC| method=GET status=200 uri=/api/v1/status latency_human="169.257µs"
2026-07-12 03:35:26 |TRC| method=GET status=200 uri=/api/v1/status latency_human="658.011µs"
2026-07-12 03:35:28 |TRC| method=GET status=200 uri=/api/v1/status latency_human="289.441µs"
2026-07-12 03:35:30 |TRC| method=GET status=200 uri=/api/v1/status latency_human="242.233µs"
2026-07-12 03:35:32 |TRC| method=GET status=200 uri=/api/v1/status latency_human=1.766895ms
2026-07-12 03:35:34 |TRC| method=GET status=200 uri=/api/v1/status latency_human="290.713µs"
2026-07-12 03:35:36 |TRC| method=GET status=200 uri=/api/v1/status latency_human="236.572µs"
2026-07-12 03:35:38 |TRC| method=GET status=200 uri=/api/v1/status latency_human="237.434µs"
2026-07-12 03:35:40 |TRC| method=GET status=200 uri=/api/v1/status latency_human="136.335µs"
2026-07-12 03:35:42 |TRC| method=GET status=200 uri=/api/v1/status latency_human="166.451µs"
2026-07-12 03:35:44 |TRC| method=GET status=200 uri=/api/v1/status latency_human="290.133µs"
2026-07-12 03:35:46 |TRC| method=GET status=200 uri=/api/v1/status latency_human="203.631µs"
2026-07-12 03:35:48 |TRC| method=GET status=200 uri=/api/v1/status latency_human="206.416µs"
2026-07-12 03:35:50 |TRC| method=GET status=200 uri=/api/v1/status latency_human="131.937µs"
2026-07-12 03:35:52 |TRC| method=GET status=200 uri=/api/v1/status latency_human="170.98µs"
2026-07-12 03:35:54 |TRC| method=GET status=200 uri=/api/v1/status latency_human="184.926µs"
2026-07-12 03:35:56 |TRC| method=GET status=200 uri=/api/v1/status latency_human="319.517µs"
2026-07-12 03:35:58 |TRC| method=GET status=200 uri=/api/v1/status latency_human="258.935µs"
2026-07-12 03:36:00 |TRC| method=GET status=200 uri=/api/v1/status latency_human="307.746µs"
2026-07-12 03:36:02 |TRC| method=GET status=200 uri=/api/v1/status latency_human="129.893µs"
2026-07-12 03:36:04 |TRC| method=GET status=200 uri=/api/v1/status latency_human="251.37µs"
2026-07-12 03:36:06 |TRC| method=GET status=200 uri=/api/v1/status latency_human="127.107µs"
2026-07-12 03:36:08 |TRC| method=GET status=200 uri=/api/v1/status latency_human="158.496µs"
2026-07-12 03:36:10 |TRC| method=GET status=200 uri=/api/v1/status latency_human="392.874µs"
2026-07-12 03:36:12 |TRC| method=GET status=200 uri=/api/v1/status latency_human="147.125µs"
2026-07-12 03:36:14 |TRC| method=GET status=200 uri=/api/v1/status latency_human="178.073µs"
2026-07-12 03:36:16 |TRC| method=GET status=200 uri=/api/v1/status latency_human="179.466µs"
2026-07-12 03:36:16 |TRC| ws > Sending message type=check-for-updates
2026-07-12 03:36:16 |DBG| anilist > Fetching anime collection
2026-07-12 03:36:17 |TRC| ws > Sending message type=check-for-announcements
2026-07-12 03:36:17 |TRC| method=POST status=200 uri=/api/v1/announcements latency_human=18.4285ms
2026-07-12 03:36:17 |INF| anilist > Successful Request rlr=29 rtt=724ms
2026-07-12 03:36:17 |TRC| ws > Sending message type=refreshed-anilist-anime-collection
2026-07-12 03:36:17 |DBG| anilist > Fetching manga collection
2026-07-12 03:36:17 |TRC| method=GET status=200 uri=/api/v1/library/collection latency_human=21.993028ms
2026-07-12 03:36:17 |TRC| method=GET status=200 uri=/api/v1/library/collection latency_human="85.059µs"
2026-07-12 03:36:17 |TRC| method=GET status=200 uri=/api/v1/anilist/collection latency_human="76.203µs"
2026-07-12 03:36:17 |TRC| method=GET status=200 uri=/api/v1/anilist/collection latency_human="76.593µs"
2026-07-12 03:36:17 |TRC| anilist platform > Fetching anime mediaId=196017
2026-07-12 03:36:17 |TRC| anilist platform > Returning anime from cache
2026-07-12 03:36:17 |TRC| method=GET status=200 uri=/api/v1/library/anime-entry/196017 latency_human=31.957856ms
2026-07-12 03:36:17 |TRC| anilist platform > Fetching anime mediaId=196017
2026-07-12 03:36:17 |TRC| anilist platform > Returning anime from cache
2026-07-12 03:36:17 |TRC| method=GET status=200 uri=/api/v1/library/anime-entry/196017 latency_human=1.450934ms
2026-07-12 03:36:17 |TRC| method=GET status=200 uri=/api/v1/library/missing-episodes latency_human="219.891µs"
2026-07-12 03:36:17 |TRC| method=GET status=200 uri=/api/v1/library/missing-episodes latency_human="67.587µs"
2026-07-12 03:36:17 |INF| anilist > Successful Request rlr=28 rtt=339ms
2026-07-12 03:36:17 |TRC| ws > Sending message type=refreshed-anilist-manga-collection
2026-07-12 03:36:17 |TRC| method=GET status=200 uri=/api/v1/latest-update latency_human=1.002339292s
2026-07-12 03:36:17 |TRC| method=GET status=200 uri=/api/v1/manga/collection latency_human=1.202389ms
2026-07-12 03:36:17 |TRC| method=GET status=200 uri=/api/v1/manga/collection latency_human="66.555µs"
2026-07-12 03:36:18 |TRC| method=GET status=200 uri=/api/v1/status latency_human="140.994µs"
2026-07-12 03:36:20 |TRC| method=GET status=200 uri=/api/v1/status latency_human="142.136µs"
2026-07-12 03:36:22 |TRC| method=GET status=200 uri=/api/v1/status latency_human="155.271µs"
2026-07-12 03:36:24 |TRC| method=GET status=200 uri=/api/v1/status latency_human="264.635µs"
2026-07-12 03:36:26 |TRC| method=GET status=200 uri=/api/v1/status latency_human="134.622µs"
2026-07-12 03:36:28 |TRC| method=GET status=200 uri=/api/v1/status latency_human="330.298µs"
2026-07-12 03:36:30 |TRC| method=GET status=200 uri=/api/v1/status latency_human="199.854µs"
2026-07-12 03:36:32 |TRC| method=GET status=200 uri=/api/v1/status latency_human="135.814µs"
2026-07-12 03:36:34 |TRC| method=GET status=200 uri=/api/v1/status latency_human="137.708µs"
2026-07-12 03:36:36 |TRC| method=GET status=200 uri=/api/v1/status latency_human="262.37µs"
2026-07-12 03:36:38 |TRC| method=GET status=200 uri=/api/v1/status latency_human="138.709µs"
2026-07-12 03:36:40 |TRC| method=GET status=200 uri=/api/v1/status latency_human="129.172µs"
2026-07-12 03:36:42 |TRC| method=GET status=200 uri=/api/v1/status latency_human="154.519µs"
2026-07-12 03:36:44 |TRC| method=GET status=200 uri=/api/v1/status latency_human="126.787µs"
2026-07-12 03:36:46 |TRC| method=GET status=200 uri=/api/v1/status latency_human="136.816µs"
2026-07-12 03:36:48 |TRC| method=GET status=200 uri=/api/v1/status latency_human="158.176µs"
2026-07-12 03:36:50 |TRC| method=GET status=200 uri=/api/v1/status latency_human="156.864µs"
2026-07-12 03:36:52 |TRC| method=GET status=200 uri=/api/v1/status latency_human="221.906µs"
2026-07-12 03:36:54 |TRC| method=GET status=200 uri=/api/v1/status latency_human="153.167µs"
2026-07-12 03:36:56 |TRC| method=GET status=200 uri=/api/v1/status latency_human="161.833µs"
2026-07-12 03:36:58 |TRC| method=GET status=200 uri=/api/v1/status latency_human=1.377167ms
2026-07-12 03:37:00 |TRC| method=GET status=200 uri=/api/v1/status latency_human="167.864µs"
2026-07-12 03:37:02 |TRC| method=GET status=200 uri=/api/v1/status latency_human="189.314µs"
2026-07-12 03:37:04 |TRC| method=GET status=200 uri=/api/v1/status latency_human="161.061µs"
2026-07-12 03:37:06 |TRC| method=GET status=200 uri=/api/v1/status latency_human="171.481µs"
2026-07-12 03:37:08 |TRC| method=GET status=200 uri=/api/v1/status latency_human="191.758µs"
2026-07-12 03:37:10 |TRC| method=GET status=200 uri=/api/v1/status latency_human="123.11µs"
2026-07-12 03:37:12 |TRC| method=GET status=200 uri=/api/v1/status latency_human="190.697µs"
2026-07-12 03:37:14 |TRC| method=GET status=200 uri=/api/v1/status latency_human="251.681µs"
2026-07-12 03:37:16 |TRC| method=GET status=200 uri=/api/v1/status latency_human="220.923µs"
2026-07-12 03:37:18 |TRC| method=GET status=200 uri=/api/v1/status latency_human=14.392497ms
2026-07-12 03:37:20 |TRC| method=GET status=200 uri=/api/v1/status latency_human="159.819µs"
2026-07-12 03:37:22 |TRC| method=GET status=200 uri=/api/v1/status latency_human="131.816µs"
2026-07-12 03:37:24 |TRC| method=GET status=200 uri=/api/v1/status latency_human="131.926µs"
2026-07-12 03:37:26 |TRC| method=GET status=200 uri=/api/v1/status latency_human="124.162µs"
2026-07-12 03:37:28 |TRC| method=GET status=200 uri=/api/v1/status latency_human="157.374µs"
2026-07-12 03:37:30 |TRC| method=GET status=200 uri=/api/v1/status latency_human="199.283µs"
2026-07-12 03:37:32 |TRC| method=GET status=200 uri=/api/v1/status latency_human="148.668µs"
2026-07-12 03:37:34 |TRC| method=GET status=200 uri=/api/v1/status latency_human="149.84µs"
2026-07-12 03:37:36 |TRC| method=GET status=200 uri=/api/v1/status latency_human="156.974µs"
2026-07-12 03:37:38 |TRC| method=GET status=200 uri=/api/v1/status latency_human=1.97221ms
2026-07-12 03:37:40 |TRC| method=GET status=200 uri=/api/v1/status latency_human="159.899µs"
2026-07-12 03:37:42 |TRC| method=GET status=200 uri=/api/v1/status latency_human="192.31µs"
2026-07-12 03:37:44 |TRC| method=GET status=200 uri=/api/v1/status latency_human="155.11µs"
2026-07-12 03:37:46 |TRC| method=GET status=200 uri=/api/v1/status latency_human="239.829µs"
2026-07-12 03:37:48 |TRC| method=GET status=200 uri=/api/v1/status latency_human="174.516µs"
2026-07-12 03:37:50 |TRC| method=GET status=200 uri=/api/v1/status latency_human="180.307µs"
2026-07-12 03:37:52 |TRC| method=GET status=200 uri=/api/v1/status latency_human="129.903µs"
2026-07-12 03:37:54 |TRC| method=GET status=200 uri=/api/v1/status latency_human="133.961µs"
2026-07-12 03:37:56 |TRC| method=GET status=200 uri=/api/v1/status latency_human="130.705µs"
2026-07-12 03:37:58 |TRC| method=GET status=200 uri=/api/v1/status latency_human="149.199µs"
2026-07-12 03:38:00 |TRC| method=GET status=200 uri=/api/v1/status latency_human="217.577µs"
2026-07-12 03:38:02 |TRC| method=GET status=200 uri=/api/v1/status latency_human="173.845µs"
2026-07-12 03:38:04 |TRC| method=GET status=200 uri=/api/v1/status latency_human="208.741µs"
2026-07-12 03:38:06 |TRC| method=GET status=200 uri=/api/v1/status latency_human="256.099µs"
2026-07-12 03:38:08 |TRC| method=GET status=200 uri=/api/v1/status latency_human="140.012µs"
2026-07-12 03:38:10 |TRC| method=GET status=200 uri=/api/v1/status latency_human="178.244µs"
2026-07-12 03:38:12 |TRC| method=GET status=200 uri=/api/v1/status latency_human="263.603µs"
2026-07-12 03:38:14 |TRC| method=GET status=200 uri=/api/v1/status latency_human="128.45µs"
2026-07-12 03:38:16 |TRC| method=GET status=200 uri=/api/v1/status latency_human="135.063µs"
2026-07-12 03:38:18 |TRC| method=GET status=200 uri=/api/v1/status latency_human="129.392µs"
2026-07-12 03:38:20 |TRC| method=GET status=200 uri=/api/v1/status latency_human="244.287µs"
2026-07-12 03:38:22 |TRC| method=GET status=200 uri=/api/v1/status latency_human="149.31µs"
2026-07-12 03:38:24 |TRC| method=GET status=200 uri=/api/v1/status latency_human="193.051µs"
2026-07-12 03:38:26 |TRC| method=GET status=200 uri=/api/v1/status latency_human="147.356µs"
2026-07-12 03:38:28 |TRC| method=GET status=200 uri=/api/v1/status latency_human="140.042µs"
2026-07-12 03:38:30 |TRC| method=GET status=200 uri=/api/v1/status latency_human="149.88µs"
2026-07-12 03:38:32 |TRC| method=GET status=200 uri=/api/v1/status latency_human="184.045µs"
2026-07-12 03:38:34 |TRC| method=GET status=200 uri=/api/v1/status latency_human="143.138µs"
2026-07-12 03:38:36 |TRC| method=GET status=200 uri=/api/v1/status latency_human="176.38µs"
2026-07-12 03:38:38 |TRC| method=GET status=200 uri=/api/v1/status latency_human="160.179µs"
2026-07-12 03:38:40 |TRC| method=GET status=200 uri=/api/v1/status latency_human="205.595µs"
2026-07-12 03:38:42 |TRC| method=GET status=200 uri=/api/v1/status latency_human="172.272µs"
2026-07-12 03:38:44 |TRC| method=GET status=200 uri=/api/v1/status latency_human="759.1µs"
2026-07-12 03:38:46 |TRC| method=GET status=200 uri=/api/v1/status latency_human="191.999µs"
2026-07-12 03:38:48 |TRC| method=GET status=200 uri=/api/v1/status latency_human="204.412µs"
2026-07-12 03:38:50 |TRC| method=GET status=200 uri=/api/v1/status latency_human="245.609µs"
2026-07-12 03:38:52 |TRC| method=GET status=200 uri=/api/v1/status latency_human="198.131µs"
2026-07-12 03:38:54 |TRC| method=GET status=200 uri=/api/v1/status latency_human="182.972µs"
2026-07-12 03:38:56 |TRC| method=GET status=200 uri=/api/v1/status latency_human="175.789µs"
2026-07-12 03:38:58 |TRC| method=GET status=200 uri=/api/v1/status latency_human="169.718µs"
2026-07-12 03:39:00 |TRC| method=GET status=200 uri=/api/v1/status latency_human="146.244µs"
2026-07-12 03:39:02 |TRC| method=GET status=200 uri=/api/v1/status latency_human="150.322µs"
2026-07-12 03:39:04 |TRC| method=GET status=200 uri=/api/v1/status latency_human="152.095µs"
2026-07-12 03:39:06 |TRC| method=GET status=200 uri=/api/v1/status latency_human="181.229µs"
2026-07-12 03:39:08 |TRC| method=GET status=200 uri=/api/v1/status latency_human="165.369µs"
2026-07-12 03:39:10 |TRC| method=GET status=200 uri=/api/v1/status latency_human="158.467µs"
2026-07-12 03:39:12 |TRC| method=GET status=200 uri=/api/v1/status latency_human="151.323µs"
2026-07-12 03:39:14 |TRC| method=GET status=200 uri=/api/v1/status latency_human="163.416µs"
2026-07-12 03:39:16 |TRC| method=GET status=200 uri=/api/v1/status latency_human="168.495µs"
2026-07-12 03:39:18 |TRC| method=GET status=200 uri=/api/v1/status latency_human="350.576µs"
2026-07-12 03:39:20 |TRC| method=GET status=200 uri=/api/v1/status latency_human="145.983µs"
2026-07-12 03:39:22 |TRC| method=GET status=200 uri=/api/v1/status latency_human="163.125µs"
2026-07-12 03:39:24 |TRC| method=GET status=200 uri=/api/v1/status latency_human="137.768µs"
2026-07-12 03:39:26 |TRC| method=GET status=200 uri=/api/v1/status latency_human="314.94µs"
2026-07-12 03:39:28 |TRC| method=GET status=200 uri=/api/v1/status latency_human="141.936µs"
2026-07-12 03:39:30 |TRC| method=GET status=200 uri=/api/v1/status latency_human="177.652µs"
2026-07-12 03:39:32 |TRC| method=GET status=200 uri=/api/v1/status latency_human="136.636µs"
2026-07-12 03:39:34 |TRC| method=GET status=200 uri=/api/v1/status latency_human="174.657µs"
2026-07-12 03:39:36 |TRC| method=GET status=200 uri=/api/v1/status latency_human="175.719µs"
2026-07-12 03:39:38 |TRC| method=GET status=200 uri=/api/v1/status latency_human="183.574µs"
2026-07-12 03:39:40 |TRC| method=GET status=200 uri=/api/v1/status latency_human="173.615µs"
2026-07-12 03:39:42 |TRC| method=GET status=200 uri=/api/v1/status latency_human="273.512µs"
2026-07-12 03:39:44 |TRC| method=GET status=200 uri=/api/v1/status latency_human="160.561µs"
2026-07-12 03:39:46 |TRC| method=GET status=200 uri=/api/v1/status latency_human="232.294µs"
2026-07-12 03:39:48 |TRC| method=GET status=200 uri=/api/v1/status latency_human="190.377µs"
2026-07-12 03:39:50 |TRC| method=GET status=200 uri=/api/v1/status latency_human="158.106µs"
2026-07-12 03:39:52 |TRC| method=GET status=200 uri=/api/v1/status latency_human="172.363µs"
2026-07-12 03:39:54 |TRC| method=GET status=200 uri=/api/v1/status latency_human="157.485µs"
2026-07-12 03:39:56 |TRC| method=GET status=200 uri=/api/v1/status latency_human="128.341µs"
2026-07-12 03:39:58 |TRC| method=GET status=200 uri=/api/v1/status latency_human="213.669µs"
2026-07-12 03:40:00 |TRC| method=GET status=200 uri=/api/v1/status latency_human="243.396µs"
2026-07-12 03:40:02 |TRC| method=GET status=200 uri=/api/v1/status latency_human="226.804µs"
2026-07-12 03:40:04 |TRC| method=GET status=200 uri=/api/v1/status latency_human="197.39µs"
2026-07-12 03:40:06 |TRC| method=GET status=200 uri=/api/v1/status latency_human="265.928µs"
2026-07-12 03:40:08 |TRC| method=GET status=200 uri=/api/v1/status latency_human="139.431µs"
2026-07-12 03:40:10 |TRC| method=GET status=200 uri=/api/v1/status latency_human="170.569µs"
2026-07-12 03:40:12 |TRC| method=GET status=200 uri=/api/v1/status latency_human="154.549µs"
2026-07-12 03:40:14 |TRC| method=GET status=200 uri=/api/v1/status latency_human="132.478µs"
2026-07-12 03:40:16 |TRC| method=GET status=200 uri=/api/v1/status latency_human="142.276µs"
2026-07-12 03:40:18 |TRC| method=GET status=200 uri=/api/v1/status latency_human="157.706µs"
2026-07-12 03:40:20 |TRC| method=GET status=200 uri=/api/v1/status latency_human="154.409µs"
2026-07-12 03:40:22 |TRC| method=GET status=200 uri=/api/v1/status latency_human="160.33µs"
2026-07-12 03:40:24 |TRC| method=GET status=200 uri=/api/v1/status latency_human="200.806µs"
2026-07-12 03:40:26 |TRC| method=GET status=200 uri=/api/v1/status latency_human="166.632µs"
2026-07-12 03:40:28 |TRC| method=GET status=200 uri=/api/v1/status latency_human="197.48µs"
2026-07-12 03:40:30 |TRC| method=GET status=200 uri=/api/v1/status latency_human="224.22µs"
2026-07-12 03:40:32 |TRC| method=GET status=200 uri=/api/v1/status latency_human="154.669µs"
2026-07-12 03:40:34 |TRC| method=GET status=200 uri=/api/v1/status latency_human="125.044µs"
2026-07-12 03:40:36 |TRC| method=GET status=200 uri=/api/v1/status latency_human="165.099µs"
2026-07-12 03:40:38 |TRC| method=GET status=200 uri=/api/v1/status latency_human="163.817µs"
2026-07-12 03:40:40 |TRC| method=GET status=200 uri=/api/v1/status latency_human="219.361µs"
2026-07-12 03:40:42 |TRC| method=GET status=200 uri=/api/v1/status latency_human="253.133µs"
2026-07-12 03:40:44 |TRC| method=GET status=200 uri=/api/v1/status latency_human="216.686µs"
2026-07-12 03:40:46 |TRC| method=GET status=200 uri=/api/v1/status latency_human="224.23µs"
2026-07-12 03:40:48 |TRC| method=GET status=200 uri=/api/v1/status latency_human="162.745µs"
2026-07-12 03:40:50 |TRC| method=GET status=200 uri=/api/v1/status latency_human="219.341µs"
2026-07-12 03:40:52 |TRC| method=GET status=200 uri=/api/v1/status latency_human="244.258µs"
2026-07-12 03:40:54 |TRC| method=GET status=200 uri=/api/v1/status latency_human="252.543µs"
2026-07-12 03:40:56 |TRC| method=GET status=200 uri=/api/v1/status latency_human="169.347µs"
2026-07-12 03:40:58 |TRC| method=GET status=200 uri=/api/v1/status latency_human="136.055µs"
2026-07-12 03:41:00 |TRC| method=GET status=200 uri=/api/v1/status latency_human="147.226µs"
2026-07-12 03:41:02 |TRC| method=GET status=200 uri=/api/v1/status latency_human="163.176µs"
2026-07-12 03:41:04 |TRC| method=GET status=200 uri=/api/v1/status latency_human="221.094µs"
2026-07-12 03:41:06 |TRC| method=GET status=200 uri=/api/v1/status latency_human="170.278µs"
2026-07-12 03:41:08 |TRC| method=GET status=200 uri=/api/v1/status latency_human="567.192µs"
2026-07-12 03:41:10 |TRC| method=GET status=200 uri=/api/v1/status latency_human="211.025µs"
2026-07-12 03:41:12 |TRC| method=GET status=200 uri=/api/v1/status latency_human="199.964µs"
2026-07-12 03:41:14 |TRC| method=GET status=200 uri=/api/v1/status latency_human="177.944µs"
2026-07-12 03:41:16 |TRC| method=GET status=200 uri=/api/v1/status latency_human="277.74µs"
2026-07-12 03:41:18 |TRC| method=GET status=200 uri=/api/v1/status latency_human=6.812344ms
2026-07-12 03:41:20 |TRC| method=GET status=200 uri=/api/v1/status latency_human="173.565µs"
2026-07-12 03:41:22 |TRC| method=GET status=200 uri=/api/v1/status latency_human="160.06µs"
2026-07-12 03:41:24 |TRC| method=GET status=200 uri=/api/v1/status latency_human="378.89µs"
2026-07-12 03:41:26 |TRC| method=GET status=200 uri=/api/v1/status latency_human="166.572µs"
2026-07-12 03:41:28 |TRC| method=GET status=200 uri=/api/v1/status latency_human="228.688µs"
2026-07-12 03:41:30 |TRC| method=GET status=200 uri=/api/v1/status latency_human="137.838µs"
2026-07-12 03:41:32 |TRC| method=GET status=200 uri=/api/v1/status latency_human="200.796µs"
2026-07-12 03:41:34 |TRC| method=GET status=200 uri=/api/v1/status latency_human="192.471µs"
2026-07-12 03:41:36 |TRC| method=GET status=200 uri=/api/v1/status latency_human="131.176µs"
2026-07-12 03:41:38 |TRC| method=GET status=200 uri=/api/v1/status latency_human="290.434µs"
2026-07-12 03:41:40 |TRC| method=GET status=200 uri=/api/v1/status latency_human="130.845µs"
2026-07-12 03:41:42 |TRC| method=GET status=200 uri=/api/v1/status latency_human="972.952µs"
2026-07-12 03:41:44 |TRC| method=GET status=200 uri=/api/v1/status latency_human="128.701µs"
2026-07-12 03:41:46 |TRC| method=GET status=200 uri=/api/v1/status latency_human="148.167µs"
2026-07-12 03:41:48 |TRC| method=GET status=200 uri=/api/v1/status latency_human="314.088µs"
2026-07-12 03:41:50 |TRC| method=GET status=200 uri=/api/v1/status latency_human="137.698µs"
2026-07-12 03:41:52 |TRC| method=GET status=200 uri=/api/v1/status latency_human="199.894µs"
2026-07-12 03:41:54 |TRC| method=GET status=200 uri=/api/v1/status latency_human="139.421µs"
2026-07-12 03:41:56 |TRC| method=GET status=200 uri=/api/v1/status latency_human="129.383µs"
2026-07-12 03:41:58 |TRC| method=GET status=200 uri=/api/v1/status latency_human="220.032µs"
2026-07-12 03:42:00 |TRC| method=GET status=200 uri=/api/v1/status latency_human="138.419µs"
2026-07-12 03:42:02 |TRC| method=GET status=200 uri=/api/v1/status latency_human="184.245µs"
2026-07-12 03:42:04 |TRC| method=GET status=200 uri=/api/v1/status latency_human="190.697µs"
2026-07-12 03:42:06 |TRC| method=GET status=200 uri=/api/v1/status latency_human="225.743µs"
2026-07-12 03:42:08 |TRC| method=GET status=200 uri=/api/v1/status latency_human="160.791µs"
2026-07-12 03:42:10 |TRC| method=GET status=200 uri=/api/v1/status latency_human="152.155µs"
2026-07-12 03:42:12 |TRC| method=GET status=200 uri=/api/v1/status latency_human="179.045µs"
2026-07-12 03:42:14 |TRC| method=GET status=200 uri=/api/v1/status latency_human="161.142µs"
2026-07-12 03:42:16 |TRC| method=GET status=200 uri=/api/v1/status latency_human="205.104µs"
2026-07-12 03:42:18 |TRC| method=GET status=200 uri=/api/v1/status latency_human="132.709µs"
2026-07-12 03:42:20 |TRC| method=GET status=200 uri=/api/v1/status latency_human="146.905µs"
2026-07-12 03:42:22 |TRC| method=GET status=200 uri=/api/v1/status latency_human="130.234µs"
2026-07-12 03:42:24 |TRC| method=GET status=200 uri=/api/v1/status latency_human="165.971µs"
2026-07-12 03:42:26 |TRC| method=GET status=200 uri=/api/v1/status latency_human="240.831µs"
2026-07-12 03:42:28 |TRC| method=GET status=200 uri=/api/v1/status latency_human="146.384µs"
2026-07-12 03:42:30 |TRC| method=GET status=200 uri=/api/v1/status latency_human="122.97µs"
2026-07-12 03:42:32 |TRC| method=GET status=200 uri=/api/v1/status latency_human="235.27µs"
2026-07-12 03:42:34 |TRC| method=GET status=200 uri=/api/v1/status latency_human="168.545µs"
2026-07-12 03:42:36 |TRC| method=GET status=200 uri=/api/v1/status latency_human="132.178µs"
2026-07-12 03:42:38 |TRC| method=GET status=200 uri=/api/v1/status latency_human="190.297µs"
2026-07-12 03:42:40 |TRC| method=GET status=200 uri=/api/v1/status latency_human="188.523µs"
2026-07-12 03:42:42 |TRC| method=GET status=200 uri=/api/v1/status latency_human="232.846µs"
2026-07-12 03:42:44 |TRC| method=GET status=200 uri=/api/v1/status latency_human="129.333µs"
2026-07-12 03:42:46 |TRC| method=GET status=200 uri=/api/v1/status latency_human="271.799µs"
2026-07-12 03:42:48 |TRC| method=GET status=200 uri=/api/v1/status latency_human="138.799µs"
2026-07-12 03:42:50 |TRC| method=GET status=200 uri=/api/v1/status latency_human="152.536µs"
2026-07-12 03:42:52 |TRC| method=GET status=200 uri=/api/v1/status latency_human="127.289µs"
2026-07-12 03:42:54 |TRC| method=GET status=200 uri=/api/v1/status latency_human="136.355µs"
2026-07-12 03:42:56 |TRC| method=GET status=200 uri=/api/v1/status latency_human="196.258µs"
2026-07-12 03:42:58 |TRC| method=GET status=200 uri=/api/v1/status latency_human="156.062µs"
2026-07-12 03:43:00 |TRC| method=GET status=200 uri=/api/v1/status latency_human="130.274µs"
2026-07-12 03:43:02 |TRC| method=GET status=200 uri=/api/v1/status latency_human="463.198µs"
2026-07-12 03:43:04 |TRC| method=GET status=200 uri=/api/v1/status latency_human="222.877µs"
2026-07-12 03:43:06 |TRC| method=GET status=200 uri=/api/v1/status latency_human="193.413µs"
2026-07-12 03:43:08 |TRC| method=GET status=200 uri=/api/v1/status latency_human="195.396µs"
2026-07-12 03:43:10 |TRC| method=GET status=200 uri=/api/v1/status latency_human="178.314µs"
2026-07-12 03:43:12 |TRC| method=GET status=200 uri=/api/v1/status latency_human="133.35µs"
2026-07-12 03:43:14 |TRC| method=GET status=200 uri=/api/v1/status latency_human="135.814µs"
2026-07-12 03:43:16 |TRC| method=GET status=200 uri=/api/v1/status latency_human="175.979µs"
2026-07-12 03:43:18 |TRC| method=GET status=200 uri=/api/v1/status latency_human=1.903324ms
2026-07-12 03:43:20 |TRC| method=GET status=200 uri=/api/v1/status latency_human="188.944µs"
2026-07-12 03:43:22 |TRC| method=GET status=200 uri=/api/v1/status latency_human="154.189µs"
2026-07-12 03:43:24 |TRC| method=GET status=200 uri=/api/v1/status latency_human="624.019µs"
2026-07-12 03:43:26 |TRC| method=GET status=200 uri=/api/v1/status latency_human="601.717µs"
2026-07-12 03:43:28 |TRC| method=GET status=200 uri=/api/v1/status latency_human="443.911µs"
2026-07-12 03:43:30 |TRC| method=GET status=200 uri=/api/v1/status latency_human="672.87µs"
2026-07-12 03:43:32 |TRC| method=GET status=200 uri=/api/v1/status latency_human="457.557µs"
2026-07-12 03:43:34 |TRC| method=GET status=200 uri=/api/v1/status latency_human="627.175µs"
2026-07-12 03:43:36 |TRC| method=GET status=200 uri=/api/v1/status latency_human="574.105µs"
2026-07-12 03:43:38 |TRC| method=GET status=200 uri=/api/v1/status latency_human="159.249µs"
2026-07-12 03:43:40 |TRC| method=GET status=200 uri=/api/v1/status latency_human="291.366µs"
2026-07-12 03:43:42 |TRC| method=GET status=200 uri=/api/v1/status latency_human="142.176µs"
2026-07-12 03:43:44 |TRC| method=GET status=200 uri=/api/v1/status latency_human="151.795µs"
2026-07-12 03:43:46 |TRC| method=GET status=200 uri=/api/v1/status latency_human="223.679µs"
2026-07-12 03:43:48 |TRC| method=GET status=200 uri=/api/v1/status latency_human="200.475µs"
2026-07-12 03:43:50 |TRC| method=GET status=200 uri=/api/v1/status latency_human="174.607µs"
2026-07-12 03:43:52 |TRC| method=GET status=200 uri=/api/v1/status latency_human="153.197µs"
2026-07-12 03:43:54 |TRC| method=GET status=200 uri=/api/v1/status latency_human="180.929µs"
2026-07-12 03:43:56 |TRC| method=GET status=200 uri=/api/v1/status latency_human="152.837µs"
2026-07-12 03:43:58 |TRC| method=GET status=200 uri=/api/v1/status latency_human="172.994µs"
2026-07-12 03:44:00 |TRC| method=GET status=200 uri=/api/v1/status latency_human="152.826µs"
2026-07-12 03:44:02 |TRC| method=GET status=200 uri=/api/v1/status latency_human="133.841µs"
2026-07-12 03:44:04 |TRC| method=GET status=200 uri=/api/v1/status latency_human="252.072µs"
2026-07-12 03:44:06 |TRC| method=GET status=200 uri=/api/v1/status latency_human="154.128µs"
2026-07-12 03:44:08 |TRC| method=GET status=200 uri=/api/v1/status latency_human="203.25µs"
2026-07-12 03:44:10 |TRC| method=GET status=200 uri=/api/v1/status latency_human="130.184µs"
2026-07-12 03:44:12 |TRC| method=GET status=200 uri=/api/v1/status latency_human="160.541µs"
2026-07-12 03:44:14 |TRC| method=GET status=200 uri=/api/v1/status latency_human="134.131µs"
2026-07-12 03:44:16 |TRC| method=GET status=200 uri=/api/v1/status latency_human="139.902µs"
2026-07-12 03:44:18 |TRC| method=GET status=200 uri=/api/v1/status latency_human="216.406µs"
2026-07-12 03:44:20 |TRC| method=GET status=200 uri=/api/v1/status latency_human="189.215µs"
2026-07-12 03:44:22 |TRC| method=GET status=200 uri=/api/v1/status latency_human="236.784µs"
2026-07-12 03:44:24 |TRC| method=GET status=200 uri=/api/v1/status latency_human="181.079µs"
2026-07-12 03:44:26 |TRC| method=GET status=200 uri=/api/v1/status latency_human="177.072µs"
2026-07-12 03:44:28 |TRC| method=GET status=200 uri=/api/v1/status latency_human="132.208µs"
2026-07-12 03:44:30 |TRC| method=GET status=200 uri=/api/v1/status latency_human="254.647µs"
2026-07-12 03:44:32 |TRC| method=GET status=200 uri=/api/v1/status latency_human="228.388µs"
2026-07-12 03:44:34 |TRC| method=GET status=200 uri=/api/v1/status latency_human="208.842µs"
2026-07-12 03:44:36 |TRC| method=GET status=200 uri=/api/v1/status latency_human="208.902µs"
2026-07-12 03:44:38 |TRC| method=GET status=200 uri=/api/v1/status latency_human="162.935µs"
2026-07-12 03:44:40 |TRC| method=GET status=200 uri=/api/v1/status latency_human="140.443µs"
2026-07-12 03:44:42 |TRC| method=GET status=200 uri=/api/v1/status latency_human="124.523µs"
2026-07-12 03:44:44 |TRC| method=GET status=200 uri=/api/v1/status latency_human="146.164µs"
2026-07-12 03:44:46 |TRC| method=GET status=200 uri=/api/v1/status latency_human="127.118µs"
2026-07-12 03:44:48 |TRC| method=GET status=200 uri=/api/v1/status latency_human="152.626µs"
2026-07-12 03:44:50 |TRC| method=GET status=200 uri=/api/v1/status latency_human="126.106µs"
2026-07-12 03:44:52 |TRC| method=GET status=200 uri=/api/v1/status latency_human="140.102µs"
2026-07-12 03:44:54 |TRC| method=GET status=200 uri=/api/v1/status latency_human="150.732µs"
2026-07-12 03:44:56 |TRC| method=GET status=200 uri=/api/v1/status latency_human="156.292µs"
2026-07-12 03:44:58 |TRC| method=GET status=200 uri=/api/v1/status latency_human="133.46µs"
2026-07-12 03:45:00 |TRC| method=GET status=200 uri=/api/v1/status latency_human="191.299µs"
2026-07-12 03:45:02 |TRC| method=GET status=200 uri=/api/v1/status latency_human="163.717µs"
2026-07-12 03:45:04 |TRC| method=GET status=200 uri=/api/v1/status latency_human="186.99µs"
2026-07-12 03:45:06 |TRC| method=GET status=200 uri=/api/v1/status latency_human="117.4µs"
2026-07-12 03:45:08 |TRC| method=GET status=200 uri=/api/v1/status latency_human="276.298µs"
2026-07-12 03:45:10 |TRC| method=GET status=200 uri=/api/v1/status latency_human="249.949µs"
2026-07-12 03:45:12 |TRC| method=GET status=200 uri=/api/v1/status latency_human="174.407µs"
2026-07-12 03:45:14 |TRC| method=GET status=200 uri=/api/v1/status latency_human="150.412µs"
2026-07-12 03:45:16 |TRC| method=GET status=200 uri=/api/v1/status latency_human=3.935361ms
2026-07-12 03:45:18 |TRC| method=GET status=200 uri=/api/v1/status latency_human="185.107µs"
2026-07-12 03:45:20 |TRC| method=GET status=200 uri=/api/v1/status latency_human="240.14µs"
2026-07-12 03:45:22 |TRC| method=GET status=200 uri=/api/v1/status latency_human="185.207µs"
2026-07-12 03:45:24 |TRC| method=GET status=200 uri=/api/v1/status latency_human="160.41µs"
2026-07-12 03:45:26 |TRC| method=GET status=200 uri=/api/v1/status latency_human="153.568µs"
2026-07-12 03:45:28 |TRC| method=GET status=200 uri=/api/v1/status latency_human="139.561µs"
2026-07-12 03:45:30 |TRC| method=GET status=200 uri=/api/v1/status latency_human="188.693µs"
2026-07-12 03:45:32 |TRC| method=GET status=200 uri=/api/v1/status latency_human="154.99µs"
2026-07-12 03:45:34 |TRC| method=GET status=200 uri=/api/v1/status latency_human="158.216µs"
2026-07-12 03:45:36 |TRC| method=GET status=200 uri=/api/v1/status latency_human="202.74µs"
2026-07-12 03:45:38 |TRC| method=GET status=200 uri=/api/v1/status latency_human="147.346µs"
2026-07-12 03:45:40 |TRC| method=GET status=200 uri=/api/v1/status latency_human="188.132µs"
2026-07-12 03:45:42 |TRC| method=GET status=200 uri=/api/v1/status latency_human="170.479µs"
2026-07-12 03:45:44 |TRC| method=GET status=200 uri=/api/v1/status latency_human="186.019µs"
2026-07-12 03:45:46 |TRC| method=GET status=200 uri=/api/v1/status latency_human="160.06µs"
2026-07-12 03:45:48 |TRC| method=GET status=200 uri=/api/v1/status latency_human="222.116µs"
2026-07-12 03:45:50 |TRC| method=GET status=200 uri=/api/v1/status latency_human="200.356µs"
2026-07-12 03:45:52 |TRC| method=GET status=200 uri=/api/v1/status latency_human="256.531µs"
2026-07-12 03:45:54 |TRC| method=GET status=200 uri=/api/v1/status latency_human="248.646µs"
2026-07-12 03:45:56 |TRC| method=GET status=200 uri=/api/v1/status latency_human="151.123µs"
2026-07-12 03:45:58 |TRC| method=GET status=200 uri=/api/v1/status latency_human="196.227µs"
2026-07-12 03:46:00 |TRC| method=GET status=200 uri=/api/v1/status latency_human="201.848µs"
2026-07-12 03:46:02 |TRC| method=GET status=200 uri=/api/v1/status latency_human="179.436µs"
2026-07-12 03:46:04 |TRC| method=GET status=200 uri=/api/v1/status latency_human="219.982µs"
2026-07-12 03:46:06 |TRC| method=GET status=200 uri=/api/v1/status latency_human="151.784µs"
2026-07-12 03:46:08 |TRC| method=GET status=200 uri=/api/v1/status latency_human="214.572µs"
2026-07-12 03:46:10 |TRC| method=GET status=200 uri=/api/v1/status latency_human="169.617µs"
2026-07-12 03:46:12 |TRC| method=GET status=200 uri=/api/v1/status latency_human="224.36µs"
2026-07-12 03:46:14 |TRC| method=GET status=200 uri=/api/v1/status latency_human="159.839µs"
2026-07-12 03:46:16 |TRC| method=GET status=200 uri=/api/v1/status latency_human="195.837µs"
2026-07-12 03:46:16 |DBG| anilist > Fetching anime collection
2026-07-12 03:46:16 |TRC| ws > Sending message type=check-for-announcements
2026-07-12 03:46:17 |TRC| method=POST status=200 uri=/api/v1/announcements latency_human=10.27646ms
2026-07-12 03:46:17 |INF| anilist > Successful Request rlr=29 rtt=687ms
2026-07-12 03:46:17 |TRC| ws > Sending message type=refreshed-anilist-anime-collection
2026-07-12 03:46:17 |DBG| anilist > Fetching manga collection
2026-07-12 03:46:17 |TRC| method=GET status=200 uri=/api/v1/library/collection latency_human=9.986616ms
2026-07-12 03:46:17 |TRC| method=GET status=200 uri=/api/v1/library/collection latency_human="86.903µs"
2026-07-12 03:46:17 |TRC| method=GET status=200 uri=/api/v1/anilist/collection latency_human="89.818µs"
2026-07-12 03:46:17 |TRC| method=GET status=200 uri=/api/v1/anilist/collection latency_human="64.46µs"
2026-07-12 03:46:17 |TRC| anilist platform > Fetching anime mediaId=196017
2026-07-12 03:46:17 |TRC| anilist platform > Returning anime from cache
2026-07-12 03:46:17 |TRC| method=GET status=200 uri=/api/v1/library/anime-entry/196017 latency_human=24.693745ms
2026-07-12 03:46:17 |TRC| anilist platform > Fetching anime mediaId=196017
2026-07-12 03:46:17 |TRC| anilist platform > Returning anime from cache
2026-07-12 03:46:17 |TRC| method=GET status=200 uri=/api/v1/library/anime-entry/196017 latency_human=1.599236ms
2026-07-12 03:46:17 |TRC| method=GET status=200 uri=/api/v1/library/missing-episodes latency_human="279.503µs"
2026-07-12 03:46:17 |TRC| method=GET status=200 uri=/api/v1/library/missing-episodes latency_human="69.891µs"
2026-07-12 03:46:18 |INF| anilist > Successful Request rlr=28 rtt=748ms
2026-07-12 03:46:18 |TRC| ws > Sending message type=refreshed-anilist-manga-collection
2026-07-12 03:46:18 |TRC| method=GET status=200 uri=/api/v1/manga/collection latency_human=1.28685ms
2026-07-12 03:46:18 |TRC| method=GET status=200 uri=/api/v1/manga/collection latency_human="163.957µs"
2026-07-12 03:46:18 |TRC| method=GET status=200 uri=/api/v1/status latency_human="311.363µs"
2026-07-12 03:46:20 |TRC| method=GET status=200 uri=/api/v1/status latency_human="155.241µs"
2026-07-12 03:46:22 |TRC| method=GET status=200 uri=/api/v1/status latency_human="177.823µs"
2026-07-12 03:46:24 |TRC| method=GET status=200 uri=/api/v1/status latency_human="391.964µs"
2026-07-12 03:46:26 |TRC| method=GET status=200 uri=/api/v1/status latency_human=1.093528ms
2026-07-12 03:46:28 |TRC| method=GET status=200 uri=/api/v1/status latency_human=2.118258ms
2026-07-12 03:46:30 |TRC| method=GET status=200 uri=/api/v1/status latency_human="673.232µs"
2026-07-12 03:46:32 |TRC| method=GET status=200 uri=/api/v1/status latency_human="125.605µs"
2026-07-12 03:46:34 |TRC| method=GET status=200 uri=/api/v1/status latency_human="250.379µs"
2026-07-12 03:46:36 |TRC| method=GET status=200 uri=/api/v1/status latency_human="162.585µs"
2026-07-12 03:46:38 |TRC| method=GET status=200 uri=/api/v1/status latency_human="172.363µs"
2026-07-12 03:46:40 |TRC| method=GET status=200 uri=/api/v1/status latency_human="197.36µs"
2026-07-12 03:46:42 |TRC| method=GET status=200 uri=/api/v1/status latency_human="146.023µs"
2026-07-12 03:46:44 |TRC| method=GET status=200 uri=/api/v1/status latency_human="177.983µs"
2026-07-12 03:46:46 |TRC| method=GET status=200 uri=/api/v1/status latency_human="164.679µs"
2026-07-12 03:46:48 |TRC| method=GET status=200 uri=/api/v1/status latency_human="214.642µs"
2026-07-12 03:46:50 |TRC| method=GET status=200 uri=/api/v1/status latency_human="152.475µs"
2026-07-12 03:46:52 |TRC| method=GET status=200 uri=/api/v1/status latency_human="169.067µs"
2026-07-12 03:46:54 |TRC| method=GET status=200 uri=/api/v1/status latency_human="144.621µs"
2026-07-12 03:46:56 |TRC| method=GET status=200 uri=/api/v1/status latency_human="173.525µs"
2026-07-12 03:46:58 |TRC| method=GET status=200 uri=/api/v1/status latency_human="222.788µs"
2026-07-12 03:47:00 |TRC| method=GET status=200 uri=/api/v1/status latency_human="158.727µs"
2026-07-12 03:47:02 |TRC| method=GET status=200 uri=/api/v1/status latency_human="163.005µs"
2026-07-12 03:47:04 |TRC| method=GET status=200 uri=/api/v1/status latency_human="237.165µs"
2026-07-12 03:47:06 |TRC| method=GET status=200 uri=/api/v1/status latency_human="166.432µs"
2026-07-12 03:47:08 |TRC| method=GET status=200 uri=/api/v1/status latency_human="389.941µs"
2026-07-12 03:47:10 |TRC| method=GET status=200 uri=/api/v1/status latency_human="145.933µs"
2026-07-12 03:47:12 |TRC| method=GET status=200 uri=/api/v1/status latency_human="462.607µs"
2026-07-12 03:47:14 |TRC| method=GET status=200 uri=/api/v1/status latency_human="120.135µs"
2026-07-12 03:47:16 |TRC| method=GET status=200 uri=/api/v1/status latency_human="154.85µs"
2026-07-12 03:47:18 |TRC| method=GET status=200 uri=/api/v1/status latency_human="147.767µs"
2026-07-12 03:47:20 |TRC| method=GET status=200 uri=/api/v1/status latency_human="261.49µs"
2026-07-12 03:47:22 |TRC| method=GET status=200 uri=/api/v1/status latency_human="174.036µs"
2026-07-12 03:47:24 |TRC| method=GET status=200 uri=/api/v1/status latency_human="195.386µs"
2026-07-12 03:47:26 |TRC| method=GET status=200 uri=/api/v1/status latency_human="229.229µs"
2026-07-12 03:47:28 |TRC| method=GET status=200 uri=/api/v1/status latency_human="233.948µs"
2026-07-12 03:47:30 |TRC| method=GET status=200 uri=/api/v1/status latency_human="173.355µs"
2026-07-12 03:47:32 |TRC| method=GET status=200 uri=/api/v1/status latency_human="152.185µs"
2026-07-12 03:47:34 |TRC| method=GET status=200 uri=/api/v1/status latency_human="149.39µs"
2026-07-12 03:47:36 |TRC| method=GET status=200 uri=/api/v1/status latency_human="155.622µs"
2026-07-12 03:47:38 |TRC| method=GET status=200 uri=/api/v1/status latency_human="190.357µs"
2026-07-12 03:47:40 |TRC| method=GET status=200 uri=/api/v1/status latency_human="172.323µs"
2026-07-12 03:47:42 |TRC| method=GET status=200 uri=/api/v1/status latency_human="209.532µs"
2026-07-12 03:47:44 |TRC| method=GET status=200 uri=/api/v1/status latency_human="547.937µs"
2026-07-12 03:47:46 |TRC| method=GET status=200 uri=/api/v1/status latency_human="699.871µs"
2026-07-12 03:47:48 |TRC| method=GET status=200 uri=/api/v1/status latency_human="238.617µs"
2026-07-12 03:47:50 |TRC| method=GET status=200 uri=/api/v1/status latency_human="201.046µs"
2026-07-12 03:47:52 |TRC| method=GET status=200 uri=/api/v1/status latency_human="314.078µs"
2026-07-12 03:47:54 |TRC| method=GET status=200 uri=/api/v1/status latency_human="406.872µs"
2026-07-12 03:47:56 |TRC| method=GET status=200 uri=/api/v1/status latency_human="174.487µs"
2026-07-12 03:47:58 |TRC| method=GET status=200 uri=/api/v1/status latency_human="175.73µs"
2026-07-12 03:48:00 |TRC| method=GET status=200 uri=/api/v1/status latency_human="149.6µs"
2026-07-12 03:48:02 |TRC| method=GET status=200 uri=/api/v1/status latency_human="229.179µs"
2026-07-12 03:48:04 |TRC| method=GET status=200 uri=/api/v1/status latency_human="148.037µs"
2026-07-12 03:48:06 |TRC| method=GET status=200 uri=/api/v1/status latency_human="156.493µs"
2026-07-12 03:48:08 |TRC| method=GET status=200 uri=/api/v1/status latency_human="181.58µs"
2026-07-12 03:48:10 |TRC| method=GET status=200 uri=/api/v1/status latency_human="164.669µs"
2026-07-12 03:48:12 |TRC| method=GET status=200 uri=/api/v1/status latency_human="119.644µs"
2026-07-12 03:48:14 |TRC| method=GET status=200 uri=/api/v1/status latency_human="199.985µs"
2026-07-12 03:48:16 |TRC| method=GET status=200 uri=/api/v1/status latency_human="186.449µs"
2026-07-12 03:48:18 |TRC| method=GET status=200 uri=/api/v1/status latency_human="208.09µs"
2026-07-12 03:48:20 |TRC| method=GET status=200 uri=/api/v1/status latency_human="219.701µs"
2026-07-12 03:48:22 |TRC| method=GET status=200 uri=/api/v1/status latency_human="208.961µs"
2026-07-12 03:48:24 |TRC| method=GET status=200 uri=/api/v1/status latency_human="162.535µs"
2026-07-12 03:48:26 |TRC| method=GET status=200 uri=/api/v1/status latency_human="161.853µs"
2026-07-12 03:48:28 |TRC| method=GET status=200 uri=/api/v1/status latency_human="144.14µs"
2026-07-12 03:48:30 |TRC| method=GET status=200 uri=/api/v1/status latency_human="170.589µs"
2026-07-12 03:48:32 |TRC| method=GET status=200 uri=/api/v1/status latency_human=5.627412ms
2026-07-12 03:48:34 |TRC| method=GET status=200 uri=/api/v1/status latency_human="195.196µs"
2026-07-12 03:48:36 |TRC| method=GET status=200 uri=/api/v1/status latency_human="281.938µs"
2026-07-12 03:48:38 |TRC| method=GET status=200 uri=/api/v1/status latency_human="118.792µs"
2026-07-12 03:48:40 |TRC| method=GET status=200 uri=/api/v1/status latency_human="165.01µs"
2026-07-12 03:48:42 |TRC| method=GET status=200 uri=/api/v1/status latency_human="156.183µs"
2026-07-12 03:48:44 |TRC| method=GET status=200 uri=/api/v1/status latency_human="123.482µs"
2026-07-12 03:48:46 |TRC| method=GET status=200 uri=/api/v1/status latency_human="148.749µs"
2026-07-12 03:48:48 |TRC| method=GET status=200 uri=/api/v1/status latency_human="200.676µs"
2026-07-12 03:48:50 |TRC| method=GET status=200 uri=/api/v1/status latency_human="152.316µs"
2026-07-12 03:48:52 |TRC| method=GET status=200 uri=/api/v1/status latency_human="146.034µs"
2026-07-12 03:48:54 |TRC| method=GET status=200 uri=/api/v1/status latency_human="126.387µs"
2026-07-12 03:48:56 |TRC| method=GET status=200 uri=/api/v1/status latency_human="164.558µs"
2026-07-12 03:48:58 |TRC| method=GET status=200 uri=/api/v1/status latency_human="179.426µs"
2026-07-12 03:49:00 |TRC| method=GET status=200 uri=/api/v1/status latency_human="179.356µs"
2026-07-12 03:49:02 |TRC| method=GET status=200 uri=/api/v1/status latency_human="213.38µs"
2026-07-12 03:49:04 |TRC| method=GET status=200 uri=/api/v1/status latency_human="174.917µs"
2026-07-12 03:49:06 |TRC| method=GET status=200 uri=/api/v1/status latency_human="166.242µs"
2026-07-12 03:49:08 |TRC| method=GET status=200 uri=/api/v1/status latency_human="183.514µs"
2026-07-12 03:49:10 |TRC| method=GET status=200 uri=/api/v1/status latency_human="183.975µs"
2026-07-12 03:49:12 |TRC| method=GET status=200 uri=/api/v1/status latency_human="143.379µs"
2026-07-12 03:49:14 |TRC| method=GET status=200 uri=/api/v1/status latency_human="150.291µs"
2026-07-12 03:49:16 |TRC| method=GET status=200 uri=/api/v1/status latency_human="168.166µs"
2026-07-12 03:49:18 |TRC| method=GET status=200 uri=/api/v1/status latency_human="149.841µs"
2026-07-12 03:49:20 |TRC| method=GET status=200 uri=/api/v1/status latency_human="236.263µs"
2026-07-12 03:49:22 |TRC| method=GET status=200 uri=/api/v1/status latency_human="156.463µs"
2026-07-12 03:49:24 |TRC| method=GET status=200 uri=/api/v1/status latency_human="146.384µs"
2026-07-12 03:49:26 |TRC| method=GET status=200 uri=/api/v1/status latency_human="147.767µs"
2026-07-12 03:49:28 |TRC| method=GET status=200 uri=/api/v1/status latency_human="182.732µs"
2026-07-12 03:49:30 |TRC| method=GET status=200 uri=/api/v1/status latency_human="139.952µs"
2026-07-12 03:49:32 |TRC| method=GET status=200 uri=/api/v1/status latency_human="120.776µs"
2026-07-12 03:49:34 |TRC| method=GET status=200 uri=/api/v1/status latency_human="156.192µs"
2026-07-12 03:49:36 |TRC| method=GET status=200 uri=/api/v1/status latency_human="201.287µs"
2026-07-12 03:49:38 |TRC| method=GET status=200 uri=/api/v1/status latency_human="169.608µs"
2026-07-12 03:49:40 |TRC| method=GET status=200 uri=/api/v1/status latency_human="160.521µs"
2026-07-12 03:49:42 |TRC| method=GET status=200 uri=/api/v1/status latency_human="130.634µs"
2026-07-12 03:49:44 |TRC| method=GET status=200 uri=/api/v1/status latency_human="151.554µs"
2026-07-12 03:49:46 |TRC| method=GET status=200 uri=/api/v1/status latency_human="162.114µs"
2026-07-12 03:49:48 |TRC| method=GET status=200 uri=/api/v1/status latency_human="152.375µs"
2026-07-12 03:49:50 |TRC| method=GET status=200 uri=/api/v1/status latency_human="145.573µs"
2026-07-12 03:49:52 |TRC| method=GET status=200 uri=/api/v1/status latency_human="269.775µs"
2026-07-12 03:49:54 |TRC| method=GET status=200 uri=/api/v1/status latency_human="152.906µs"
2026-07-12 03:49:56 |TRC| method=GET status=200 uri=/api/v1/status latency_human="156.383µs"
2026-07-12 03:49:58 |TRC| method=GET status=200 uri=/api/v1/status latency_human="134.032µs"
2026-07-12 03:50:00 |TRC| method=GET status=200 uri=/api/v1/status latency_human="231.414µs"
2026-07-12 03:50:02 |TRC| method=GET status=200 uri=/api/v1/status latency_human="216.575µs"
2026-07-12 03:50:04 |TRC| method=GET status=200 uri=/api/v1/status latency_human="329.918µs"
2026-07-12 03:50:06 |TRC| method=GET status=200 uri=/api/v1/status latency_human="172.443µs"
2026-07-12 03:50:08 |TRC| method=GET status=200 uri=/api/v1/status latency_human="205.766µs"
2026-07-12 03:50:10 |TRC| method=GET status=200 uri=/api/v1/status latency_human="136.105µs"
2026-07-12 03:50:12 |TRC| method=GET status=200 uri=/api/v1/status latency_human="173.485µs"
2026-07-12 03:50:14 |TRC| method=GET status=200 uri=/api/v1/status latency_human="168.255µs"
2026-07-12 03:50:16 |TRC| method=GET status=200 uri=/api/v1/status latency_human="172.573µs"
2026-07-12 03:50:18 |TRC| method=GET status=200 uri=/api/v1/status latency_human="266.659µs"
2026-07-12 03:50:20 |TRC| method=GET status=200 uri=/api/v1/status latency_human="153.557µs"
2026-07-12 03:50:22 |TRC| method=GET status=200 uri=/api/v1/status latency_human="198.682µs"
2026-07-12 03:50:24 |TRC| method=GET status=200 uri=/api/v1/status latency_human="243.627µs"
2026-07-12 03:50:26 |TRC| method=GET status=200 uri=/api/v1/status latency_human="123.411µs"
2026-07-12 03:50:28 |TRC| method=GET status=200 uri=/api/v1/status latency_human="150.201µs"
2026-07-12 03:50:30 |TRC| method=GET status=200 uri=/api/v1/status latency_human="202.77µs"
2026-07-12 03:50:32 |TRC| method=GET status=200 uri=/api/v1/status latency_human="163.637µs"
2026-07-12 03:50:34 |TRC| method=GET status=200 uri=/api/v1/status latency_human="149.7µs"
2026-07-12 03:50:36 |TRC| method=GET status=200 uri=/api/v1/status latency_human="176.511µs"
2026-07-12 03:50:38 |TRC| method=GET status=200 uri=/api/v1/status latency_human="208.721µs"
2026-07-12 03:50:40 |TRC| method=GET status=200 uri=/api/v1/status latency_human="230.321µs"
2026-07-12 03:50:42 |TRC| method=GET status=200 uri=/api/v1/status latency_human="160.23µs"
2026-07-12 03:50:44 |TRC| method=GET status=200 uri=/api/v1/status latency_human="176.782µs"
2026-07-12 03:50:46 |TRC| method=GET status=200 uri=/api/v1/status latency_human="116.297µs"
2026-07-12 03:50:48 |TRC| method=GET status=200 uri=/api/v1/status latency_human="165.72µs"
2026-07-12 03:50:50 |TRC| method=GET status=200 uri=/api/v1/status latency_human="177.373µs"
2026-07-12 03:50:52 |TRC| method=GET status=200 uri=/api/v1/status latency_human="211.476µs"
2026-07-12 03:50:54 |TRC| method=GET status=200 uri=/api/v1/status latency_human="150.873µs"
2026-07-12 03:50:56 |TRC| method=GET status=200 uri=/api/v1/status latency_human="229.289µs"
2026-07-12 03:50:58 |TRC| method=GET status=200 uri=/api/v1/status latency_human="180.358µs"
2026-07-12 03:51:00 |TRC| method=GET status=200 uri=/api/v1/status latency_human="155.672µs"
2026-07-12 03:51:02 |TRC| method=GET status=200 uri=/api/v1/status latency_human="221.415µs"
2026-07-12 03:51:04 |TRC| method=GET status=200 uri=/api/v1/status latency_human="227.326µs"
2026-07-12 03:51:06 |TRC| method=GET status=200 uri=/api/v1/status latency_human="286.587µs"
2026-07-12 03:51:08 |TRC| method=GET status=200 uri=/api/v1/status latency_human="146.304µs"
2026-07-12 03:51:10 |TRC| method=GET status=200 uri=/api/v1/status latency_human="195.195µs"
2026-07-12 03:51:12 |TRC| method=GET status=200 uri=/api/v1/status latency_human="280.495µs"
2026-07-12 03:51:14 |TRC| method=GET status=200 uri=/api/v1/status latency_human="175.73µs"
2026-07-12 03:51:16 |TRC| method=GET status=200 uri=/api/v1/status latency_human="157.415µs"
2026-07-12 03:51:18 |TRC| method=GET status=200 uri=/api/v1/status latency_human="155.421µs"
2026-07-12 03:51:20 |TRC| method=GET status=200 uri=/api/v1/status latency_human="221.305µs"
2026-07-12 03:51:22 |TRC| method=GET status=200 uri=/api/v1/status latency_human="147.186µs"
2026-07-12 03:51:24 |TRC| method=GET status=200 uri=/api/v1/status latency_human="283.221µs"
2026-07-12 03:51:26 |TRC| method=GET status=200 uri=/api/v1/status latency_human="263.483µs"
2026-07-12 03:51:28 |TRC| method=GET status=200 uri=/api/v1/status latency_human="138.139µs"
2026-07-12 03:51:30 |TRC| method=GET status=200 uri=/api/v1/status latency_human="163.216µs"
2026-07-12 03:51:32 |TRC| method=GET status=200 uri=/api/v1/status latency_human="169.027µs"
2026-07-12 03:51:34 |TRC| method=GET status=200 uri=/api/v1/status latency_human="256.541µs"
2026-07-12 03:51:36 |TRC| method=GET status=200 uri=/api/v1/status latency_human="193.573µs"
2026-07-12 03:51:38 |TRC| method=GET status=200 uri=/api/v1/status latency_human="219.271µs"
2026-07-12 03:51:40 |TRC| method=GET status=200 uri=/api/v1/status latency_human="146.204µs"
2026-07-12 03:51:42 |TRC| method=GET status=200 uri=/api/v1/status latency_human="195.307µs"
2026-07-12 03:51:44 |TRC| method=GET status=200 uri=/api/v1/status latency_human="131.427µs"
2026-07-12 03:51:46 |TRC| method=GET status=200 uri=/api/v1/status latency_human="158.608µs"
2026-07-12 03:51:48 |TRC| method=GET status=200 uri=/api/v1/status latency_human="179.286µs"
2026-07-12 03:51:50 |TRC| method=GET status=200 uri=/api/v1/status latency_human="255.87µs"
2026-07-12 03:51:52 |TRC| method=GET status=200 uri=/api/v1/status latency_human="159.719µs"
2026-07-12 03:51:54 |TRC| method=GET status=200 uri=/api/v1/status latency_human="149.371µs"
2026-07-12 03:51:56 |TRC| method=GET status=200 uri=/api/v1/status latency_human="158.708µs"
2026-07-12 03:51:58 |TRC| method=GET status=200 uri=/api/v1/status latency_human="241.263µs"
2026-07-12 03:52:00 |TRC| method=GET status=200 uri=/api/v1/status latency_human="229.29µs"
2026-07-12 03:52:02 |TRC| method=GET status=200 uri=/api/v1/status latency_human="145.593µs"
2026-07-12 03:52:04 |TRC| method=GET status=200 uri=/api/v1/status latency_human="125.255µs"
2026-07-12 03:52:06 |TRC| method=GET status=200 uri=/api/v1/status latency_human="183.825µs"
2026-07-12 03:52:08 |TRC| method=GET status=200 uri=/api/v1/status latency_human="193.763µs"
2026-07-12 03:52:10 |TRC| method=GET status=200 uri=/api/v1/status latency_human="143.239µs"
2026-07-12 03:52:12 |TRC| method=GET status=200 uri=/api/v1/status latency_human="154.58µs"
2026-07-12 03:52:14 |TRC| method=GET status=200 uri=/api/v1/status latency_human="156.784µs"
2026-07-12 03:52:16 |TRC| method=GET status=200 uri=/api/v1/status latency_human="144.771µs"
2026-07-12 03:52:18 |TRC| method=GET status=200 uri=/api/v1/status latency_human="129.533µs"
2026-07-12 03:52:20 |TRC| method=GET status=200 uri=/api/v1/status latency_human="150.903µs"
2026-07-12 03:52:22 |TRC| method=GET status=200 uri=/api/v1/status latency_human="154.25µs"
2026-07-12 03:52:24 |TRC| method=GET status=200 uri=/api/v1/status latency_human="150.442µs"
2026-07-12 03:52:26 |TRC| method=GET status=200 uri=/api/v1/status latency_human="167.273µs"
2026-07-12 03:52:28 |TRC| method=GET status=200 uri=/api/v1/status latency_human="155.672µs"
2026-07-12 03:52:30 |TRC| method=GET status=200 uri=/api/v1/status latency_human="196.248µs"
2026-07-12 03:52:32 |TRC| method=GET status=200 uri=/api/v1/status latency_human="143.93µs"
2026-07-12 03:52:34 |TRC| method=GET status=200 uri=/api/v1/status latency_human="247.304µs"
2026-07-12 03:52:36 |TRC| method=GET status=200 uri=/api/v1/status latency_human="129.253µs"
2026-07-12 03:52:38 |TRC| method=GET status=200 uri=/api/v1/status latency_human="178.495µs"
2026-07-12 03:52:40 |TRC| method=GET status=200 uri=/api/v1/status latency_human="182.051µs"
2026-07-12 03:52:42 |TRC| method=GET status=200 uri=/api/v1/status latency_human="212.649µs"
2026-07-12 03:52:44 |TRC| method=GET status=200 uri=/api/v1/status latency_human="136.646µs"
2026-07-12 03:52:46 |TRC| method=GET status=200 uri=/api/v1/status latency_human="149.961µs"
2026-07-12 03:52:48 |TRC| method=GET status=200 uri=/api/v1/status latency_human="209.513µs"
2026-07-12 03:52:50 |TRC| method=GET status=200 uri=/api/v1/status latency_human="152.075µs"
2026-07-12 03:52:52 |TRC| method=GET status=200 uri=/api/v1/status latency_human="169.779µs"
2026-07-12 03:52:54 |TRC| method=GET status=200 uri=/api/v1/status latency_human="191.289µs"
2026-07-12 03:52:56 |TRC| method=GET status=200 uri=/api/v1/status latency_human="159.349µs"
2026-07-12 03:52:58 |TRC| method=GET status=200 uri=/api/v1/status latency_human="223.509µs"
2026-07-12 03:53:00 |TRC| method=GET status=200 uri=/api/v1/status latency_human="147.818µs"
2026-07-12 03:53:02 |TRC| method=GET status=200 uri=/api/v1/status latency_human="151.284µs"
2026-07-12 03:53:04 |TRC| method=GET status=200 uri=/api/v1/status latency_human="164.318µs"
2026-07-12 03:53:06 |TRC| method=GET status=200 uri=/api/v1/status latency_human="147.977µs"
2026-07-12 03:53:08 |TRC| method=GET status=200 uri=/api/v1/status latency_human=14.704712ms
2026-07-12 03:53:10 |TRC| method=GET status=200 uri=/api/v1/status latency_human="157.135µs"
2026-07-12 03:53:12 |TRC| method=GET status=200 uri=/api/v1/status latency_human="135.905µs"
2026-07-12 03:53:14 |TRC| method=GET status=200 uri=/api/v1/status latency_human="147.647µs"
2026-07-12 03:53:16 |TRC| method=GET status=200 uri=/api/v1/status latency_human="156.544µs"
2026-07-12 03:53:18 |TRC| method=GET status=200 uri=/api/v1/status latency_human="234.2µs"
2026-07-12 03:53:20 |TRC| method=GET status=200 uri=/api/v1/status latency_human="339.056µs"
2026-07-12 03:53:22 |TRC| method=GET status=200 uri=/api/v1/status latency_human="120.526µs"
2026-07-12 03:53:24 |TRC| method=GET status=200 uri=/api/v1/status latency_human="157.355µs"
2026-07-12 03:53:26 |TRC| method=GET status=200 uri=/api/v1/status latency_human="182.632µs"
2026-07-12 03:53:28 |TRC| method=GET status=200 uri=/api/v1/status latency_human="174.257µs"
2026-07-12 03:53:30 |TRC| method=GET status=200 uri=/api/v1/status latency_human="189.566µs"
2026-07-12 03:53:32 |TRC| method=GET status=200 uri=/api/v1/status latency_human="159.018µs"
2026-07-12 03:53:34 |TRC| method=GET status=200 uri=/api/v1/status latency_human="216.425µs"
2026-07-12 03:53:36 |TRC| method=GET status=200 uri=/api/v1/status latency_human="135.645µs"
2026-07-12 03:53:38 |TRC| method=GET status=200 uri=/api/v1/status latency_human="165.761µs"
2026-07-12 03:53:40 |TRC| method=GET status=200 uri=/api/v1/status latency_human="145.102µs"
2026-07-12 03:53:42 |TRC| method=GET status=200 uri=/api/v1/status latency_human="158.918µs"
2026-07-12 03:53:44 |TRC| method=GET status=200 uri=/api/v1/status latency_human="148.108µs"
2026-07-12 03:53:46 |TRC| method=GET status=200 uri=/api/v1/status latency_human="241.543µs"
2026-07-12 03:53:48 |TRC| method=GET status=200 uri=/api/v1/status latency_human="242.785µs"
2026-07-12 03:53:50 |TRC| method=GET status=200 uri=/api/v1/status latency_human="142.858µs"
2026-07-12 03:53:52 |TRC| method=GET status=200 uri=/api/v1/status latency_human="169.548µs"
2026-07-12 03:53:54 |TRC| method=GET status=200 uri=/api/v1/status latency_human="166.442µs"
2026-07-12 03:53:56 |TRC| method=GET status=200 uri=/api/v1/status latency_human="170.97µs"
2026-07-12 03:53:58 |TRC| method=GET status=200 uri=/api/v1/status latency_human="158.968µs"
2026-07-12 03:54:00 |TRC| method=GET status=200 uri=/api/v1/status latency_human="202.74µs"
2026-07-12 03:54:02 |TRC| method=GET status=200 uri=/api/v1/status latency_human="198.112µs"
2026-07-12 03:54:04 |TRC| method=GET status=200 uri=/api/v1/status latency_human="156.794µs"
2026-07-12 03:54:06 |TRC| method=GET status=200 uri=/api/v1/status latency_human="164.709µs"
2026-07-12 03:54:08 |TRC| method=GET status=200 uri=/api/v1/status latency_human="188.694µs"
2026-07-12 03:54:10 |TRC| method=GET status=200 uri=/api/v1/status latency_human="119.013µs"
2026-07-12 03:54:12 |TRC| method=GET status=200 uri=/api/v1/status latency_human="347.451µs"
2026-07-12 03:54:14 |TRC| method=GET status=200 uri=/api/v1/status latency_human=13.870876ms
2026-07-12 03:54:16 |TRC| method=GET status=200 uri=/api/v1/status latency_human="229.26µs"
2026-07-12 03:54:18 |TRC| method=GET status=200 uri=/api/v1/status latency_human="327.384µs"
2026-07-12 03:54:20 |TRC| method=GET status=200 uri=/api/v1/status latency_human="121.438µs"
2026-07-12 03:54:22 |TRC| method=GET status=200 uri=/api/v1/status latency_human="147.857µs"
2026-07-12 03:54:24 |TRC| method=GET status=200 uri=/api/v1/status latency_human="180.238µs"
2026-07-12 03:54:26 |TRC| method=GET status=200 uri=/api/v1/status latency_human="217.909µs"
2026-07-12 03:54:28 |TRC| method=GET status=200 uri=/api/v1/status latency_human="117.3µs"
2026-07-12 03:54:30 |TRC| method=GET status=200 uri=/api/v1/status latency_human="322.145µs"
2026-07-12 03:54:32 |TRC| method=GET status=200 uri=/api/v1/status latency_human="214.402µs"
2026-07-12 03:54:34 |TRC| method=GET status=200 uri=/api/v1/status latency_human="156.864µs"
2026-07-12 03:54:36 |TRC| method=GET status=200 uri=/api/v1/status latency_human="158.567µs"
2026-07-12 03:54:38 |TRC| method=GET status=200 uri=/api/v1/status latency_human="186.15µs"
2026-07-12 03:54:40 |TRC| method=GET status=200 uri=/api/v1/status latency_human="188.333µs"
2026-07-12 03:54:42 |TRC| method=GET status=200 uri=/api/v1/status latency_human="221.736µs"
2026-07-12 03:54:44 |TRC| method=GET status=200 uri=/api/v1/status latency_human="161.212µs"
2026-07-12 03:54:46 |TRC| method=GET status=200 uri=/api/v1/status latency_human="200.947µs"
2026-07-12 03:54:48 |TRC| method=GET status=200 uri=/api/v1/status latency_human="218.359µs"
2026-07-12 03:54:50 |TRC| method=GET status=200 uri=/api/v1/status latency_human="129.984µs"
2026-07-12 03:54:52 |TRC| method=GET status=200 uri=/api/v1/status latency_human="159.419µs"
2026-07-12 03:54:54 |TRC| method=GET status=200 uri=/api/v1/status latency_human="142.567µs"
2026-07-12 03:54:56 |TRC| method=GET status=200 uri=/api/v1/status latency_human="147.627µs"
2026-07-12 03:54:58 |TRC| method=GET status=200 uri=/api/v1/status latency_human="224.29µs"
2026-07-12 03:55:00 |TRC| method=GET status=200 uri=/api/v1/status latency_human="122.62µs"
2026-07-12 03:55:02 |TRC| method=GET status=200 uri=/api/v1/status latency_human="170.319µs"
2026-07-12 03:55:04 |TRC| method=GET status=200 uri=/api/v1/status latency_human="188.543µs"
2026-07-12 03:55:06 |TRC| method=GET status=200 uri=/api/v1/status latency_human="196.018µs"
2026-07-12 03:55:08 |TRC| method=GET status=200 uri=/api/v1/status latency_human="159.96µs"
2026-07-12 03:55:10 |TRC| method=GET status=200 uri=/api/v1/status latency_human="156.403µs"
2026-07-12 03:55:12 |TRC| method=GET status=200 uri=/api/v1/status latency_human="289.603µs"
2026-07-12 03:55:14 |TRC| method=GET status=200 uri=/api/v1/status latency_human="216.676µs"
2026-07-12 03:55:16 |TRC| method=GET status=200 uri=/api/v1/status latency_human="145.232µs"
2026-07-12 03:55:18 |TRC| method=GET status=200 uri=/api/v1/status latency_human="114.174µs"
2026-07-12 03:55:20 |TRC| method=GET status=200 uri=/api/v1/status latency_human="305.053µs"
2026-07-12 03:55:22 |TRC| method=GET status=200 uri=/api/v1/status latency_human="164.078µs"
2026-07-12 03:55:24 |TRC| method=GET status=200 uri=/api/v1/status latency_human="239.088µs"
2026-07-12 03:55:26 |TRC| method=GET status=200 uri=/api/v1/status latency_human="174.968µs"
2026-07-12 03:55:28 |TRC| method=GET status=200 uri=/api/v1/status latency_human="164.789µs"
2026-07-12 03:55:30 |TRC| method=GET status=200 uri=/api/v1/status latency_human="241.974µs"
2026-07-12 03:55:32 |TRC| method=GET status=200 uri=/api/v1/status latency_human="182.181µs"
2026-07-12 03:55:34 |TRC| method=GET status=200 uri=/api/v1/status latency_human="121.628µs"
2026-07-12 03:55:36 |TRC| method=GET status=200 uri=/api/v1/status latency_human="191.289µs"
2026-07-12 03:55:38 |TRC| method=GET status=200 uri=/api/v1/status latency_human="390.553µs"
2026-07-12 03:55:40 |TRC| method=GET status=200 uri=/api/v1/status latency_human="246.262µs"
2026-07-12 03:55:42 |TRC| method=GET status=200 uri=/api/v1/status latency_human="138.149µs"
2026-07-12 03:55:44 |TRC| method=GET status=200 uri=/api/v1/status latency_human="156.083µs"
2026-07-12 03:55:46 |TRC| method=GET status=200 uri=/api/v1/status latency_human="161.102µs"
2026-07-12 03:55:48 |TRC| method=GET status=200 uri=/api/v1/status latency_human="180.679µs"
2026-07-12 03:55:50 |TRC| method=GET status=200 uri=/api/v1/status latency_human="185.889µs"
2026-07-12 03:55:52 |TRC| method=GET status=200 uri=/api/v1/status latency_human="220.263µs"
2026-07-12 03:55:54 |TRC| method=GET status=200 uri=/api/v1/status latency_human="162.525µs"
2026-07-12 03:55:56 |TRC| method=GET status=200 uri=/api/v1/status latency_human="169.007µs"
2026-07-12 03:55:58 |TRC| method=GET status=200 uri=/api/v1/status latency_human="193.252µs"
2026-07-12 03:56:00 |TRC| method=GET status=200 uri=/api/v1/status latency_human="147.557µs"
2026-07-12 03:56:02 |TRC| method=GET status=200 uri=/api/v1/status latency_human="191.99µs"
2026-07-12 03:56:04 |TRC| method=GET status=200 uri=/api/v1/status latency_human="262.532µs"
2026-07-12 03:56:06 |TRC| method=GET status=200 uri=/api/v1/status latency_human="118.222µs"
2026-07-12 03:56:08 |TRC| method=GET status=200 uri=/api/v1/status latency_human="150.202µs"
2026-07-12 03:56:10 |TRC| method=GET status=200 uri=/api/v1/status latency_human="152.176µs"
2026-07-12 03:56:12 |TRC| method=GET status=200 uri=/api/v1/status latency_human="141.405µs"
2026-07-12 03:56:14 |TRC| method=GET status=200 uri=/api/v1/status latency_human=3.182088ms
2026-07-12 03:56:16 |TRC| method=GET status=200 uri=/api/v1/status latency_human="197.731µs"
2026-07-12 03:56:16 |DBG| anilist > Fetching anime collection
2026-07-12 03:56:17 |TRC| ws > Sending message type=check-for-announcements
2026-07-12 03:56:17 |TRC| method=POST status=200 uri=/api/v1/announcements latency_human=9.263182ms
2026-07-12 03:56:17 |INF| anilist > Successful Request rlr=29 rtt=804ms
2026-07-12 03:56:17 |TRC| ws > Sending message type=refreshed-anilist-anime-collection
2026-07-12 03:56:17 |DBG| anilist > Fetching manga collection
2026-07-12 03:56:17 |TRC| method=GET status=200 uri=/api/v1/library/collection latency_human=6.978307ms
2026-07-12 03:56:17 |TRC| method=GET status=200 uri=/api/v1/library/collection latency_human="81.202µs"
2026-07-12 03:56:17 |TRC| method=GET status=200 uri=/api/v1/anilist/collection latency_human="80.26µs"
2026-07-12 03:56:17 |TRC| method=GET status=200 uri=/api/v1/anilist/collection latency_human="67.166µs"
2026-07-12 03:56:17 |TRC| anilist platform > Fetching anime mediaId=196017
2026-07-12 03:56:17 |TRC| anilist platform > Returning anime from cache
2026-07-12 03:56:17 |TRC| method=GET status=200 uri=/api/v1/library/anime-entry/196017 latency_human=9.899876ms
2026-07-12 03:56:17 |TRC| anilist platform > Fetching anime mediaId=196017
2026-07-12 03:56:17 |TRC| anilist platform > Returning anime from cache
2026-07-12 03:56:17 |TRC| method=GET status=200 uri=/api/v1/library/anime-entry/196017 latency_human=5.283589ms
2026-07-12 03:56:17 |TRC| method=GET status=200 uri=/api/v1/library/missing-episodes latency_human="415.089µs"
2026-07-12 03:56:17 |TRC| method=GET status=200 uri=/api/v1/library/missing-episodes latency_human="62.276µs"
2026-07-12 03:56:17 |INF| anilist > Successful Request rlr=28 rtt=338ms
2026-07-12 03:56:17 |TRC| ws > Sending message type=refreshed-anilist-manga-collection
2026-07-12 03:56:17 |TRC| method=GET status=200 uri=/api/v1/manga/collection latency_human="101.42µs"
2026-07-12 03:56:17 |TRC| method=GET status=200 uri=/api/v1/manga/collection latency_human="85.981µs"
2026-07-12 03:56:18 |TRC| method=GET status=200 uri=/api/v1/status latency_human="134.482µs"
2026-07-12 03:56:20 |TRC| method=GET status=200 uri=/api/v1/status latency_human="136.997µs"
2026-07-12 03:56:22 |TRC| method=GET status=200 uri=/api/v1/status latency_human="187.752µs"
2026-07-12 03:56:24 |TRC| method=GET status=200 uri=/api/v1/status latency_human="170.721µs"
2026-07-12 03:56:26 |TRC| method=GET status=200 uri=/api/v1/status latency_human="179.627µs"
2026-07-12 03:56:28 |TRC| method=GET status=200 uri=/api/v1/status latency_human="132.318µs"
2026-07-12 03:56:30 |TRC| method=GET status=200 uri=/api/v1/status latency_human="156.623µs"
2026-07-12 03:56:32 |TRC| method=GET status=200 uri=/api/v1/status latency_human="156.493µs"
2026-07-12 03:56:34 |TRC| method=GET status=200 uri=/api/v1/status latency_human="168.175µs"
2026-07-12 03:56:36 |TRC| method=GET status=200 uri=/api/v1/status latency_human="246.002µs"
2026-07-12 03:56:38 |TRC| method=GET status=200 uri=/api/v1/status latency_human="170.7µs"
2026-07-12 03:56:40 |TRC| method=GET status=200 uri=/api/v1/status latency_human="158.618µs"
2026-07-12 03:56:42 |TRC| method=GET status=200 uri=/api/v1/status latency_human="244.999µs"
2026-07-12 03:56:44 |TRC| method=GET status=200 uri=/api/v1/status latency_human="290.365µs"
2026-07-12 03:56:46 |TRC| method=GET status=200 uri=/api/v1/status latency_human="236.344µs"
2026-07-12 03:56:48 |TRC| method=GET status=200 uri=/api/v1/status latency_human="166.352µs"
2026-07-12 03:56:50 |TRC| method=GET status=200 uri=/api/v1/status latency_human="165.099µs"
2026-07-12 03:56:52 |TRC| method=GET status=200 uri=/api/v1/status latency_human="167.254µs"
2026-07-12 03:56:54 |TRC| method=GET status=200 uri=/api/v1/status latency_human="260.007µs"
2026-07-12 03:56:56 |TRC| method=GET status=200 uri=/api/v1/status latency_human="263.764µs"
2026-07-12 03:56:58 |TRC| method=GET status=200 uri=/api/v1/status latency_human="187.382µs"
2026-07-12 03:57:00 |TRC| method=GET status=200 uri=/api/v1/status latency_human="219.932µs"
2026-07-12 03:57:02 |TRC| method=GET status=200 uri=/api/v1/status latency_human="281.608µs"
2026-07-12 03:57:04 |TRC| method=GET status=200 uri=/api/v1/status latency_human="220.253µs"
2026-07-12 03:57:06 |TRC| method=GET status=200 uri=/api/v1/status latency_human="179.637µs"
2026-07-12 03:57:08 |TRC| method=GET status=200 uri=/api/v1/status latency_human="162.214µs"
2026-07-12 03:57:10 |TRC| method=GET status=200 uri=/api/v1/status latency_human="166.522µs"
2026-07-12 03:57:12 |TRC| method=GET status=200 uri=/api/v1/status latency_human="204.784µs"
2026-07-12 03:57:14 |TRC| method=GET status=200 uri=/api/v1/status latency_human="150.432µs"
2026-07-12 03:57:16 |TRC| method=GET status=200 uri=/api/v1/status latency_human="180.157µs"
2026-07-12 03:57:18 |TRC| method=GET status=200 uri=/api/v1/status latency_human="165.841µs"
2026-07-12 03:57:20 |TRC| method=GET status=200 uri=/api/v1/status latency_human="230.432µs"
2026-07-12 03:57:22 |TRC| method=GET status=200 uri=/api/v1/status latency_human="193.002µs"
2026-07-12 03:57:24 |TRC| method=GET status=200 uri=/api/v1/status latency_human="167.674µs"
2026-07-12 03:57:26 |TRC| method=GET status=200 uri=/api/v1/status latency_human="131.967µs"
2026-07-12 03:57:28 |TRC| method=GET status=200 uri=/api/v1/status latency_human="238.767µs"
2026-07-12 03:57:30 |TRC| method=GET status=200 uri=/api/v1/status latency_human="127.209µs"
2026-07-12 03:57:32 |TRC| method=GET status=200 uri=/api/v1/status latency_human="159.529µs"
2026-07-12 03:57:34 |TRC| method=GET status=200 uri=/api/v1/status latency_human="178.645µs"
2026-07-12 03:57:36 |TRC| method=GET status=200 uri=/api/v1/status latency_human="180.479µs"
2026-07-12 03:57:38 |TRC| method=GET status=200 uri=/api/v1/status latency_human="154.16µs"
2026-07-12 03:57:40 |TRC| method=GET status=200 uri=/api/v1/status latency_human="162.926µs"
2026-07-12 03:57:42 |TRC| method=GET status=200 uri=/api/v1/status latency_human="174.367µs"
2026-07-12 03:57:44 |TRC| method=GET status=200 uri=/api/v1/status latency_human="172.603µs"
2026-07-12 03:57:46 |TRC| method=GET status=200 uri=/api/v1/status latency_human="222.968µs"
2026-07-12 03:57:48 |TRC| method=GET status=200 uri=/api/v1/status latency_human="146.696µs"
2026-07-12 03:57:50 |TRC| method=GET status=200 uri=/api/v1/status latency_human="198.262µs"
2026-07-12 03:57:52 |TRC| method=GET status=200 uri=/api/v1/status latency_human="172.293µs"
2026-07-12 03:57:54 |TRC| method=GET status=200 uri=/api/v1/status latency_human="246.572µs"
2026-07-12 03:57:56 |TRC| method=GET status=200 uri=/api/v1/status latency_human="240.181µs"
2026-07-12 03:57:58 |TRC| method=GET status=200 uri=/api/v1/status latency_human="258.325µs"
2026-07-12 03:58:00 |TRC| method=GET status=200 uri=/api/v1/status latency_human="128.732µs"
2026-07-12 03:58:02 |TRC| method=GET status=200 uri=/api/v1/status latency_human="179.096µs"
2026-07-12 03:58:04 |TRC| method=GET status=200 uri=/api/v1/status latency_human="153.839µs"
2026-07-12 03:58:06 |TRC| method=GET status=200 uri=/api/v1/status latency_human="122.881µs"
2026-07-12 03:58:08 |TRC| method=GET status=200 uri=/api/v1/status latency_human="207.469µs"
2026-07-12 03:58:10 |TRC| method=GET status=200 uri=/api/v1/status latency_human="226.905µs"
2026-07-12 03:58:12 |TRC| method=GET status=200 uri=/api/v1/status latency_human="175.72µs"
2026-07-12 03:58:14 |TRC| method=GET status=200 uri=/api/v1/status latency_human="179.937µs"
2026-07-12 03:58:16 |TRC| method=GET status=200 uri=/api/v1/status latency_human="233.037µs"
2026-07-12 03:58:18 |TRC| method=GET status=200 uri=/api/v1/status latency_human="251.531µs"
2026-07-12 03:58:20 |TRC| method=GET status=200 uri=/api/v1/status latency_human="162.825µs"
2026-07-12 03:58:22 |TRC| method=GET status=200 uri=/api/v1/status latency_human="166.432µs"
2026-07-12 03:58:24 |TRC| method=GET status=200 uri=/api/v1/status latency_human="239.78µs"
2026-07-12 03:58:26 |TRC| method=GET status=200 uri=/api/v1/status latency_human="187.893µs"
2026-07-12 03:58:28 |TRC| method=GET status=200 uri=/api/v1/status latency_human="220.794µs"
2026-07-12 03:58:30 |TRC| method=GET status=200 uri=/api/v1/status latency_human="185.458µs"
2026-07-12 03:58:32 |TRC| method=GET status=200 uri=/api/v1/status latency_human="177.784µs"
2026-07-12 03:58:34 |TRC| method=GET status=200 uri=/api/v1/status latency_human="147.787µs"
2026-07-12 03:58:36 |TRC| method=GET status=200 uri=/api/v1/status latency_human="241.963µs"
2026-07-12 03:58:38 |TRC| method=GET status=200 uri=/api/v1/status latency_human="170.48µs"
2026-07-12 03:58:40 |TRC| method=GET status=200 uri=/api/v1/status latency_human="283.431µs"
2026-07-12 03:58:42 |TRC| method=GET status=200 uri=/api/v1/status latency_human="155.031µs"
2026-07-12 03:58:44 |TRC| method=GET status=200 uri=/api/v1/status latency_human="225.653µs"
2026-07-12 03:58:46 |TRC| method=GET status=200 uri=/api/v1/status latency_human="176.071µs"
2026-07-12 03:58:48 |TRC| method=GET status=200 uri=/api/v1/status latency_human="144.19µs"
2026-07-12 03:58:50 |TRC| method=GET status=200 uri=/api/v1/status latency_human="140.854µs"
2026-07-12 03:58:52 |TRC| method=GET status=200 uri=/api/v1/status latency_human="145.963µs"
2026-07-12 03:58:54 |TRC| method=GET status=200 uri=/api/v1/status latency_human="155.903µs"
2026-07-12 03:58:56 |TRC| method=GET status=200 uri=/api/v1/status latency_human="224.1µs"
2026-07-12 03:58:58 |TRC| method=GET status=200 uri=/api/v1/status latency_human="194.695µs"
2026-07-12 03:59:00 |TRC| method=GET status=200 uri=/api/v1/status latency_human="125.866µs"
2026-07-12 03:59:02 |TRC| method=GET status=200 uri=/api/v1/status latency_human="190.457µs"
2026-07-12 03:59:04 |TRC| method=GET status=200 uri=/api/v1/status latency_human="170.039µs"
2026-07-12 03:59:06 |TRC| method=GET status=200 uri=/api/v1/status latency_human="158.597µs"
2026-07-12 03:59:08 |TRC| method=GET status=200 uri=/api/v1/status latency_human="230.653µs"
2026-07-12 03:59:10 |TRC| method=GET status=200 uri=/api/v1/status latency_human="148.969µs"
2026-07-12 03:59:12 |TRC| method=GET status=200 uri=/api/v1/status latency_human="265.358µs"
2026-07-12 03:59:14 |TRC| method=GET status=200 uri=/api/v1/status latency_human="144.14µs"
2026-07-12 03:59:16 |TRC| method=GET status=200 uri=/api/v1/status latency_human="129.433µs"
2026-07-12 03:59:18 |TRC| method=GET status=200 uri=/api/v1/status latency_human="166.352µs"
2026-07-12 03:59:20 |TRC| method=GET status=200 uri=/api/v1/status latency_human="256.07µs"
2026-07-12 03:59:22 |TRC| method=GET status=200 uri=/api/v1/status latency_human="157.375µs"
2026-07-12 03:59:24 |TRC| method=GET status=200 uri=/api/v1/status latency_human="238.417µs"
2026-07-12 03:59:26 |TRC| method=GET status=200 uri=/api/v1/status latency_human="123.702µs"
2026-07-12 03:59:28 |TRC| method=GET status=200 uri=/api/v1/status latency_human="519.624µs"
2026-07-12 03:59:30 |TRC| method=GET status=200 uri=/api/v1/status latency_human="203.141µs"
2026-07-12 03:59:32 |TRC| method=GET status=200 uri=/api/v1/status latency_human="233.638µs"
2026-07-12 03:59:34 |TRC| method=GET status=200 uri=/api/v1/status latency_human="174.116µs"
2026-07-12 03:59:36 |TRC| method=GET status=200 uri=/api/v1/status latency_human="506.069µs"
2026-07-12 03:59:38 |TRC| method=GET status=200 uri=/api/v1/status latency_human="226.154µs"
2026-07-12 03:59:40 |TRC| method=GET status=200 uri=/api/v1/status latency_human="144.46µs"
2026-07-12 03:59:42 |TRC| method=GET status=200 uri=/api/v1/status latency_human="132.94µs"
2026-07-12 03:59:44 |TRC| method=GET status=200 uri=/api/v1/status latency_human="153.568µs"
2026-07-12 03:59:46 |TRC| method=GET status=200 uri=/api/v1/status latency_human="202.871µs"
2026-07-12 03:59:48 |TRC| method=GET status=200 uri=/api/v1/status latency_human="359.284µs"
2026-07-12 03:59:50 |TRC| method=GET status=200 uri=/api/v1/status latency_human="244.508µs"
2026-07-12 03:59:52 |TRC| method=GET status=200 uri=/api/v1/status latency_human="157.756µs"
2026-07-12 03:59:54 |TRC| method=GET status=200 uri=/api/v1/status latency_human="207.038µs"
2026-07-12 03:59:56 |TRC| method=GET status=200 uri=/api/v1/status latency_human="227.176µs"
2026-07-12 03:59:58 |TRC| method=GET status=200 uri=/api/v1/status latency_human="132.859µs"
2026-07-12 04:00:00 |TRC| method=GET status=200 uri=/api/v1/status latency_human="233.097µs"
2026-07-12 04:00:02 |TRC| method=GET status=200 uri=/api/v1/status latency_human="166.351µs"
2026-07-12 04:00:04 |TRC| method=GET status=200 uri=/api/v1/status latency_human="151.083µs"
2026-07-12 04:00:06 |TRC| method=GET status=200 uri=/api/v1/status latency_human="200.405µs"
2026-07-12 04:00:08 |TRC| method=GET status=200 uri=/api/v1/status latency_human="149.661µs"
2026-07-12 04:00:10 |TRC| method=GET status=200 uri=/api/v1/status latency_human="133.911µs"
2026-07-12 04:00:12 |TRC| method=GET status=200 uri=/api/v1/status latency_human="167.905µs"
2026-07-12 04:00:14 |TRC| method=GET status=200 uri=/api/v1/status latency_human="168.576µs"
2026-07-12 04:00:16 |TRC| method=GET status=200 uri=/api/v1/status latency_human="155.481µs"
2026-07-12 04:00:18 |TRC| method=GET status=200 uri=/api/v1/status latency_human="146.334µs"
2026-07-12 04:00:20 |TRC| method=GET status=200 uri=/api/v1/status latency_human="148.99µs"
2026-07-12 04:00:22 |TRC| method=GET status=200 uri=/api/v1/status latency_human="255.69µs"
2026-07-12 04:00:24 |TRC| method=GET status=200 uri=/api/v1/status latency_human="221.786µs"
2026-07-12 04:00:26 |TRC| method=GET status=200 uri=/api/v1/status latency_human="217.518µs"
2026-07-12 04:00:28 |TRC| method=GET status=200 uri=/api/v1/status latency_human="149.811µs"
2026-07-12 04:00:30 |TRC| method=GET status=200 uri=/api/v1/status latency_human="145.172µs"
2026-07-12 04:00:32 |TRC| method=GET status=200 uri=/api/v1/status latency_human="217.729µs"
2026-07-12 04:00:34 |TRC| method=GET status=200 uri=/api/v1/status latency_human="183.795µs"
2026-07-12 04:00:36 |TRC| method=GET status=200 uri=/api/v1/status latency_human="183.534µs"
2026-07-12 04:00:38 |TRC| method=GET status=200 uri=/api/v1/status latency_human="160.16µs"
2026-07-12 04:00:40 |TRC| method=GET status=200 uri=/api/v1/status latency_human="206.166µs"
2026-07-12 04:00:42 |TRC| method=GET status=200 uri=/api/v1/status latency_human="153.228µs"
2026-07-12 04:00:44 |TRC| method=GET status=200 uri=/api/v1/status latency_human="179.286µs"
2026-07-12 04:00:46 |TRC| method=GET status=200 uri=/api/v1/status latency_human="190.517µs"
2026-07-12 04:00:48 |TRC| method=GET status=200 uri=/api/v1/status latency_human="186.279µs"
2026-07-12 04:00:50 |TRC| method=GET status=200 uri=/api/v1/status latency_human="246.993µs"
2026-07-12 04:00:52 |TRC| method=GET status=200 uri=/api/v1/status latency_human="161.032µs"
2026-07-12 04:00:54 |TRC| method=GET status=200 uri=/api/v1/status latency_human="176.371µs"
2026-07-12 04:00:56 |TRC| method=GET status=200 uri=/api/v1/status latency_human="226.375µs"
2026-07-12 04:00:58 |TRC| method=GET status=200 uri=/api/v1/status latency_human="154.419µs"
2026-07-12 04:01:00 |TRC| method=GET status=200 uri=/api/v1/status latency_human="154.83µs"
2026-07-12 04:01:02 |TRC| method=GET status=200 uri=/api/v1/status latency_human=7.967329ms
2026-07-12 04:01:04 |TRC| method=GET status=200 uri=/api/v1/status latency_human="182.312µs"
2026-07-12 04:01:06 |TRC| method=GET status=200 uri=/api/v1/status latency_human="158.607µs"
2026-07-12 04:01:08 |TRC| method=GET status=200 uri=/api/v1/status latency_human="155.421µs"
2026-07-12 04:01:10 |TRC| method=GET status=200 uri=/api/v1/status latency_human="155.372µs"
2026-07-12 04:01:12 |TRC| method=GET status=200 uri=/api/v1/status latency_human="330.599µs"
2026-07-12 04:01:14 |TRC| method=GET status=200 uri=/api/v1/status latency_human="154.6µs"
2026-07-12 04:01:16 |TRC| method=GET status=200 uri=/api/v1/status latency_human="160.251µs"
2026-07-12 04:01:18 |TRC| method=GET status=200 uri=/api/v1/status latency_human="172.183µs"
2026-07-12 04:01:20 |TRC| method=GET status=200 uri=/api/v1/status latency_human="223.218µs"
2026-07-12 04:01:22 |TRC| method=GET status=200 uri=/api/v1/status latency_human="203.411µs"
2026-07-12 04:01:24 |TRC| method=GET status=200 uri=/api/v1/status latency_human="173.755µs"
2026-07-12 04:01:26 |TRC| method=GET status=200 uri=/api/v1/status latency_human="127.199µs"
2026-07-12 04:01:28 |TRC| method=GET status=200 uri=/api/v1/status latency_human="125.987µs"
2026-07-12 04:01:30 |TRC| method=GET status=200 uri=/api/v1/status latency_human="206.568µs"
2026-07-12 04:01:32 |TRC| method=GET status=200 uri=/api/v1/status latency_human="166.903µs"
2026-07-12 04:01:34 |TRC| method=GET status=200 uri=/api/v1/status latency_human="208.521µs"
2026-07-12 04:01:36 |TRC| method=GET status=200 uri=/api/v1/status latency_human="156.754µs"
2026-07-12 04:01:38 |TRC| method=GET status=200 uri=/api/v1/status latency_human="228.729µs"
2026-07-12 04:01:40 |TRC| method=GET status=200 uri=/api/v1/status latency_human="166.713µs"
2026-07-12 04:01:42 |TRC| method=GET status=200 uri=/api/v1/status latency_human="150.001µs"
2026-07-12 04:01:44 |TRC| method=GET status=200 uri=/api/v1/status latency_human="159.479µs"
2026-07-12 04:01:46 |TRC| method=GET status=200 uri=/api/v1/status latency_human="170.139µs"
2026-07-12 04:01:48 |TRC| method=GET status=200 uri=/api/v1/status latency_human="157.796µs"
2026-07-12 04:01:50 |TRC| method=GET status=200 uri=/api/v1/status latency_human="280.637µs"
2026-07-12 04:01:52 |TRC| method=GET status=200 uri=/api/v1/status latency_human="156.252µs"
2026-07-12 04:01:54 |TRC| method=GET status=200 uri=/api/v1/status latency_human="154.62µs"
2026-07-12 04:01:56 |TRC| method=GET status=200 uri=/api/v1/status latency_human="228.108µs"
2026-07-12 04:01:58 |TRC| method=GET status=200 uri=/api/v1/status latency_human="203.922µs"
2026-07-12 04:02:00 |TRC| method=GET status=200 uri=/api/v1/status latency_human="154.45µs"
2026-07-12 04:02:02 |TRC| method=GET status=200 uri=/api/v1/status latency_human="165.841µs"
2026-07-12 04:02:04 |TRC| method=GET status=200 uri=/api/v1/status latency_human="222.216µs"
2026-07-12 04:02:06 |TRC| method=GET status=200 uri=/api/v1/status latency_human="215.054µs"
2026-07-12 04:02:08 |TRC| method=GET status=200 uri=/api/v1/status latency_human="158.908µs"
2026-07-12 04:02:10 |TRC| method=GET status=200 uri=/api/v1/status latency_human="184.276µs"
2026-07-12 04:02:12 |TRC| method=GET status=200 uri=/api/v1/status latency_human="207.539µs"
2026-07-12 04:02:14 |TRC| method=GET status=200 uri=/api/v1/status latency_human="150.472µs"
2026-07-12 04:02:16 |TRC| method=GET status=200 uri=/api/v1/status latency_human="156.253µs"
2026-07-12 04:02:18 |TRC| method=GET status=200 uri=/api/v1/status latency_human="236.574µs"
2026-07-12 04:02:20 |TRC| method=GET status=200 uri=/api/v1/status latency_human="191.889µs"
2026-07-12 04:02:22 |TRC| method=GET status=200 uri=/api/v1/status latency_human="158.477µs"
2026-07-12 04:02:24 |TRC| method=GET status=200 uri=/api/v1/status latency_human="162.494µs"
2026-07-12 04:02:26 |TRC| method=GET status=200 uri=/api/v1/status latency_human="166.993µs"
2026-07-12 04:02:28 |TRC| method=GET status=200 uri=/api/v1/status latency_human="280.576µs"
2026-07-12 04:02:30 |TRC| method=GET status=200 uri=/api/v1/status latency_human="148.859µs"
2026-07-12 04:02:32 |TRC| method=GET status=200 uri=/api/v1/status latency_human="181µs"
2026-07-12 04:02:34 |TRC| method=GET status=200 uri=/api/v1/status latency_human="161.503µs"
2026-07-12 04:02:36 |TRC| method=GET status=200 uri=/api/v1/status latency_human="163.847µs"
2026-07-12 04:02:38 |TRC| method=GET status=200 uri=/api/v1/status latency_human="245.029µs"
2026-07-12 04:02:40 |TRC| method=GET status=200 uri=/api/v1/status latency_human="185.838µs"
2026-07-12 04:02:42 |TRC| method=GET status=200 uri=/api/v1/status latency_human="184.806µs"
2026-07-12 04:02:44 |TRC| method=GET status=200 uri=/api/v1/status latency_human="176.721µs"
2026-07-12 04:02:46 |TRC| method=GET status=200 uri=/api/v1/status latency_human="167.524µs"
2026-07-12 04:02:48 |TRC| method=GET status=200 uri=/api/v1/status latency_human="160.471µs"
2026-07-12 04:02:50 |TRC| method=GET status=200 uri=/api/v1/status latency_human="166.983µs"
2026-07-12 04:02:52 |TRC| method=GET status=200 uri=/api/v1/status latency_human="193.483µs"
2026-07-12 04:02:54 |TRC| method=GET status=200 uri=/api/v1/status latency_human="171.701µs"
2026-07-12 04:02:56 |TRC| method=GET status=200 uri=/api/v1/status latency_human="182.582µs"
2026-07-12 04:02:58 |TRC| method=GET status=200 uri=/api/v1/status latency_human="199.524µs"
2026-07-12 04:03:00 |TRC| method=GET status=200 uri=/api/v1/status latency_human="184.837µs"
2026-07-12 04:03:02 |TRC| method=GET status=200 uri=/api/v1/status latency_human="250.49µs"
2026-07-12 04:03:04 |TRC| method=GET status=200 uri=/api/v1/status latency_human="157.595µs"
2026-07-12 04:03:06 |TRC| method=GET status=200 uri=/api/v1/status latency_human="149.661µs"
2026-07-12 04:03:08 |TRC| method=GET status=200 uri=/api/v1/status latency_human="161.773µs"
2026-07-12 04:03:10 |TRC| method=GET status=200 uri=/api/v1/status latency_human="159.208µs"
2026-07-12 04:03:12 |TRC| method=GET status=200 uri=/api/v1/status latency_human="286.086µs"
2026-07-12 04:03:14 |TRC| method=GET status=200 uri=/api/v1/status latency_human="171.341µs"
2026-07-12 04:03:16 |TRC| method=GET status=200 uri=/api/v1/status latency_human="247.565µs"
2026-07-12 04:03:18 |TRC| method=GET status=200 uri=/api/v1/status latency_human="166.132µs"
2026-07-12 04:03:20 |TRC| method=GET status=200 uri=/api/v1/status latency_human="362.599µs"
2026-07-12 04:03:22 |TRC| method=GET status=200 uri=/api/v1/status latency_human="191.239µs"
2026-07-12 04:03:24 |TRC| method=GET status=200 uri=/api/v1/status latency_human="211.256µs"
2026-07-12 04:03:26 |TRC| method=GET status=200 uri=/api/v1/status latency_human="191.539µs"
2026-07-12 04:03:28 |TRC| method=GET status=200 uri=/api/v1/status latency_human="163.316µs"
2026-07-12 04:03:30 |TRC| method=GET status=200 uri=/api/v1/status latency_human="201.648µs"
2026-07-12 04:03:32 |TRC| method=GET status=200 uri=/api/v1/status latency_human="137.638µs"
2026-07-12 04:03:34 |TRC| method=GET status=200 uri=/api/v1/status latency_human="230.933µs"
2026-07-12 04:03:36 |TRC| method=GET status=200 uri=/api/v1/status latency_human="162.564µs"
2026-07-12 04:03:38 |TRC| method=GET status=200 uri=/api/v1/status latency_human="170.48µs"
2026-07-12 04:03:40 |TRC| method=GET status=200 uri=/api/v1/status latency_human="246.252µs"
2026-07-12 04:03:42 |TRC| method=GET status=200 uri=/api/v1/status latency_human="262.503µs"
2026-07-12 04:03:44 |TRC| method=GET status=200 uri=/api/v1/status latency_human="170.29µs"
2026-07-12 04:03:46 |TRC| method=GET status=200 uri=/api/v1/status latency_human="208.481µs"
2026-07-12 04:03:48 |TRC| method=GET status=200 uri=/api/v1/status latency_human="145.683µs"
2026-07-12 04:03:50 |TRC| method=GET status=200 uri=/api/v1/status latency_human="163.838µs"
2026-07-12 04:03:52 |TRC| method=GET status=200 uri=/api/v1/status latency_human="220.403µs"
2026-07-12 04:03:54 |TRC| method=GET status=200 uri=/api/v1/status latency_human="158.568µs"
2026-07-12 04:03:56 |TRC| method=GET status=200 uri=/api/v1/status latency_human="128.46µs"
2026-07-12 04:03:58 |TRC| method=GET status=200 uri=/api/v1/status latency_human="153.227µs"
2026-07-12 04:04:00 |TRC| method=GET status=200 uri=/api/v1/status latency_human="120.687µs"
2026-07-12 04:04:02 |TRC| method=GET status=200 uri=/api/v1/status latency_human="163.316µs"
2026-07-12 04:04:04 |TRC| method=GET status=200 uri=/api/v1/status latency_human="138.53µs"
2026-07-12 04:04:06 |TRC| method=GET status=200 uri=/api/v1/status latency_human="268.593µs"
2026-07-12 04:04:08 |TRC| method=GET status=200 uri=/api/v1/status latency_human="157.355µs"
2026-07-12 04:04:10 |TRC| method=GET status=200 uri=/api/v1/status latency_human="240.932µs"
2026-07-12 04:04:12 |TRC| method=GET status=200 uri=/api/v1/status latency_human="141.686µs"
2026-07-12 04:04:14 |TRC| method=GET status=200 uri=/api/v1/status latency_human="401.372µs"
2026-07-12 04:04:16 |TRC| method=GET status=200 uri=/api/v1/status latency_human="179.456µs"
2026-07-12 04:04:18 |TRC| method=GET status=200 uri=/api/v1/status latency_human="164.318µs"
2026-07-12 04:04:20 |TRC| method=GET status=200 uri=/api/v1/status latency_human="185.718µs"
2026-07-12 04:04:22 |TRC| method=GET status=200 uri=/api/v1/status latency_human="149.49µs"
2026-07-12 04:04:24 |TRC| method=GET status=200 uri=/api/v1/status latency_human="125.074µs"
2026-07-12 04:04:26 |TRC| method=GET status=200 uri=/api/v1/status latency_human="264.546µs"
2026-07-12 04:04:28 |TRC| method=GET status=200 uri=/api/v1/status latency_human="146.315µs"
2026-07-12 04:04:30 |TRC| method=GET status=200 uri=/api/v1/status latency_human="142.597µs"
2026-07-12 04:04:32 |TRC| method=GET status=200 uri=/api/v1/status latency_human="214.632µs"
2026-07-12 04:04:34 |TRC| method=GET status=200 uri=/api/v1/status latency_human="159.9µs"
2026-07-12 04:04:36 |TRC| method=GET status=200 uri=/api/v1/status latency_human="147.477µs"
2026-07-12 04:04:38 |TRC| method=GET status=200 uri=/api/v1/status latency_human="190.457µs"
2026-07-12 04:04:40 |TRC| method=GET status=200 uri=/api/v1/status latency_human="181.139µs"
2026-07-12 04:04:42 |TRC| method=GET status=200 uri=/api/v1/status latency_human="162.675µs"
2026-07-12 04:04:44 |TRC| method=GET status=200 uri=/api/v1/status latency_human="160.942µs"
2026-07-12 04:04:46 |TRC| method=GET status=200 uri=/api/v1/status latency_human="131.997µs"
2026-07-12 04:04:48 |TRC| method=GET status=200 uri=/api/v1/status latency_human="165.45µs"
2026-07-12 04:04:50 |TRC| method=GET status=200 uri=/api/v1/status latency_human="216.235µs"
2026-07-12 04:04:52 |TRC| method=GET status=200 uri=/api/v1/status latency_human="194.605µs"
2026-07-12 04:04:54 |TRC| method=GET status=200 uri=/api/v1/status latency_human="183.354µs"
2026-07-12 04:04:56 |TRC| method=GET status=200 uri=/api/v1/status latency_human="122.32µs"
2026-07-12 04:04:58 |TRC| method=GET status=200 uri=/api/v1/status latency_human="142.618µs"
2026-07-12 04:05:00 |TRC| method=GET status=200 uri=/api/v1/status latency_human="213.019µs"
2026-07-12 04:05:02 |TRC| method=GET status=200 uri=/api/v1/status latency_human="135.824µs"
2026-07-12 04:05:04 |TRC| method=GET status=200 uri=/api/v1/status latency_human="148.889µs"
2026-07-12 04:05:06 |TRC| method=GET status=200 uri=/api/v1/status latency_human="521.608µs"
2026-07-12 04:05:08 |TRC| method=GET status=200 uri=/api/v1/status latency_human="164.919µs"
2026-07-12 04:05:10 |TRC| method=GET status=200 uri=/api/v1/status latency_human="230.211µs"
2026-07-12 04:05:12 |TRC| method=GET status=200 uri=/api/v1/status latency_human="154.079µs"
2026-07-12 04:05:14 |TRC| method=GET status=200 uri=/api/v1/status latency_human="146.805µs"
2026-07-12 04:05:16 |TRC| method=GET status=200 uri=/api/v1/status latency_human=2.113553ms
2026-07-12 04:05:18 |TRC| method=GET status=200 uri=/api/v1/status latency_human="285.675µs"
2026-07-12 04:05:20 |TRC| method=GET status=200 uri=/api/v1/status latency_human="308.829µs"
2026-07-12 04:05:22 |TRC| method=GET status=200 uri=/api/v1/status latency_human="212.048µs"
2026-07-12 04:05:24 |TRC| method=GET status=200 uri=/api/v1/status latency_human="240.672µs"
2026-07-12 04:05:26 |TRC| method=GET status=200 uri=/api/v1/status latency_human="237.215µs"
2026-07-12 04:05:28 |TRC| method=GET status=200 uri=/api/v1/status latency_human="529.593µs"
2026-07-12 04:05:30 |TRC| method=GET status=200 uri=/api/v1/status latency_human="218.83µs"
2026-07-12 04:05:32 |TRC| method=GET status=200 uri=/api/v1/status latency_human="230.141µs"
2026-07-12 04:05:34 |TRC| method=GET status=200 uri=/api/v1/status latency_human="233.478µs"
2026-07-12 04:05:36 |TRC| method=GET status=200 uri=/api/v1/status latency_human="196.538µs"
2026-07-12 04:05:38 |TRC| method=GET status=200 uri=/api/v1/status latency_human="252.403µs"
2026-07-12 04:05:40 |TRC| method=GET status=200 uri=/api/v1/status latency_human="206.938µs"
2026-07-12 04:05:42 |TRC| method=GET status=200 uri=/api/v1/status latency_human="188.454µs"
2026-07-12 04:05:44 |TRC| method=GET status=200 uri=/api/v1/status latency_human="201.608µs"
2026-07-12 04:05:46 |TRC| method=GET status=200 uri=/api/v1/status latency_human="226.785µs"
2026-07-12 04:05:48 |TRC| method=GET status=200 uri=/api/v1/status latency_human="230.022µs"
2026-07-12 04:05:50 |TRC| method=GET status=200 uri=/api/v1/status latency_human="198.071µs"
2026-07-12 04:05:52 |TRC| method=GET status=200 uri=/api/v1/status latency_human="265.468µs"
2026-07-12 04:05:54 |TRC| method=GET status=200 uri=/api/v1/status latency_human="254.106µs"
2026-07-12 04:05:56 |TRC| method=GET status=200 uri=/api/v1/status latency_human="275.486µs"
2026-07-12 04:05:58 |TRC| method=GET status=200 uri=/api/v1/status latency_human="179.988µs"
2026-07-12 04:06:00 |TRC| method=GET status=200 uri=/api/v1/status latency_human="192.571µs"
2026-07-12 04:06:02 |TRC| method=GET status=200 uri=/api/v1/status latency_human="272.962µs"
2026-07-12 04:06:04 |TRC| method=GET status=200 uri=/api/v1/status latency_human="205.666µs"
2026-07-12 04:06:06 |TRC| method=GET status=200 uri=/api/v1/status latency_human="192.801µs"
2026-07-12 04:06:08 |TRC| method=GET status=200 uri=/api/v1/status latency_human="269.485µs"
2026-07-12 04:06:10 |TRC| method=GET status=200 uri=/api/v1/status latency_human="185.628µs"
2026-07-12 04:06:12 |TRC| method=GET status=200 uri=/api/v1/status latency_human="183.444µs"
2026-07-12 04:06:14 |TRC| method=GET status=200 uri=/api/v1/status latency_human="211.477µs"
2026-07-12 04:06:16 |TRC| method=GET status=200 uri=/api/v1/status latency_human="186.61µs"
2026-07-12 04:06:16 |DBG| anilist > Fetching anime collection
2026-07-12 04:06:17 |TRC| ws > Sending message type=check-for-announcements
2026-07-12 04:06:17 |INF| anilist > Successful Request rlr=29 rtt=573ms
2026-07-12 04:06:17 |TRC| ws > Sending message type=refreshed-anilist-anime-collection
2026-07-12 04:06:17 |DBG| anilist > Fetching manga collection
2026-07-12 04:06:17 |TRC| method=POST status=200 uri=/api/v1/announcements latency_human="233.758µs"
2026-07-12 04:06:17 |TRC| method=GET status=200 uri=/api/v1/library/collection latency_human="162.625µs"
2026-07-12 04:06:17 |TRC| method=GET status=200 uri=/api/v1/library/collection latency_human="114.214µs"
2026-07-12 04:06:17 |TRC| method=GET status=200 uri=/api/v1/anilist/collection latency_human="117.541µs"
2026-07-12 04:06:17 |TRC| method=GET status=200 uri=/api/v1/anilist/collection latency_human="129.803µs"
2026-07-12 04:06:17 |TRC| anilist platform > Fetching anime mediaId=196017
2026-07-12 04:06:17 |INF| anilist > Successful Request rlr=28 rtt=319ms
2026-07-12 04:06:17 |TRC| ws > Sending message type=refreshed-anilist-manga-collection
2026-07-12 04:06:17 |TRC| method=GET status=200 uri=/api/v1/manga/collection latency_human=1.043907ms
2026-07-12 04:06:17 |TRC| method=GET status=200 uri=/api/v1/manga/collection latency_human="123.181µs"
2026-07-12 04:06:17 |INF| anilist > Successful Request rlr=27 rtt=370ms
2026-07-12 04:06:17 |TRC| method=GET status=200 uri=/api/v1/library/anime-entry/196017 latency_human=374.391455ms
2026-07-12 04:06:17 |TRC| anilist platform > Fetching anime mediaId=196017
2026-07-12 04:06:17 |TRC| anilist platform > Returning anime from cache
2026-07-12 04:06:17 |TRC| method=GET status=200 uri=/api/v1/library/anime-entry/196017 latency_human=3.439318ms
2026-07-12 04:06:17 |TRC| method=GET status=200 uri=/api/v1/library/missing-episodes latency_human="300.123µs"
2026-07-12 04:06:17 |TRC| method=GET status=200 uri=/api/v1/library/missing-episodes latency_human="104.646µs"
2026-07-12 04:06:18 |TRC| method=GET status=200 uri=/api/v1/status latency_human="176.981µs"
2026-07-12 04:06:20 |TRC| method=GET status=200 uri=/api/v1/status latency_human="200.827µs"
2026-07-12 04:06:22 |TRC| method=GET status=200 uri=/api/v1/status latency_human="181.27µs"
2026-07-12 04:06:24 |TRC| method=GET status=200 uri=/api/v1/status latency_human="236.955µs"
2026-07-12 04:06:26 |TRC| method=GET status=200 uri=/api/v1/status latency_human="213.07µs"
2026-07-12 04:06:28 |TRC| method=GET status=200 uri=/api/v1/status latency_human="229.771µs"
2026-07-12 04:06:30 |TRC| method=GET status=200 uri=/api/v1/status latency_human="195.427µs"
2026-07-12 04:06:32 |TRC| method=GET status=200 uri=/api/v1/status latency_human="279.063µs"
2026-07-12 04:06:34 |TRC| method=GET status=200 uri=/api/v1/status latency_human="313.498µs"
2026-07-12 04:06:36 |TRC| method=GET status=200 uri=/api/v1/status latency_human="186.61µs"
2026-07-12 04:06:38 |TRC| method=GET status=200 uri=/api/v1/status latency_human="275.827µs"
2026-07-12 04:06:40 |TRC| method=GET status=200 uri=/api/v1/status latency_human="308.108µs"
2026-07-12 04:06:42 |TRC| method=GET status=200 uri=/api/v1/status latency_human="293.651µs"
2026-07-12 04:06:44 |TRC| method=GET status=200 uri=/api/v1/status latency_human="177.343µs"
2026-07-12 04:06:46 |TRC| method=GET status=200 uri=/api/v1/status latency_human="200.697µs"
2026-07-12 04:06:48 |TRC| method=GET status=200 uri=/api/v1/status latency_human="251.652µs"
2026-07-12 04:06:50 |TRC| method=GET status=200 uri=/api/v1/status latency_human="194.084µs"
2026-07-12 04:06:52 |TRC| method=GET status=200 uri=/api/v1/status latency_human="832.872µs"
2026-07-12 04:06:54 |TRC| method=GET status=200 uri=/api/v1/status latency_human="189.405µs"
2026-07-12 04:06:56 |TRC| method=GET status=200 uri=/api/v1/status latency_human="213.571µs"
2026-07-12 04:06:58 |TRC| method=GET status=200 uri=/api/v1/status latency_human="209.333µs"
2026-07-12 04:07:00 |TRC| method=GET status=200 uri=/api/v1/status latency_human="240.24µs"
2026-07-12 04:07:02 |TRC| method=GET status=200 uri=/api/v1/status latency_human="210.174µs"
2026-07-12 04:07:04 |TRC| method=GET status=200 uri=/api/v1/status latency_human="232.466µs"
2026-07-12 04:07:06 |TRC| method=GET status=200 uri=/api/v1/status latency_human="238.007µs"
2026-07-12 04:07:08 |TRC| method=GET status=200 uri=/api/v1/status latency_human="246.823µs"
2026-07-12 04:07:10 |TRC| method=GET status=200 uri=/api/v1/status latency_human="218.931µs"
2026-07-12 04:07:12 |TRC| method=GET status=200 uri=/api/v1/status latency_human="207.8µs"
2026-07-12 04:07:14 |TRC| method=GET status=200 uri=/api/v1/status latency_human="207.89µs"
2026-07-12 04:07:16 |TRC| method=GET status=200 uri=/api/v1/status latency_human="196.267µs"
2026-07-12 04:07:18 |TRC| method=GET status=200 uri=/api/v1/status latency_human="238.136µs"
2026-07-12 04:07:20 |TRC| method=GET status=200 uri=/api/v1/status latency_human="270.698µs"
2026-07-12 04:07:22 |TRC| method=GET status=200 uri=/api/v1/status latency_human="227.437µs"
2026-07-12 04:07:24 |TRC| method=GET status=200 uri=/api/v1/status latency_human="231.414µs"
2026-07-12 04:07:26 |TRC| method=GET status=200 uri=/api/v1/status latency_human="257.423µs"
2026-07-12 04:07:28 |TRC| method=GET status=200 uri=/api/v1/status latency_human="215.444µs"
2026-07-12 04:07:30 |TRC| method=GET status=200 uri=/api/v1/status latency_human="211.827µs"
2026-07-12 04:07:32 |TRC| method=GET status=200 uri=/api/v1/status latency_human="197.721µs"
2026-07-12 04:07:34 |TRC| method=GET status=200 uri=/api/v1/status latency_human="325.49µs"
2026-07-12 04:07:36 |TRC| method=GET status=200 uri=/api/v1/status latency_human="255.809µs"
2026-07-12 04:07:38 |TRC| method=GET status=200 uri=/api/v1/status latency_human="249.618µs"
2026-07-12 04:07:40 |TRC| method=GET status=200 uri=/api/v1/status latency_human="194.284µs"
2026-07-12 04:07:42 |TRC| method=GET status=200 uri=/api/v1/status latency_human="197.911µs"
2026-07-12 04:07:44 |TRC| method=GET status=200 uri=/api/v1/status latency_human="185.437µs"
2026-07-12 04:07:46 |TRC| method=GET status=200 uri=/api/v1/status latency_human="228.859µs"
2026-07-12 04:07:48 |TRC| method=GET status=200 uri=/api/v1/status latency_human="247.714µs"
2026-07-12 04:07:50 |TRC| method=GET status=200 uri=/api/v1/status latency_human="226.795µs"
2026-07-12 04:07:52 |TRC| method=GET status=200 uri=/api/v1/status latency_human="245.4µs"
2026-07-12 04:07:54 |TRC| method=GET status=200 uri=/api/v1/status latency_human="205.766µs"
2026-07-12 04:07:56 |TRC| method=GET status=200 uri=/api/v1/status latency_human="176.26µs"
2026-07-12 04:07:58 |TRC| method=GET status=200 uri=/api/v1/status latency_human="241.412µs"
2026-07-12 04:08:00 |TRC| method=GET status=200 uri=/api/v1/status latency_human="194.455µs"
2026-07-12 04:08:02 |TRC| method=GET status=200 uri=/api/v1/status latency_human="233.548µs"
2026-07-12 04:08:04 |TRC| method=GET status=200 uri=/api/v1/status latency_human="224.28µs"
2026-07-12 04:08:06 |TRC| method=GET status=200 uri=/api/v1/status latency_human="237.395µs"
2026-07-12 04:08:08 |TRC| method=GET status=200 uri=/api/v1/status latency_human="277.681µs"
2026-07-12 04:08:10 |TRC| method=GET status=200 uri=/api/v1/status latency_human="154.289µs"
2026-07-12 04:08:12 |TRC| method=GET status=200 uri=/api/v1/status latency_human="190.707µs"
2026-07-12 04:08:14 |TRC| method=GET status=200 uri=/api/v1/status latency_human="208.551µs"
2026-07-12 04:08:16 |TRC| method=GET status=200 uri=/api/v1/status latency_human="229.01µs"
2026-07-12 04:08:18 |TRC| method=GET status=200 uri=/api/v1/status latency_human="211.587µs"
2026-07-12 04:08:20 |TRC| method=GET status=200 uri=/api/v1/status latency_human="184.205µs"
2026-07-12 04:08:22 |TRC| method=GET status=200 uri=/api/v1/status latency_human="293.03µs"
2026-07-12 04:08:24 |TRC| method=GET status=200 uri=/api/v1/status latency_human="212.598µs"
2026-07-12 04:08:26 |TRC| method=GET status=200 uri=/api/v1/status latency_human="275.436µs"
2026-07-12 04:08:28 |TRC| method=GET status=200 uri=/api/v1/status latency_human="257.482µs"
2026-07-12 04:08:30 |TRC| method=GET status=200 uri=/api/v1/status latency_human="247.654µs"
2026-07-12 04:08:32 |TRC| method=GET status=200 uri=/api/v1/status latency_human="247.264µs"
2026-07-12 04:08:34 |TRC| method=GET status=200 uri=/api/v1/status latency_human="231.774µs"
2026-07-12 04:08:36 |TRC| method=GET status=200 uri=/api/v1/status latency_human="197.761µs"
2026-07-12 04:08:38 |TRC| method=GET status=200 uri=/api/v1/status latency_human="214.483µs"
2026-07-12 04:08:40 |TRC| method=GET status=200 uri=/api/v1/status latency_human="250.91µs"
2026-07-12 04:08:42 |TRC| method=GET status=200 uri=/api/v1/status latency_human="206.527µs"
2026-07-12 04:08:44 |TRC| method=GET status=200 uri=/api/v1/status latency_human="203.952µs"
2026-07-12 04:08:46 |TRC| method=GET status=200 uri=/api/v1/status latency_human="225.803µs"
2026-07-12 04:08:48 |TRC| method=GET status=200 uri=/api/v1/status latency_human="208.551µs"
2026-07-12 04:08:50 |TRC| method=GET status=200 uri=/api/v1/status latency_human="204.754µs"
2026-07-12 04:08:52 |TRC| method=GET status=200 uri=/api/v1/status latency_human="218.49µs"
2026-07-12 04:08:54 |TRC| method=GET status=200 uri=/api/v1/status latency_human="250.099µs"
2026-07-12 04:08:56 |TRC| method=GET status=200 uri=/api/v1/status latency_human="196.689µs"
2026-07-12 04:08:58 |TRC| method=GET status=200 uri=/api/v1/status latency_human="259.406µs"
2026-07-12 04:09:00 |TRC| method=GET status=200 uri=/api/v1/status latency_human="246.042µs"
2026-07-12 04:09:02 |TRC| method=GET status=200 uri=/api/v1/status latency_human="206.728µs"
2026-07-12 04:09:04 |TRC| method=GET status=200 uri=/api/v1/status latency_human="194.154µs"
2026-07-12 04:09:06 |TRC| method=GET status=200 uri=/api/v1/status latency_human="220.363µs"
2026-07-12 04:09:08 |TRC| method=GET status=200 uri=/api/v1/status latency_human="195.075µs"
2026-07-12 04:09:10 |TRC| method=GET status=200 uri=/api/v1/status latency_human="196.237µs"
2026-07-12 04:09:12 |TRC| method=GET status=200 uri=/api/v1/status latency_human="211.817µs"
2026-07-12 04:09:14 |TRC| method=GET status=200 uri=/api/v1/status latency_human="231.484µs"
2026-07-12 04:09:16 |TRC| method=GET status=200 uri=/api/v1/status latency_human="227.136µs"
2026-07-12 04:09:18 |TRC| method=GET status=200 uri=/api/v1/status latency_human="256.981µs"
2026-07-12 04:09:20 |TRC| method=GET status=200 uri=/api/v1/status latency_human="366.948µs"
2026-07-12 04:09:22 |TRC| method=GET status=200 uri=/api/v1/status latency_human="217.338µs"
2026-07-12 04:09:24 |TRC| method=GET status=200 uri=/api/v1/status latency_human="287.92µs"
2026-07-12 04:09:26 |TRC| method=GET status=200 uri=/api/v1/status latency_human="214.021µs"
2026-07-12 04:09:28 |TRC| method=GET status=200 uri=/api/v1/status latency_human="213.941µs"
2026-07-12 04:09:30 |TRC| method=GET status=200 uri=/api/v1/status latency_human="351.489µs"
2026-07-12 04:09:32 |TRC| method=GET status=200 uri=/api/v1/status latency_human="248.566µs"
2026-07-12 04:09:34 |TRC| method=GET status=200 uri=/api/v1/status latency_human="251.401µs"
2026-07-12 04:09:36 |TRC| method=GET status=200 uri=/api/v1/status latency_human="756.057µs"
2026-07-12 04:09:38 |TRC| method=GET status=200 uri=/api/v1/status latency_human="243.156µs"
2026-07-12 04:09:40 |TRC| method=GET status=200 uri=/api/v1/status latency_human="266.66µs"
2026-07-12 04:09:42 |TRC| method=GET status=200 uri=/api/v1/status latency_human="249.477µs"
2026-07-12 04:09:44 |TRC| method=GET status=200 uri=/api/v1/status latency_human="284.673µs"
2026-07-12 04:09:46 |TRC| method=GET status=200 uri=/api/v1/status latency_human="224.01µs"
2026-07-12 04:09:48 |TRC| method=GET status=200 uri=/api/v1/status latency_human="241.202µs"
2026-07-12 04:09:50 |TRC| method=GET status=200 uri=/api/v1/status latency_human=2.893244ms
2026-07-12 04:09:52 |TRC| method=GET status=200 uri=/api/v1/status latency_human="303.549µs"
2026-07-12 04:09:54 |TRC| method=GET status=200 uri=/api/v1/status latency_human="289.372µs"
2026-07-12 04:09:56 |TRC| method=GET status=200 uri=/api/v1/status latency_human="242.515µs"
2026-07-12 04:09:58 |TRC| method=GET status=200 uri=/api/v1/status latency_human="337.964µs"
2026-07-12 04:10:00 |TRC| method=GET status=200 uri=/api/v1/status latency_human="357.09µs"
2026-07-12 04:10:02 |TRC| method=GET status=200 uri=/api/v1/status latency_human="280.746µs"
2026-07-12 04:10:04 |TRC| method=GET status=200 uri=/api/v1/status latency_human="287.399µs"
2026-07-12 04:10:06 |TRC| method=GET status=200 uri=/api/v1/status latency_human="282.34µs"
2026-07-12 04:10:08 |TRC| method=GET status=200 uri=/api/v1/status latency_human="257.322µs"
2026-07-12 04:10:10 |TRC| method=GET status=200 uri=/api/v1/status latency_human="278.131µs"
2026-07-12 04:10:12 |TRC| method=GET status=200 uri=/api/v1/status latency_human="190.958µs"
2026-07-12 04:10:14 |TRC| method=GET status=200 uri=/api/v1/status latency_human="209.413µs"
2026-07-12 04:10:16 |TRC| method=GET status=200 uri=/api/v1/status latency_human="261.891µs"
2026-07-12 04:10:18 |TRC| method=GET status=200 uri=/api/v1/status latency_human="258.885µs"
2026-07-12 04:10:20 |TRC| method=GET status=200 uri=/api/v1/status latency_human="263.504µs"
2026-07-12 04:10:22 |TRC| method=GET status=200 uri=/api/v1/status latency_human="200.786µs"
2026-07-12 04:10:24 |TRC| method=GET status=200 uri=/api/v1/status latency_human="199.033µs"
2026-07-12 04:10:26 |TRC| method=GET status=200 uri=/api/v1/status latency_human="200.786µs"
2026-07-12 04:10:28 |TRC| method=GET status=200 uri=/api/v1/status latency_human="255.349µs"
2026-07-12 04:10:30 |TRC| method=GET status=200 uri=/api/v1/status latency_human="161.052µs"
2026-07-12 04:10:32 |TRC| method=GET status=200 uri=/api/v1/status latency_human="342.862µs"
2026-07-12 04:10:34 |TRC| method=GET status=200 uri=/api/v1/status latency_human="294.272µs"
2026-07-12 04:10:36 |TRC| method=GET status=200 uri=/api/v1/status latency_human="255.318µs"
2026-07-12 04:10:38 |TRC| method=GET status=200 uri=/api/v1/status latency_human="281.107µs"
2026-07-12 04:10:40 |TRC| method=GET status=200 uri=/api/v1/status latency_human="300.142µs"
2026-07-12 04:10:42 |TRC| method=GET status=200 uri=/api/v1/status latency_human="237.445µs"
2026-07-12 04:10:44 |TRC| method=GET status=200 uri=/api/v1/status latency_human="267.832µs"
2026-07-12 04:10:46 |TRC| method=GET status=200 uri=/api/v1/status latency_human="248.636µs"
2026-07-12 04:10:48 |TRC| method=GET status=200 uri=/api/v1/status latency_human="336.211µs"
2026-07-12 04:10:50 |TRC| method=GET status=200 uri=/api/v1/status latency_human="266.83µs"
2026-07-12 04:10:52 |TRC| method=GET status=200 uri=/api/v1/status latency_human="223.99µs"
2026-07-12 04:10:54 |TRC| method=GET status=200 uri=/api/v1/status latency_human="181.179µs"
2026-07-12 04:10:56 |TRC| method=GET status=200 uri=/api/v1/status latency_human="214.712µs"
2026-07-12 04:10:58 |TRC| method=GET status=200 uri=/api/v1/status latency_human="231.344µs"
2026-07-12 04:11:00 |TRC| method=GET status=200 uri=/api/v1/status latency_human="222.146µs"
2026-07-12 04:11:02 |TRC| method=GET status=200 uri=/api/v1/status latency_human="310.663µs"
2026-07-12 04:11:04 |TRC| method=GET status=200 uri=/api/v1/status latency_human="261.761µs"
2026-07-12 04:11:06 |TRC| method=GET status=200 uri=/api/v1/status latency_human="257.282µs"
2026-07-12 04:11:08 |TRC| method=GET status=200 uri=/api/v1/status latency_human="228.739µs"
2026-07-12 04:11:10 |TRC| method=GET status=200 uri=/api/v1/status latency_human="194.835µs"
2026-07-12 04:11:12 |TRC| method=GET status=200 uri=/api/v1/status latency_human="227.005µs"
2026-07-12 04:11:14 |TRC| method=GET status=200 uri=/api/v1/status latency_human="380.623µs"
2026-07-12 04:11:16 |TRC| method=GET status=200 uri=/api/v1/status latency_human="237.736µs"
2026-07-12 04:11:18 |TRC| method=GET status=200 uri=/api/v1/status latency_human="360.907µs"
2026-07-12 04:11:20 |TRC| method=GET status=200 uri=/api/v1/status latency_human="328.205µs"
2026-07-12 04:11:22 |TRC| method=GET status=200 uri=/api/v1/status latency_human="209.282µs"
2026-07-12 04:11:24 |TRC| method=GET status=200 uri=/api/v1/status latency_human="178.415µs"
2026-07-12 04:11:26 |TRC| method=GET status=200 uri=/api/v1/status latency_human="175.9µs"
2026-07-12 04:11:28 |TRC| method=GET status=200 uri=/api/v1/status latency_human="276.959µs"
2026-07-12 04:11:30 |TRC| method=GET status=200 uri=/api/v1/status latency_human="233.758µs"
2026-07-12 04:11:32 |TRC| method=GET status=200 uri=/api/v1/status latency_human="273.973µs"
2026-07-12 04:11:34 |TRC| method=GET status=200 uri=/api/v1/status latency_human="202.259µs"
2026-07-12 04:11:36 |TRC| method=GET status=200 uri=/api/v1/status latency_human="239.87µs"
2026-07-12 04:11:38 |TRC| method=GET status=200 uri=/api/v1/status latency_human="288.941µs"
2026-07-12 04:11:40 |TRC| method=GET status=200 uri=/api/v1/status latency_human="228.798µs"
2026-07-12 04:11:42 |TRC| method=GET status=200 uri=/api/v1/status latency_human="210.846µs"
2026-07-12 04:11:44 |TRC| method=GET status=200 uri=/api/v1/status latency_human="204.273µs"
2026-07-12 04:11:46 |TRC| method=GET status=200 uri=/api/v1/status latency_human="235.442µs"
2026-07-12 04:11:48 |TRC| method=GET status=200 uri=/api/v1/status latency_human="221.104µs"
2026-07-12 04:11:50 |TRC| method=GET status=200 uri=/api/v1/status latency_human="190.266µs"
2026-07-12 04:11:52 |TRC| method=GET status=200 uri=/api/v1/status latency_human="160.771µs"
2026-07-12 04:11:54 |TRC| method=GET status=200 uri=/api/v1/status latency_human="237.876µs"
2026-07-12 04:11:56 |TRC| method=GET status=200 uri=/api/v1/status latency_human="333.455µs"
2026-07-12 04:11:58 |TRC| method=GET status=200 uri=/api/v1/status latency_human="258.153µs"
2026-07-12 04:12:00 |TRC| method=GET status=200 uri=/api/v1/status latency_human="235.401µs"
2026-07-12 04:12:02 |TRC| method=GET status=200 uri=/api/v1/status latency_human="197.821µs"
2026-07-12 04:12:04 |TRC| method=GET status=200 uri=/api/v1/status latency_human="158.978µs"
2026-07-12 04:12:06 |TRC| method=GET status=200 uri=/api/v1/status latency_human="132.358µs"
2026-07-12 04:12:08 |TRC| method=GET status=200 uri=/api/v1/status latency_human="173.125µs"
2026-07-12 04:12:10 |TRC| method=GET status=200 uri=/api/v1/status latency_human="238.898µs"
2026-07-12 04:12:12 |TRC| method=GET status=200 uri=/api/v1/status latency_human="182.893µs"
2026-07-12 04:12:14 |TRC| method=GET status=200 uri=/api/v1/status latency_human="242.955µs"
2026-07-12 04:12:16 |TRC| method=GET status=200 uri=/api/v1/status latency_human="174.638µs"
2026-07-12 04:12:18 |TRC| method=GET status=200 uri=/api/v1/status latency_human="213.28µs"
2026-07-12 04:12:20 |TRC| method=GET status=200 uri=/api/v1/status latency_human="204.223µs"
2026-07-12 04:12:22 |TRC| method=GET status=200 uri=/api/v1/status latency_human="240.571µs"
2026-07-12 04:12:24 |TRC| method=GET status=200 uri=/api/v1/status latency_human="229.66µs"
2026-07-12 04:12:26 |TRC| method=GET status=200 uri=/api/v1/status latency_human="278.853µs"
2026-07-12 04:12:28 |TRC| method=GET status=200 uri=/api/v1/status latency_human="255.9µs"
2026-07-12 04:12:30 |TRC| method=GET status=200 uri=/api/v1/status latency_human="149.23µs"
2026-07-12 04:12:32 |TRC| method=GET status=200 uri=/api/v1/status latency_human="136.626µs"
2026-07-12 04:12:34 |TRC| method=GET status=200 uri=/api/v1/status latency_human="262.803µs"
2026-07-12 04:12:36 |TRC| method=GET status=200 uri=/api/v1/status latency_human="195.206µs"
2026-07-12 04:12:38 |TRC| method=GET status=200 uri=/api/v1/status latency_human="235.151µs"
2026-07-12 04:12:40 |TRC| method=GET status=200 uri=/api/v1/status latency_human="245.841µs"
2026-07-12 04:12:42 |TRC| method=GET status=200 uri=/api/v1/status latency_human="190.787µs"
2026-07-12 04:12:44 |TRC| method=GET status=200 uri=/api/v1/status latency_human="239.759µs"
2026-07-12 04:12:46 |TRC| method=GET status=200 uri=/api/v1/status latency_human="253.445µs"
2026-07-12 04:12:48 |TRC| method=GET status=200 uri=/api/v1/status latency_human="224.882µs"
2026-07-12 04:12:50 |TRC| method=GET status=200 uri=/api/v1/status latency_human="175.208µs"
2026-07-12 04:12:52 |TRC| method=GET status=200 uri=/api/v1/status latency_human="276.329µs"
2026-07-12 04:12:54 |TRC| method=GET status=200 uri=/api/v1/status latency_human="228.228µs"
2026-07-12 04:12:56 |TRC| method=GET status=200 uri=/api/v1/status latency_human="204.954µs"
2026-07-12 04:12:58 |TRC| method=GET status=200 uri=/api/v1/status latency_human="243.817µs"
2026-07-12 04:13:00 |TRC| method=GET status=200 uri=/api/v1/status latency_human="194.284µs"
2026-07-12 04:13:02 |TRC| method=GET status=200 uri=/api/v1/status latency_human="272.541µs"
2026-07-12 04:13:04 |TRC| method=GET status=200 uri=/api/v1/status latency_human="181.22µs"
2026-07-12 04:13:06 |TRC| method=GET status=200 uri=/api/v1/status latency_human="182.051µs"
2026-07-12 04:13:08 |TRC| method=GET status=200 uri=/api/v1/status latency_human="189.255µs"
2026-07-12 04:13:10 |TRC| method=GET status=200 uri=/api/v1/status latency_human="253.866µs"
2026-07-12 04:13:12 |TRC| method=GET status=200 uri=/api/v1/status latency_human="235.913µs"
2026-07-12 04:13:14 |TRC| method=GET status=200 uri=/api/v1/status latency_human="185.307µs"
2026-07-12 04:13:16 |TRC| method=GET status=200 uri=/api/v1/status latency_human="192.07µs"
2026-07-12 04:13:18 |TRC| method=GET status=200 uri=/api/v1/status latency_human="266.951µs"
2026-07-12 04:13:20 |TRC| method=GET status=200 uri=/api/v1/status latency_human="378.159µs"
2026-07-12 04:13:22 |TRC| method=GET status=200 uri=/api/v1/status latency_human="239.419µs"
2026-07-12 04:13:24 |TRC| method=GET status=200 uri=/api/v1/status latency_human="231.705µs"
2026-07-12 04:13:26 |TRC| method=GET status=200 uri=/api/v1/status latency_human="189.265µs"
2026-07-12 04:13:28 |TRC| method=GET status=200 uri=/api/v1/status latency_human="193.803µs"
2026-07-12 04:13:30 |TRC| method=GET status=200 uri=/api/v1/status latency_human="252.914µs"
2026-07-12 04:13:32 |TRC| method=GET status=200 uri=/api/v1/status latency_human="274.294µs"
2026-07-12 04:13:34 |TRC| method=GET status=200 uri=/api/v1/status latency_human="260.558µs"
2026-07-12 04:13:36 |TRC| method=GET status=200 uri=/api/v1/status latency_human="313.989µs"
2026-07-12 04:13:38 |TRC| method=GET status=200 uri=/api/v1/status latency_human="197.009µs"
2026-07-12 04:13:40 |TRC| method=GET status=200 uri=/api/v1/status latency_human="252.153µs"
2026-07-12 04:13:42 |TRC| method=GET status=200 uri=/api/v1/status latency_human="232.887µs"
2026-07-12 04:13:44 |TRC| method=GET status=200 uri=/api/v1/status latency_human="288.601µs"
2026-07-12 04:13:46 |TRC| method=GET status=200 uri=/api/v1/status latency_human="202.189µs"
2026-07-12 04:13:48 |TRC| method=GET status=200 uri=/api/v1/status latency_human="229.661µs"
2026-07-12 04:13:50 |TRC| method=GET status=200 uri=/api/v1/status latency_human="180.398µs"
2026-07-12 04:13:52 |TRC| method=GET status=200 uri=/api/v1/status latency_human="224.561µs"
2026-07-12 04:13:54 |TRC| method=GET status=200 uri=/api/v1/status latency_human="187.883µs"
2026-07-12 04:13:56 |TRC| method=GET status=200 uri=/api/v1/status latency_human="197.901µs"
2026-07-12 04:13:58 |TRC| method=GET status=200 uri=/api/v1/status latency_human="237.285µs"
2026-07-12 04:14:00 |TRC| method=GET status=200 uri=/api/v1/status latency_human="231.655µs"
2026-07-12 04:14:02 |TRC| method=GET status=200 uri=/api/v1/status latency_human="217.758µs"
2026-07-12 04:14:04 |TRC| method=GET status=200 uri=/api/v1/status latency_human="230.442µs"
2026-07-12 04:14:06 |TRC| method=GET status=200 uri=/api/v1/status latency_human="212.969µs"
2026-07-12 04:14:08 |TRC| method=GET status=200 uri=/api/v1/status latency_human="217.968µs"
2026-07-12 04:14:10 |TRC| method=GET status=200 uri=/api/v1/status latency_human="225.583µs"
2026-07-12 04:14:12 |TRC| method=GET status=200 uri=/api/v1/status latency_human="252.814µs"
2026-07-12 04:14:14 |TRC| method=GET status=200 uri=/api/v1/status latency_human="186.87µs"
2026-07-12 04:14:16 |TRC| method=GET status=200 uri=/api/v1/status latency_human="212.348µs"
2026-07-12 04:14:18 |TRC| method=GET status=200 uri=/api/v1/status latency_human="213.81µs"
2026-07-12 04:14:20 |TRC| method=GET status=200 uri=/api/v1/status latency_human="241.783µs"
2026-07-12 04:14:22 |TRC| method=GET status=200 uri=/api/v1/status latency_human="224.37µs"
2026-07-12 04:14:24 |TRC| method=GET status=200 uri=/api/v1/status latency_human="206.767µs"
2026-07-12 04:14:26 |TRC| method=GET status=200 uri=/api/v1/status latency_human="215.294µs"
2026-07-12 04:14:28 |TRC| method=GET status=200 uri=/api/v1/status latency_human="229.691µs"
2026-07-12 04:14:30 |TRC| method=GET status=200 uri=/api/v1/status latency_human="193.863µs"
2026-07-12 04:14:32 |TRC| method=GET status=200 uri=/api/v1/status latency_human="223.619µs"
2026-07-12 04:14:34 |TRC| method=GET status=200 uri=/api/v1/status latency_human="193.312µs"
2026-07-12 04:14:36 |TRC| method=GET status=200 uri=/api/v1/status latency_human="296.987µs"
2026-07-12 04:14:38 |TRC| method=GET status=200 uri=/api/v1/status latency_human="252.724µs"
2026-07-12 04:14:40 |TRC| method=GET status=200 uri=/api/v1/status latency_human="191.659µs"
2026-07-12 04:14:42 |TRC| method=GET status=200 uri=/api/v1/status latency_human="179.096µs"
2026-07-12 04:14:44 |TRC| method=GET status=200 uri=/api/v1/status latency_human="238.708µs"
2026-07-12 04:14:46 |TRC| method=GET status=200 uri=/api/v1/status latency_human="191.238µs"
2026-07-12 04:14:48 |TRC| method=GET status=200 uri=/api/v1/status latency_human="363.351µs"
2026-07-12 04:14:50 |TRC| method=GET status=200 uri=/api/v1/status latency_human="265.918µs"
2026-07-12 04:14:52 |TRC| method=GET status=200 uri=/api/v1/status latency_human="185.638µs"
2026-07-12 04:14:54 |TRC| method=GET status=200 uri=/api/v1/status latency_human="284.523µs"
2026-07-12 04:14:56 |TRC| method=GET status=200 uri=/api/v1/status latency_human="200.556µs"
2026-07-12 04:14:58 |TRC| method=GET status=200 uri=/api/v1/status latency_human="187.872µs"
2026-07-12 04:15:00 |TRC| method=GET status=200 uri=/api/v1/status latency_human="190.377µs"
2026-07-12 04:15:02 |TRC| method=GET status=200 uri=/api/v1/status latency_human="220.202µs"
2026-07-12 04:15:04 |TRC| method=GET status=200 uri=/api/v1/status latency_human="241.653µs"
2026-07-12 04:15:06 |TRC| method=GET status=200 uri=/api/v1/status latency_human="219.16µs"
2026-07-12 04:15:08 |TRC| method=GET status=200 uri=/api/v1/status latency_human="210.024µs"
2026-07-12 04:15:10 |TRC| method=GET status=200 uri=/api/v1/status latency_human="280.175µs"
2026-07-12 04:15:12 |TRC| method=GET status=200 uri=/api/v1/status latency_human="225.583µs"
2026-07-12 04:15:14 |TRC| method=GET status=200 uri=/api/v1/status latency_human="264.045µs"
2026-07-12 04:15:16 |TRC| method=GET status=200 uri=/api/v1/status latency_human="284.193µs"
2026-07-12 04:15:18 |TRC| method=GET status=200 uri=/api/v1/status latency_human="268.433µs"
2026-07-12 04:15:20 |TRC| method=GET status=200 uri=/api/v1/status latency_human="384.1µs"
2026-07-12 04:15:22 |TRC| method=GET status=200 uri=/api/v1/status latency_human="192.251µs"
2026-07-12 04:15:24 |TRC| method=GET status=200 uri=/api/v1/status latency_human="251.251µs"
2026-07-12 04:15:26 |TRC| method=GET status=200 uri=/api/v1/status latency_human="285.515µs"
2026-07-12 04:15:28 |TRC| method=GET status=200 uri=/api/v1/status latency_human="182.122µs"
2026-07-12 04:15:30 |TRC| method=GET status=200 uri=/api/v1/status latency_human="220.904µs"
2026-07-12 04:15:32 |TRC| method=GET status=200 uri=/api/v1/status latency_human="230.462µs"
2026-07-12 04:15:34 |TRC| method=GET status=200 uri=/api/v1/status latency_human="222.938µs"
2026-07-12 04:15:36 |TRC| method=GET status=200 uri=/api/v1/status latency_human="202.219µs"
2026-07-12 04:15:38 |TRC| method=GET status=200 uri=/api/v1/status latency_human="210.414µs"
2026-07-12 04:15:40 |TRC| method=GET status=200 uri=/api/v1/status latency_human="176.11µs"
2026-07-12 04:15:42 |TRC| method=GET status=200 uri=/api/v1/status latency_human="281.077µs"
2026-07-12 04:15:44 |TRC| method=GET status=200 uri=/api/v1/status latency_human="195.526µs"
2026-07-12 04:15:46 |TRC| method=GET status=200 uri=/api/v1/status latency_human="248.616µs"
2026-07-12 04:15:48 |TRC| method=GET status=200 uri=/api/v1/status latency_human="203.542µs"
2026-07-12 04:15:50 |TRC| method=GET status=200 uri=/api/v1/status latency_human="201.598µs"
2026-07-12 04:15:52 |TRC| method=GET status=200 uri=/api/v1/status latency_human="250.851µs"
2026-07-12 04:15:54 |TRC| method=GET status=200 uri=/api/v1/status latency_human="264.837µs"
2026-07-12 04:15:56 |TRC| method=GET status=200 uri=/api/v1/status latency_human="220.193µs"
2026-07-12 04:15:58 |TRC| method=GET status=200 uri=/api/v1/status latency_human="178.184µs"
2026-07-12 04:16:00 |TRC| method=GET status=200 uri=/api/v1/status latency_human="219.171µs"
2026-07-12 04:16:02 |TRC| method=GET status=200 uri=/api/v1/status latency_human="185.357µs"
2026-07-12 04:16:04 |TRC| method=GET status=200 uri=/api/v1/status latency_human="220.644µs"
2026-07-12 04:16:06 |TRC| method=GET status=200 uri=/api/v1/status latency_human="185.548µs"
2026-07-12 04:16:08 |TRC| method=GET status=200 uri=/api/v1/status latency_human="241.703µs"
2026-07-12 04:16:10 |TRC| method=GET status=200 uri=/api/v1/status latency_human="233.317µs"
2026-07-12 04:16:12 |TRC| method=GET status=200 uri=/api/v1/status latency_human="277.19µs"
2026-07-12 04:16:14 |TRC| method=GET status=200 uri=/api/v1/status latency_human="246.963µs"
2026-07-12 04:16:16 |TRC| method=GET status=200 uri=/api/v1/status latency_human="246.202µs"
2026-07-12 04:16:16 |DBG| anilist > Fetching anime collection
2026-07-12 04:16:16 |TRC| ws > Sending message type=check-for-announcements
2026-07-12 04:16:16 |TRC| method=POST status=200 uri=/api/v1/announcements latency_human="300.794µs"
2026-07-12 04:16:17 |INF| anilist > Successful Request rlr=29 rtt=735ms
2026-07-12 04:16:17 |TRC| ws > Sending message type=refreshed-anilist-anime-collection
2026-07-12 04:16:17 |DBG| anilist > Fetching manga collection
2026-07-12 04:16:17 |TRC| method=GET status=200 uri=/api/v1/library/collection latency_human="156.784µs"
2026-07-12 04:16:17 |TRC| method=GET status=200 uri=/api/v1/library/collection latency_human="153.578µs"
2026-07-12 04:16:17 |TRC| method=GET status=200 uri=/api/v1/anilist/collection latency_human="122.7µs"
2026-07-12 04:16:17 |TRC| method=GET status=200 uri=/api/v1/anilist/collection latency_human="105.087µs"
2026-07-12 04:16:17 |TRC| anilist platform > Fetching anime mediaId=196017
2026-07-12 04:16:17 |TRC| anilist platform > Returning anime from cache
2026-07-12 04:16:17 |TRC| method=GET status=200 uri=/api/v1/library/anime-entry/196017 latency_human="968.355µs"
2026-07-12 04:16:17 |TRC| anilist platform > Fetching anime mediaId=196017
2026-07-12 04:16:17 |TRC| anilist platform > Returning anime from cache
2026-07-12 04:16:17 |TRC| method=GET status=200 uri=/api/v1/library/anime-entry/196017 latency_human="877.736µs"
2026-07-12 04:16:17 |TRC| method=GET status=200 uri=/api/v1/library/missing-episodes latency_human="348.543µs"
2026-07-12 04:16:17 |TRC| method=GET status=200 uri=/api/v1/library/missing-episodes latency_human="129.593µs"
2026-07-12 04:16:17 |INF| anilist > Successful Request rlr=28 rtt=405ms
2026-07-12 04:16:17 |TRC| ws > Sending message type=refreshed-anilist-manga-collection
2026-07-12 04:16:17 |TRC| method=GET status=200 uri=/api/v1/manga/collection latency_human="115.928µs"
2026-07-12 04:16:17 |TRC| method=GET status=200 uri=/api/v1/manga/collection latency_human="147.496µs"
2026-07-12 04:16:18 |TRC| method=GET status=200 uri=/api/v1/status latency_human="311.874µs"
2026-07-12 04:16:20 |TRC| method=GET status=200 uri=/api/v1/status latency_human="262.502µs"
2026-07-12 04:16:22 |TRC| method=GET status=200 uri=/api/v1/status latency_human="210.123µs"
2026-07-12 04:16:24 |TRC| method=GET status=200 uri=/api/v1/status latency_human="193.773µs"
2026-07-12 04:16:26 |TRC| method=GET status=200 uri=/api/v1/status latency_human="296.976µs"
2026-07-12 04:16:28 |TRC| method=GET status=200 uri=/api/v1/status latency_human="291.336µs"
2026-07-12 04:16:30 |TRC| method=GET status=200 uri=/api/v1/status latency_human=1.425392ms
2026-07-12 04:16:32 |TRC| method=GET status=200 uri=/api/v1/status latency_human="211.236µs"
2026-07-12 04:16:34 |TRC| method=GET status=200 uri=/api/v1/status latency_human="199.354µs"
2026-07-12 04:16:36 |TRC| method=GET status=200 uri=/api/v1/status latency_human="231.824µs"
2026-07-12 04:16:38 |TRC| method=GET status=200 uri=/api/v1/status latency_human="180.048µs"
2026-07-12 04:16:40 |TRC| method=GET status=200 uri=/api/v1/status latency_human="186.81µs"
2026-07-12 04:16:42 |TRC| method=GET status=200 uri=/api/v1/status latency_human="190.777µs"
2026-07-12 04:16:44 |TRC| method=GET status=200 uri=/api/v1/status latency_human="190.908µs"
2026-07-12 04:16:46 |TRC| method=GET status=200 uri=/api/v1/status latency_human="244.488µs"
2026-07-12 04:16:48 |TRC| method=GET status=200 uri=/api/v1/status latency_human="255.929µs"
2026-07-12 04:16:50 |TRC| method=GET status=200 uri=/api/v1/status latency_human="292.759µs"
2026-07-12 04:16:52 |TRC| method=GET status=200 uri=/api/v1/status latency_human="258.635µs"
2026-07-12 04:16:54 |TRC| method=GET status=200 uri=/api/v1/status latency_human="233.918µs"
2026-07-12 04:16:56 |TRC| method=GET status=200 uri=/api/v1/status latency_human="267.061µs"
2026-07-12 04:16:58 |TRC| method=GET status=200 uri=/api/v1/status latency_human="204.934µs"
2026-07-12 04:17:00 |TRC| method=GET status=200 uri=/api/v1/status latency_human="231.203µs"
2026-07-12 04:17:02 |TRC| method=GET status=200 uri=/api/v1/status latency_human="189.876µs"
2026-07-12 04:17:04 |TRC| method=GET status=200 uri=/api/v1/status latency_human="210.775µs"
2026-07-12 04:17:06 |TRC| method=GET status=200 uri=/api/v1/status latency_human="220.353µs"
2026-07-12 04:17:08 |TRC| method=GET status=200 uri=/api/v1/status latency_human="228.097µs"
2026-07-12 04:17:10 |TRC| method=GET status=200 uri=/api/v1/status latency_human="180.298µs"
2026-07-12 04:17:12 |TRC| method=GET status=200 uri=/api/v1/status latency_human="188.674µs"
2026-07-12 04:17:14 |TRC| method=GET status=200 uri=/api/v1/status latency_human="184.646µs"
2026-07-12 04:17:16 |TRC| method=GET status=200 uri=/api/v1/status latency_human="208.391µs"
2026-07-12 04:17:18 |TRC| method=GET status=200 uri=/api/v1/status latency_human="273.503µs"
2026-07-12 04:17:20 |TRC| method=GET status=200 uri=/api/v1/status latency_human="336.702µs"
2026-07-12 04:17:22 |TRC| method=GET status=200 uri=/api/v1/status latency_human="244.448µs"
2026-07-12 04:17:24 |TRC| method=GET status=200 uri=/api/v1/status latency_human="211.557µs"
2026-07-12 04:17:26 |TRC| method=GET status=200 uri=/api/v1/status latency_human="200.436µs"
2026-07-12 04:17:28 |TRC| method=GET status=200 uri=/api/v1/status latency_human="278.512µs"
2026-07-12 04:17:30 |TRC| method=GET status=200 uri=/api/v1/status latency_human="211.877µs"
2026-07-12 04:17:32 |TRC| method=GET status=200 uri=/api/v1/status latency_human="205.325µs"
2026-07-12 04:17:34 |TRC| method=GET status=200 uri=/api/v1/status latency_human="240.391µs"
2026-07-12 04:17:36 |TRC| method=GET status=200 uri=/api/v1/status latency_human="235.491µs"
2026-07-12 04:17:38 |TRC| method=GET status=200 uri=/api/v1/status latency_human="219.211µs"
2026-07-12 04:17:40 |TRC| method=GET status=200 uri=/api/v1/status latency_human="220.663µs"
2026-07-12 04:17:42 |TRC| method=GET status=200 uri=/api/v1/status latency_human="203.983µs"
2026-07-12 04:17:44 |TRC| method=GET status=200 uri=/api/v1/status latency_human=9.756289ms
2026-07-12 04:17:46 |TRC| method=GET status=200 uri=/api/v1/status latency_human="237.174µs"
2026-07-12 04:17:48 |TRC| method=GET status=200 uri=/api/v1/status latency_human="203.732µs"
2026-07-12 04:17:50 |TRC| method=GET status=200 uri=/api/v1/status latency_human="223.96µs"
2026-07-12 04:17:52 |TRC| method=GET status=200 uri=/api/v1/status latency_human="195.907µs"
2026-07-12 04:17:54 |TRC| method=GET status=200 uri=/api/v1/status latency_human="184.596µs"
2026-07-12 04:17:56 |TRC| method=GET status=200 uri=/api/v1/status latency_human="258.494µs"
2026-07-12 04:17:58 |TRC| method=GET status=200 uri=/api/v1/status latency_human="267.842µs"
2026-07-12 04:18:00 |TRC| method=GET status=200 uri=/api/v1/status latency_human="294.983µs"
2026-07-12 04:18:02 |TRC| method=GET status=200 uri=/api/v1/status latency_human="244.778µs"
2026-07-12 04:18:04 |TRC| method=GET status=200 uri=/api/v1/status latency_human="259.497µs"
2026-07-12 04:18:06 |TRC| method=GET status=200 uri=/api/v1/status latency_human="249.568µs"
2026-07-12 04:18:08 |TRC| method=GET status=200 uri=/api/v1/status latency_human="195.076µs"
2026-07-12 04:18:10 |TRC| method=GET status=200 uri=/api/v1/status latency_human="192.782µs"
2026-07-12 04:18:12 |TRC| method=GET status=200 uri=/api/v1/status latency_human="331.191µs"
2026-07-12 04:18:14 |TRC| method=GET status=200 uri=/api/v1/status latency_human="260.017µs"
2026-07-12 04:18:16 |TRC| method=GET status=200 uri=/api/v1/status latency_human="210.354µs"
2026-07-12 04:18:18 |TRC| method=GET status=200 uri=/api/v1/status latency_human="215.935µs"
2026-07-12 04:18:20 |TRC| method=GET status=200 uri=/api/v1/status latency_human="193.813µs"
2026-07-12 04:18:22 |TRC| method=GET status=200 uri=/api/v1/status latency_human="208.792µs"
2026-07-12 04:18:24 |TRC| method=GET status=200 uri=/api/v1/status latency_human="243.596µs"
2026-07-12 04:18:26 |TRC| method=GET status=200 uri=/api/v1/status latency_human="258.465µs"
2026-07-12 04:18:28 |TRC| method=GET status=200 uri=/api/v1/status latency_human="251.392µs"
2026-07-12 04:18:30 |TRC| method=GET status=200 uri=/api/v1/status latency_human="182.432µs"
2026-07-12 04:18:32 |TRC| method=GET status=200 uri=/api/v1/status latency_human="229.46µs"
2026-07-12 04:18:34 |TRC| method=GET status=200 uri=/api/v1/status latency_human="277.701µs"
2026-07-12 04:18:36 |TRC| method=GET status=200 uri=/api/v1/status latency_human="246.171µs"
2026-07-12 04:18:38 |TRC| method=GET status=200 uri=/api/v1/status latency_human="178.254µs"
2026-07-12 04:18:40 |TRC| method=GET status=200 uri=/api/v1/status latency_human="263.344µs"
2026-07-12 04:18:42 |TRC| method=GET status=200 uri=/api/v1/status latency_human=1.944896ms
2026-07-12 04:18:44 |TRC| method=GET status=200 uri=/api/v1/status latency_human="198.332µs"
2026-07-12 04:18:46 |TRC| method=GET status=200 uri=/api/v1/status latency_human=4.081631ms
2026-07-12 04:18:48 |TRC| method=GET status=200 uri=/api/v1/status latency_human="203.291µs"
2026-07-12 04:18:50 |TRC| method=GET status=200 uri=/api/v1/status latency_human="187.641µs"
2026-07-12 04:18:52 |TRC| method=GET status=200 uri=/api/v1/status latency_human="263.815µs"
2026-07-12 04:18:54 |TRC| method=GET status=200 uri=/api/v1/status latency_human="211.286µs"
2026-07-12 04:18:56 |TRC| method=GET status=200 uri=/api/v1/status latency_human="198.763µs"
2026-07-12 04:18:58 |TRC| method=GET status=200 uri=/api/v1/status latency_human="207.689µs"
2026-07-12 04:19:00 |TRC| method=GET status=200 uri=/api/v1/status latency_human="364.915µs"
2026-07-12 04:19:02 |TRC| method=GET status=200 uri=/api/v1/status latency_human="232.596µs"
2026-07-12 04:19:04 |TRC| method=GET status=200 uri=/api/v1/status latency_human="244.698µs"
2026-07-12 04:19:06 |TRC| method=GET status=200 uri=/api/v1/status latency_human="274.184µs"
2026-07-12 04:19:08 |TRC| method=GET status=200 uri=/api/v1/status latency_human="216.496µs"
2026-07-12 04:19:10 |TRC| method=GET status=200 uri=/api/v1/status latency_human="256.1µs"
2026-07-12 04:19:12 |TRC| method=GET status=200 uri=/api/v1/status latency_human="267.201µs"
2026-07-12 04:19:14 |TRC| method=GET status=200 uri=/api/v1/status latency_human="223.148µs"
2026-07-12 04:19:16 |TRC| method=GET status=200 uri=/api/v1/status latency_human="188.924µs"
2026-07-12 04:19:18 |TRC| method=GET status=200 uri=/api/v1/status latency_human="284.894µs"
2026-07-12 04:19:20 |TRC| method=GET status=200 uri=/api/v1/status latency_human="297.508µs"
2026-07-12 04:19:22 |TRC| method=GET status=200 uri=/api/v1/status latency_human="254.327µs"
2026-07-12 04:19:24 |TRC| method=GET status=200 uri=/api/v1/status latency_human="235.952µs"
2026-07-12 04:19:26 |TRC| method=GET status=200 uri=/api/v1/status latency_human="221.916µs"
2026-07-12 04:19:28 |TRC| method=GET status=200 uri=/api/v1/status latency_human="240.671µs"
2026-07-12 04:19:30 |TRC| method=GET status=200 uri=/api/v1/status latency_human="218.83µs"
2026-07-12 04:19:32 |TRC| method=GET status=200 uri=/api/v1/status latency_human="254.908µs"
2026-07-12 04:19:34 |TRC| method=GET status=200 uri=/api/v1/status latency_human="245.32µs"
2026-07-12 04:19:36 |TRC| method=GET status=200 uri=/api/v1/status latency_human="198.442µs"
2026-07-12 04:19:38 |TRC| method=GET status=200 uri=/api/v1/status latency_human="186.45µs"
2026-07-12 04:19:40 |TRC| method=GET status=200 uri=/api/v1/status latency_human="248.997µs"
2026-07-12 04:19:42 |TRC| method=GET status=200 uri=/api/v1/status latency_human="267.862µs"
2026-07-12 04:19:44 |TRC| method=GET status=200 uri=/api/v1/status latency_human="228.598µs"
2026-07-12 04:19:46 |TRC| method=GET status=200 uri=/api/v1/status latency_human="230.693µs"
2026-07-12 04:19:48 |TRC| method=GET status=200 uri=/api/v1/status latency_human="201.739µs"
2026-07-12 04:19:50 |TRC| method=GET status=200 uri=/api/v1/status latency_human="263.214µs"
2026-07-12 04:19:52 |TRC| method=GET status=200 uri=/api/v1/status latency_human="229.73µs"
2026-07-12 04:19:54 |TRC| method=GET status=200 uri=/api/v1/status latency_human="190.607µs"
2026-07-12 04:19:56 |TRC| method=GET status=200 uri=/api/v1/status latency_human="179.266µs"
2026-07-12 04:19:58 |TRC| method=GET status=200 uri=/api/v1/status latency_human="239.9µs"
2026-07-12 04:20:00 |TRC| method=GET status=200 uri=/api/v1/status latency_human="275.817µs"
2026-07-12 04:20:02 |TRC| method=GET status=200 uri=/api/v1/status latency_human="217.517µs"
2026-07-12 04:20:04 |TRC| method=GET status=200 uri=/api/v1/status latency_human="212.949µs"
2026-07-12 04:20:06 |TRC| method=GET status=200 uri=/api/v1/status latency_human="241.873µs"
2026-07-12 04:20:08 |TRC| method=GET status=200 uri=/api/v1/status latency_human="178.294µs"
2026-07-12 04:20:10 |TRC| method=GET status=200 uri=/api/v1/status latency_human="194.805µs"
2026-07-12 04:20:12 |TRC| method=GET status=200 uri=/api/v1/status latency_human="189.676µs"
2026-07-12 04:20:14 |TRC| method=GET status=200 uri=/api/v1/status latency_human="230.602µs"
2026-07-12 04:20:16 |TRC| method=GET status=200 uri=/api/v1/status latency_human="182.682µs"
2026-07-12 04:20:18 |TRC| method=GET status=200 uri=/api/v1/status latency_human="182.692µs"
2026-07-12 04:20:20 |TRC| method=GET status=200 uri=/api/v1/status latency_human="186.259µs"
2026-07-12 04:20:22 |TRC| method=GET status=200 uri=/api/v1/status latency_human="196.518µs"
2026-07-12 04:20:24 |TRC| method=GET status=200 uri=/api/v1/status latency_human="224.151µs"
2026-07-12 04:20:26 |TRC| method=GET status=200 uri=/api/v1/status latency_human="220.644µs"
2026-07-12 04:20:28 |TRC| method=GET status=200 uri=/api/v1/status latency_human="237.886µs"
2026-07-12 04:20:30 |TRC| method=GET status=200 uri=/api/v1/status latency_human="180.899µs"
2026-07-12 04:20:32 |TRC| method=GET status=200 uri=/api/v1/status latency_human="219.822µs"
2026-07-12 04:20:34 |TRC| method=GET status=200 uri=/api/v1/status latency_human="278.782µs"
2026-07-12 04:20:36 |TRC| method=GET status=200 uri=/api/v1/status latency_human="249.287µs"
2026-07-12 04:20:38 |TRC| method=GET status=200 uri=/api/v1/status latency_human="209.884µs"
2026-07-12 04:20:40 |TRC| method=GET status=200 uri=/api/v1/status latency_human="246.512µs"
2026-07-12 04:20:42 |TRC| method=GET status=200 uri=/api/v1/status latency_human="179.457µs"
2026-07-12 04:20:44 |TRC| method=GET status=200 uri=/api/v1/status latency_human="245.48µs"
2026-07-12 04:20:46 |TRC| method=GET status=200 uri=/api/v1/status latency_human="251.982µs"
2026-07-12 04:20:48 |TRC| method=GET status=200 uri=/api/v1/status latency_human="238.497µs"
2026-07-12 04:20:50 |TRC| method=GET status=200 uri=/api/v1/status latency_human="180.288µs"
2026-07-12 04:20:52 |TRC| method=GET status=200 uri=/api/v1/status latency_human="280.676µs"
2026-07-12 04:20:54 |TRC| method=GET status=200 uri=/api/v1/status latency_human="214.031µs"
2026-07-12 04:20:56 |TRC| method=GET status=200 uri=/api/v1/status latency_human="234.018µs"
2026-07-12 04:20:58 |TRC| method=GET status=200 uri=/api/v1/status latency_human="288.231µs"
2026-07-12 04:21:00 |TRC| method=GET status=200 uri=/api/v1/status latency_human="247.605µs"
2026-07-12 04:21:02 |TRC| method=GET status=200 uri=/api/v1/status latency_human="187.451µs"
2026-07-12 04:21:04 |TRC| method=GET status=200 uri=/api/v1/status latency_human="220.433µs"
2026-07-12 04:21:06 |TRC| method=GET status=200 uri=/api/v1/status latency_human="245.029µs"
2026-07-12 04:21:08 |TRC| method=GET status=200 uri=/api/v1/status latency_human="246.993µs"
2026-07-12 04:21:10 |TRC| method=GET status=200 uri=/api/v1/status latency_human="215.283µs"
2026-07-12 04:21:12 |TRC| method=GET status=200 uri=/api/v1/status latency_human="199.604µs"
2026-07-12 04:21:14 |TRC| method=GET status=200 uri=/api/v1/status latency_human="234.99µs"
2026-07-12 04:21:16 |TRC| method=GET status=200 uri=/api/v1/status latency_human="180.919µs"
2026-07-12 04:21:18 |TRC| method=GET status=200 uri=/api/v1/status latency_human="206.978µs"
2026-07-12 04:21:20 |TRC| method=GET status=200 uri=/api/v1/status latency_human="275.235µs"
2026-07-12 04:21:22 |TRC| method=GET status=200 uri=/api/v1/status latency_human="198.543µs"
2026-07-12 04:21:24 |TRC| method=GET status=200 uri=/api/v1/status latency_human="183.273µs"
2026-07-12 04:21:26 |TRC| method=GET status=200 uri=/api/v1/status latency_human="211.988µs"
2026-07-12 04:21:28 |TRC| method=GET status=200 uri=/api/v1/status latency_human="209.283µs"
2026-07-12 04:21:30 |TRC| method=GET status=200 uri=/api/v1/status latency_human="188.002µs"
2026-07-12 04:21:32 |TRC| method=GET status=200 uri=/api/v1/status latency_human="228.368µs"
2026-07-12 04:21:34 |TRC| method=GET status=200 uri=/api/v1/status latency_human="255.93µs"
2026-07-12 04:21:36 |TRC| method=GET status=200 uri=/api/v1/status latency_human="254.898µs"
2026-07-12 04:21:38 |TRC| method=GET status=200 uri=/api/v1/status latency_human="187.131µs"
2026-07-12 04:21:40 |TRC| method=GET status=200 uri=/api/v1/status latency_human="253.255µs"
2026-07-12 04:21:42 |TRC| method=GET status=200 uri=/api/v1/status latency_human="183.815µs"
2026-07-12 04:21:44 |TRC| method=GET status=200 uri=/api/v1/status latency_human="252.263µs"
2026-07-12 04:21:46 |TRC| method=GET status=200 uri=/api/v1/status latency_human="189.065µs"
2026-07-12 04:21:48 |TRC| method=GET status=200 uri=/api/v1/status latency_human="225.763µs"
2026-07-12 04:21:50 |TRC| method=GET status=200 uri=/api/v1/status latency_human="272.09µs"
2026-07-12 04:21:52 |TRC| method=GET status=200 uri=/api/v1/status latency_human="263.784µs"
2026-07-12 04:21:54 |TRC| method=GET status=200 uri=/api/v1/status latency_human="175.168µs"
2026-07-12 04:21:56 |TRC| method=GET status=200 uri=/api/v1/status latency_human="249.378µs"
2026-07-12 04:21:58 |TRC| method=GET status=200 uri=/api/v1/status latency_human="280.405µs"
2026-07-12 04:22:00 |TRC| method=GET status=200 uri=/api/v1/status latency_human="198.392µs"
2026-07-12 04:22:02 |TRC| method=GET status=200 uri=/api/v1/status latency_human="257.242µs"
2026-07-12 04:22:04 |TRC| method=GET status=200 uri=/api/v1/status latency_human="261.05µs"
2026-07-12 04:22:06 |TRC| method=GET status=200 uri=/api/v1/status latency_human="255.419µs"
2026-07-12 04:22:08 |TRC| method=GET status=200 uri=/api/v1/status latency_human="248.937µs"
2026-07-12 04:22:10 |TRC| method=GET status=200 uri=/api/v1/status latency_human="251.322µs"
2026-07-12 04:22:12 |TRC| method=GET status=200 uri=/api/v1/status latency_human="198.191µs"
2026-07-12 04:22:14 |TRC| method=GET status=200 uri=/api/v1/status latency_human="295.234µs"
2026-07-12 04:22:16 |TRC| method=GET status=200 uri=/api/v1/status latency_human="267.802µs"
2026-07-12 04:22:18 |TRC| method=GET status=200 uri=/api/v1/status latency_human="248.005µs"
2026-07-12 04:22:20 |TRC| method=GET status=200 uri=/api/v1/status latency_human="195.366µs"
2026-07-12 04:22:22 |TRC| method=GET status=200 uri=/api/v1/status latency_human="264.095µs"
2026-07-12 04:22:24 |TRC| method=GET status=200 uri=/api/v1/status latency_human="310.963µs"
2026-07-12 04:22:26 |TRC| method=GET status=200 uri=/api/v1/status latency_human="204.584µs"
2026-07-12 04:22:28 |TRC| method=GET status=200 uri=/api/v1/status latency_human="195.497µs"
2026-07-12 04:22:30 |TRC| method=GET status=200 uri=/api/v1/status latency_human="351.388µs"
2026-07-12 04:22:32 |TRC| method=GET status=200 uri=/api/v1/status latency_human="223.76µs"
2026-07-12 04:22:34 |TRC| method=GET status=200 uri=/api/v1/status latency_human="222.106µs"
2026-07-12 04:22:36 |TRC| method=GET status=200 uri=/api/v1/status latency_human="188.163µs"
2026-07-12 04:22:38 |TRC| method=GET status=200 uri=/api/v1/status latency_human="201.398µs"
2026-07-12 04:22:40 |TRC| method=GET status=200 uri=/api/v1/status latency_human="265.448µs"
2026-07-12 04:22:42 |TRC| method=GET status=200 uri=/api/v1/status latency_human="192.31µs"
2026-07-12 04:22:44 |TRC| method=GET status=200 uri=/api/v1/status latency_human="226.314µs"
2026-07-12 04:22:46 |TRC| method=GET status=200 uri=/api/v1/status latency_human="188.473µs"
2026-07-12 04:22:48 |TRC| method=GET status=200 uri=/api/v1/status latency_human="187.131µs"
2026-07-12 04:22:50 |TRC| method=GET status=200 uri=/api/v1/status latency_human="186.239µs"
2026-07-12 04:22:52 |TRC| method=GET status=200 uri=/api/v1/status latency_human="201.488µs"
2026-07-12 04:22:54 |TRC| method=GET status=200 uri=/api/v1/status latency_human="201.277µs"
2026-07-12 04:22:56 |TRC| method=GET status=200 uri=/api/v1/status latency_human="228.498µs"
2026-07-12 04:22:58 |TRC| method=GET status=200 uri=/api/v1/status latency_human="209.603µs"
2026-07-12 04:23:00 |TRC| method=GET status=200 uri=/api/v1/status latency_human="210.365µs"
2026-07-12 04:23:02 |TRC| method=GET status=200 uri=/api/v1/status latency_human="174.187µs"
2026-07-12 04:23:04 |TRC| method=GET status=200 uri=/api/v1/status latency_human="262.332µs"
2026-07-12 04:23:06 |TRC| method=GET status=200 uri=/api/v1/status latency_human="195.436µs"
2026-07-12 04:23:08 |TRC| method=GET status=200 uri=/api/v1/status latency_human="197.791µs"
2026-07-12 04:23:10 |TRC| method=GET status=200 uri=/api/v1/status latency_human="504.496µs"
2026-07-12 04:23:12 |TRC| method=GET status=200 uri=/api/v1/status latency_human="438.522µs"
2026-07-12 04:23:14 |TRC| method=GET status=200 uri=/api/v1/status latency_human="510.668µs"
2026-07-12 04:23:16 |TRC| method=GET status=200 uri=/api/v1/status latency_human="244.017µs"
2026-07-12 04:23:18 |TRC| method=GET status=200 uri=/api/v1/status latency_human="247.484µs"
2026-07-12 04:23:20 |TRC| method=GET status=200 uri=/api/v1/status latency_human="266.92µs"
2026-07-12 04:23:22 |TRC| method=GET status=200 uri=/api/v1/status latency_human="191.639µs"
2026-07-12 04:23:24 |TRC| method=GET status=200 uri=/api/v1/status latency_human="237.936µs"
2026-07-12 04:23:26 |TRC| method=GET status=200 uri=/api/v1/status latency_human="266.129µs"
2026-07-12 04:23:28 |TRC| method=GET status=200 uri=/api/v1/status latency_human="246.863µs"
2026-07-12 04:23:30 |TRC| method=GET status=200 uri=/api/v1/status latency_human="264.666µs"
2026-07-12 04:23:32 |TRC| method=GET status=200 uri=/api/v1/status latency_human="393.588µs"
2026-07-12 04:23:34 |TRC| method=GET status=200 uri=/api/v1/status latency_human="237.115µs"
2026-07-12 04:23:36 |TRC| method=GET status=200 uri=/api/v1/status latency_human="217.939µs"
2026-07-12 04:23:38 |TRC| method=GET status=200 uri=/api/v1/status latency_human="209.943µs"
2026-07-12 04:23:40 |TRC| method=GET status=200 uri=/api/v1/status latency_human="206.738µs"
2026-07-12 04:23:42 |TRC| method=GET status=200 uri=/api/v1/status latency_human="349.034µs"
2026-07-12 04:23:44 |TRC| method=GET status=200 uri=/api/v1/status latency_human="242.094µs"
2026-07-12 04:23:46 |TRC| method=GET status=200 uri=/api/v1/status latency_human="301.575µs"
2026-07-12 04:23:48 |TRC| method=GET status=200 uri=/api/v1/status latency_human="222.037µs"
2026-07-12 04:23:50 |TRC| method=GET status=200 uri=/api/v1/status latency_human="200.445µs"
2026-07-12 04:23:52 |TRC| method=GET status=200 uri=/api/v1/status latency_human="147.076µs"
2026-07-12 04:23:54 |TRC| method=GET status=200 uri=/api/v1/status latency_human="210.785µs"
2026-07-12 04:23:56 |TRC| method=GET status=200 uri=/api/v1/status latency_human="191.168µs"
2026-07-12 04:23:58 |TRC| method=GET status=200 uri=/api/v1/status latency_human="241.904µs"
2026-07-12 04:24:00 |TRC| method=GET status=200 uri=/api/v1/status latency_human="252.914µs"
2026-07-12 04:24:02 |TRC| method=GET status=200 uri=/api/v1/status latency_human="180.508µs"
2026-07-12 04:24:04 |TRC| method=GET status=200 uri=/api/v1/status latency_human="185.067µs"
2026-07-12 04:24:06 |TRC| method=GET status=200 uri=/api/v1/status latency_human="224.551µs"
2026-07-12 04:24:08 |TRC| method=GET status=200 uri=/api/v1/status latency_human="198.923µs"
2026-07-12 04:24:10 |TRC| method=GET status=200 uri=/api/v1/status latency_human="208.361µs"
2026-07-12 04:24:12 |TRC| method=GET status=200 uri=/api/v1/status latency_human="198.161µs"
2026-07-12 04:24:14 |TRC| method=GET status=200 uri=/api/v1/status latency_human="191.319µs"
2026-07-12 04:24:16 |TRC| method=GET status=200 uri=/api/v1/status latency_human="272.471µs"
2026-07-12 04:24:18 |TRC| method=GET status=200 uri=/api/v1/status latency_human="205.996µs"
2026-07-12 04:24:20 |TRC| method=GET status=200 uri=/api/v1/status latency_human="204.113µs"
2026-07-12 04:24:22 |TRC| method=GET status=200 uri=/api/v1/status latency_human="230.332µs"
2026-07-12 04:24:24 |TRC| method=GET status=200 uri=/api/v1/status latency_human="191.449µs"
2026-07-12 04:24:26 |TRC| method=GET status=200 uri=/api/v1/status latency_human="188.935µs"
2026-07-12 04:24:28 |TRC| method=GET status=200 uri=/api/v1/status latency_human=4.290032ms
2026-07-12 04:24:30 |TRC| method=GET status=200 uri=/api/v1/status latency_human="228.759µs"
2026-07-12 04:24:32 |TRC| method=GET status=200 uri=/api/v1/status latency_human="197.55µs"
2026-07-12 04:24:34 |TRC| method=GET status=200 uri=/api/v1/status latency_human="232.807µs"
2026-07-12 04:24:36 |TRC| method=GET status=200 uri=/api/v1/status latency_human="214.783µs"
2026-07-12 04:24:38 |TRC| method=GET status=200 uri=/api/v1/status latency_human="194.464µs"
2026-07-12 04:24:40 |TRC| method=GET status=200 uri=/api/v1/status latency_human="216.576µs"
2026-07-12 04:24:42 |TRC| method=GET status=200 uri=/api/v1/status latency_human="256.12µs"
2026-07-12 04:24:44 |TRC| method=GET status=200 uri=/api/v1/status latency_human="223.98µs"
2026-07-12 04:24:46 |TRC| method=GET status=200 uri=/api/v1/status latency_human="221.185µs"
2026-07-12 04:24:48 |TRC| method=GET status=200 uri=/api/v1/status latency_human="182.502µs"
2026-07-12 04:24:50 |TRC| method=GET status=200 uri=/api/v1/status latency_human="253.956µs"
2026-07-12 04:24:52 |TRC| method=GET status=200 uri=/api/v1/status latency_human="239.309µs"
2026-07-12 04:24:54 |TRC| method=GET status=200 uri=/api/v1/status latency_human="258.615µs"
2026-07-12 04:24:56 |TRC| method=GET status=200 uri=/api/v1/status latency_human="366.196µs"
2026-07-12 04:24:58 |TRC| method=GET status=200 uri=/api/v1/status latency_human="241.092µs"
2026-07-12 04:25:00 |TRC| method=GET status=200 uri=/api/v1/status latency_human="181.601µs"
2026-07-12 04:25:02 |TRC| method=GET status=200 uri=/api/v1/status latency_human="236.173µs"
2026-07-12 04:25:04 |TRC| method=GET status=200 uri=/api/v1/status latency_human="234.169µs"
2026-07-12 04:25:06 |TRC| method=GET status=200 uri=/api/v1/status latency_human="259.046µs"
2026-07-12 04:25:08 |TRC| method=GET status=200 uri=/api/v1/status latency_human="218.339µs"
2026-07-12 04:25:10 |TRC| method=GET status=200 uri=/api/v1/status latency_human="254.898µs"
2026-07-12 04:25:12 |TRC| method=GET status=200 uri=/api/v1/status latency_human="215.965µs"
2026-07-12 04:25:14 |TRC| method=GET status=200 uri=/api/v1/status latency_human="211.857µs"
2026-07-12 04:25:16 |TRC| method=GET status=200 uri=/api/v1/status latency_human="220.593µs"
2026-07-12 04:25:18 |TRC| method=GET status=200 uri=/api/v1/status latency_human="205.194µs"
2026-07-12 04:25:20 |TRC| method=GET status=200 uri=/api/v1/status latency_human="460.754µs"
2026-07-12 04:25:22 |TRC| method=GET status=200 uri=/api/v1/status latency_human="291.627µs"
2026-07-12 04:25:24 |TRC| method=GET status=200 uri=/api/v1/status latency_human="283.301µs"
2026-07-12 04:25:26 |TRC| method=GET status=200 uri=/api/v1/status latency_human="431.018µs"
2026-07-12 04:25:28 |TRC| method=GET status=200 uri=/api/v1/status latency_human="248.456µs"
